sample_id,dataset,modality,subject,split,node_count,edge_count
sample_000021_0117,ixi,mra,IXI071-Guys-0770-MRA_IXI-Guys,train,239,261
sample_000117_0119,ixi,mra,IXI274-HH-2294-MRA_IXI-HH,val,235,247
sample_000073_0032,ixi,mra,IXI165-HH-1589-MRA_IXI-HH,train,228,260
sample_000046_0069,ixi,mra,IXI107-Guys-0761-MRA_IXI-Guys,val,228,251
sample_000073_0033,ixi,mra,IXI165-HH-1589-MRA_IXI-HH,train,224,235
sample_000121_0119,ixi,mra,IXI280-HH-1860-MRA_IXI-HH,train,221,225
sample_000058_0067,ixi,mra,IXI131-HH-1527-MRA_IXI-HH,val,221,256
sample_000094_0067,ixi,mra,IXI218-HH-1815-MRA_IXI-HH,test,221,257
sample_000058_0085,ixi,mra,IXI131-HH-1527-MRA_IXI-HH,val,219,255
sample_000037_0032,ixi,mra,IXI096-HH-1391-MRA_IXI-HH,train,218,246
sample_000107_0011,ixi,mra,IXI254-HH-1705-MRA_IXI-HH,train,214,230
sample_000117_0117,ixi,mra,IXI274-HH-2294-MRA_IXI-HH,val,213,227
sample_000101_0075,ixi,mra,IXI241-Guys-0833-MRA_IXI-Guys,test,211,233
sample_000041_0011,ixi,mra,IXI102-HH-1416-MRA_IXI-HH,train,208,225
sample_000041_0113,ixi,mra,IXI102-HH-1416-MRA_IXI-HH,train,205,221
sample_000069_0069,ixi,mra,IXI159-HH-1549-MRA_IXI-HH,train,204,217
sample_000059_0119,ixi,mra,IXI132-HH-1415-MRA_IXI-HH,train,201,217
sample_000104_0011,ixi,mra,IXI248-HH-1972-MRA_IXI-HH,test,201,209
sample_000004_0033,ixi,mra,IXI039-HH-1261-MRA_IXI-HH,train,198,227
sample_000112_0011,ixi,mra,IXI265-Guys-0845-MRA_IXI-Guys,train,198,206
sample_000059_0069,ixi,mra,IXI132-HH-1415-MRA_IXI-HH,train,197,216
sample_000117_0029,ixi,mra,IXI274-HH-2294-MRA_IXI-HH,val,197,200
sample_000070_0101,ixi,mra,IXI160-HH-1637-MRA_IXI-HH,train,196,200
sample_000107_0029,ixi,mra,IXI254-HH-1705-MRA_IXI-HH,train,196,211
sample_000113_0135,ixi,mra,IXI267-HH-1772-MRA_IXI-HH,train,196,197
sample_000144_0075,ixi,mra,IXI395-IOP-0969-MRA_IXI-IOP,train,196,221
sample_000046_0067,ixi,mra,IXI107-Guys-0761-MRA_IXI-Guys,val,196,219
sample_000057_0075,ixi,mra,IXI130-HH-1528-MRA_IXI-HH,test,196,228
sample_000064_0067,ixi,mra,IXI144-Guys-0788-MRA_IXI-Guys,train,195,229
sample_000059_0101,ixi,mra,IXI132-HH-1415-MRA_IXI-HH,train,194,211
sample_000070_0011,ixi,mra,IXI160-HH-1637-MRA_IXI-HH,train,194,190
sample_000079_0061,ixi,mra,IXI174-HH-1571-MRA_IXI-HH,train,194,215
sample_000117_0101,ixi,mra,IXI274-HH-2294-MRA_IXI-HH,val,194,202
sample_000070_0119,ixi,mra,IXI160-HH-1637-MRA_IXI-HH,train,193,200
sample_000108_0009,ixi,mra,IXI256-HH-1723-MRA_IXI-HH,train,193,207
sample_000043_0027,ixi,mra,IXI104-HH-1450-MRA_IXI-HH,train,192,204
sample_000106_0101,ixi,mra,IXI253-HH-1694-MRA_IXI-HH,train,192,205
sample_000121_0117,ixi,mra,IXI280-HH-1860-MRA_IXI-HH,train,192,205
sample_000076_0131,ixi,mra,IXI168-HH-1607-MRA_IXI-HH,val,192,204
sample_000094_0069,ixi,mra,IXI218-HH-1815-MRA_IXI-HH,test,192,211
sample_000041_0133,ixi,mra,IXI102-HH-1416-MRA_IXI-HH,train,191,203
sample_000069_0067,ixi,mra,IXI159-HH-1549-MRA_IXI-HH,train,191,216
sample_000058_0069,ixi,mra,IXI131-HH-1527-MRA_IXI-HH,val,191,213
sample_000054_0101,ixi,mra,IXI127-HH-1451-MRA_IXI-HH,test,191,207
sample_000021_0119,ixi,mra,IXI071-Guys-0770-MRA_IXI-Guys,train,190,188
sample_000070_0100,ixi,mra,IXI160-HH-1637-MRA_IXI-HH,train,190,205
sample_000121_0011,ixi,mra,IXI280-HH-1860-MRA_IXI-HH,train,190,192
sample_000058_0029,ixi,mra,IXI131-HH-1527-MRA_IXI-HH,val,190,200
sample_000058_0087,ixi,mra,IXI131-HH-1527-MRA_IXI-HH,val,190,211
sample_000037_0033,ixi,mra,IXI096-HH-1391-MRA_IXI-HH,train,189,196
sample_000061_0119,ixi,mra,IXI136-HH-1452-MRA_IXI-HH,train,189,192
sample_000054_0011,ixi,mra,IXI127-HH-1451-MRA_IXI-HH,test,188,191
sample_000054_0119,ixi,mra,IXI127-HH-1451-MRA_IXI-HH,test,188,199
sample_000121_0118,ixi,mra,IXI280-HH-1860-MRA_IXI-HH,train,187,194
sample_000104_0029,ixi,mra,IXI248-HH-1972-MRA_IXI-HH,test,187,196
sample_000070_0067,ixi,mra,IXI160-HH-1637-MRA_IXI-HH,train,186,208
sample_000074_0009,ixi,mra,IXI166-Guys-0846-MRA_IXI-Guys,train,186,191
sample_000111_0101,ixi,mra,IXI263-HH-1684-MRA_IXI-HH,train,186,187
sample_000069_0119,ixi,mra,IXI159-HH-1549-MRA_IXI-HH,train,185,182
sample_000112_0009,ixi,mra,IXI265-Guys-0845-MRA_IXI-Guys,train,185,193
sample_000076_0011,ixi,mra,IXI168-HH-1607-MRA_IXI-HH,val,185,185
sample_000120_0119,ixi,mra,IXI278-HH-1771-MRA_IXI-HH,val,185,190
sample_000144_0074,ixi,mra,IXI395-IOP-0969-MRA_IXI-IOP,train,184,210
sample_000080_0011,ixi,mra,IXI176-HH-1604-MRA_IXI-HH,val,184,194
sample_000117_0009,ixi,mra,IXI274-HH-2294-MRA_IXI-HH,val,184,196
sample_000117_0011,ixi,mra,IXI274-HH-2294-MRA_IXI-HH,val,184,192
sample_000069_0118,ixi,mra,IXI159-HH-1549-MRA_IXI-HH,train,183,196
sample_000104_0067,ixi,mra,IXI248-HH-1972-MRA_IXI-HH,test,183,198
sample_000123_0011,ixi,mra,IXI290-IOP-0874-MRA_IXI-IOP,test,183,211
sample_000075_0129,ixi,mra,IXI167-HH-1569-MRA_IXI-HH,train,182,186
sample_000121_0100,ixi,mra,IXI280-HH-1860-MRA_IXI-HH,train,182,195
sample_000062_0103,ixi,mra,IXI137-HH-1472-MRA_IXI-HH,train,181,195
sample_000138_0067,ixi,mra,IXI347-IOP-0927-MRA_IXI-IOP,train,181,209
sample_000059_0103,ixi,mra,IXI132-HH-1415-MRA_IXI-HH,train,180,189
sample_000069_0100,ixi,mra,IXI159-HH-1549-MRA_IXI-HH,train,180,203
sample_000077_0119,ixi,mra,IXI170-Guys-0843-MRA_IXI-Guys,train,180,183
sample_000095_0028,ixi,mra,IXI219-Guys-0894-MRA_IXI-Guys,train,179,189
sample_000107_0009,ixi,mra,IXI254-HH-1705-MRA_IXI-HH,train,179,189
sample_000021_0116,ixi,mra,IXI071-Guys-0770-MRA_IXI-Guys,train,178,194
sample_000041_0031,ixi,mra,IXI102-HH-1416-MRA_IXI-HH,train,178,191
sample_000059_0029,ixi,mra,IXI132-HH-1415-MRA_IXI-HH,train,178,190
sample_000062_0101,ixi,mra,IXI137-HH-1472-MRA_IXI-HH,train,178,187
sample_000072_0112,ixi,mra,IXI163-HH-1621-MRA_IXI-HH,train,178,200
sample_000108_0011,ixi,mra,IXI256-HH-1723-MRA_IXI-HH,train,178,184
sample_000121_0101,ixi,mra,IXI280-HH-1860-MRA_IXI-HH,train,178,180
sample_000147_0069,ixi,mra,IXI425-IOP-0988-MRA_IXI-IOP,val,178,201
sample_000037_0013,ixi,mra,IXI096-HH-1391-MRA_IXI-HH,train,177,183
sample_000103_0119,ixi,mra,IXI246-Guys-0840-MRA_IXI-Guys,train,177,171
sample_000120_0121,ixi,mra,IXI278-HH-1771-MRA_IXI-HH,val,177,183
sample_000123_0028,ixi,mra,IXI290-IOP-0874-MRA_IXI-IOP,test,177,203
sample_000062_0119,ixi,mra,IXI137-HH-1472-MRA_IXI-HH,train,176,178
sample_000073_0112,ixi,mra,IXI165-HH-1589-MRA_IXI-HH,train,176,194
sample_000108_0069,ixi,mra,IXI256-HH-1723-MRA_IXI-HH,train,176,197
sample_000138_0064,ixi,mra,IXI347-IOP-0927-MRA_IXI-IOP,train,176,205
sample_000104_0069,ixi,mra,IXI248-HH-1972-MRA_IXI-HH,test,176,188
sample_000104_0119,ixi,mra,IXI248-HH-1972-MRA_IXI-HH,test,176,184
sample_000069_0102,ixi,mra,IXI159-HH-1549-MRA_IXI-HH,train,175,197
sample_000121_0102,ixi,mra,IXI280-HH-1860-MRA_IXI-HH,train,175,195
sample_000006_0067,ixi,mra,IXI043-Guys-0714-MRA_IXI-Guys,val,175,207
sample_000036_0101,ixi,mra,IXI095-HH-1390-MRA_IXI-HH,train,174,187
sample_000073_0035,ixi,mra,IXI165-HH-1589-MRA_IXI-HH,train,174,177
sample_000079_0009,ixi,mra,IXI174-HH-1571-MRA_IXI-HH,train,174,177
sample_000107_0031,ixi,mra,IXI254-HH-1705-MRA_IXI-HH,train,174,180
sample_000051_0069,ixi,mra,IXI121-Guys-0772-MRA_IXI-Guys,val,174,190
sample_000058_0121,ixi,mra,IXI131-HH-1527-MRA_IXI-HH,val,174,183
sample_000054_0100,ixi,mra,IXI127-HH-1451-MRA_IXI-HH,test,174,190
sample_000101_0077,ixi,mra,IXI241-Guys-0833-MRA_IXI-Guys,test,174,184
sample_000050_0105,ixi,mra,IXI119-Guys-0765-MRA_IXI-Guys,train,173,173
sample_000107_0060,ixi,mra,IXI254-HH-1705-MRA_IXI-HH,train,173,186
sample_000120_0069,ixi,mra,IXI278-HH-1771-MRA_IXI-HH,val,173,184
sample_000004_0013,ixi,mra,IXI039-HH-1261-MRA_IXI-HH,train,172,182
sample_000036_0119,ixi,mra,IXI095-HH-1390-MRA_IXI-HH,train,172,186
sample_000060_0069,ixi,mra,IXI135-Guys-0779-MRA_IXI-Guys,train,172,196
sample_000073_0013,ixi,mra,IXI165-HH-1589-MRA_IXI-HH,train,172,171
sample_000097_0030,ixi,mra,IXI226-HH-1618-MRA_IXI-HH,train,172,189
sample_000107_0028,ixi,mra,IXI254-HH-1705-MRA_IXI-HH,train,172,189
sample_000122_0011,ixi,mra,IXI282-HH-2025-MRA_IXI-HH,train,172,174
sample_000117_0118,ixi,mra,IXI274-HH-2294-MRA_IXI-HH,val,172,193
sample_000147_0102,ixi,mra,IXI425-IOP-0988-MRA_IXI-IOP,val,172,204
sample_000123_0010,ixi,mra,IXI290-IOP-0874-MRA_IXI-IOP,test,172,197
sample_000041_0013,ixi,mra,IXI102-HH-1416-MRA_IXI-HH,train,171,185
sample_000064_0009,ixi,mra,IXI144-Guys-0788-MRA_IXI-Guys,train,171,183
sample_000069_0060,ixi,mra,IXI159-HH-1549-MRA_IXI-HH,train,171,176
sample_000107_0010,ixi,mra,IXI254-HH-1705-MRA_IXI-HH,train,171,188
sample_000110_0030,ixi,mra,IXI262-HH-1861-MRA_IXI-HH,train,171,182
sample_000122_0067,ixi,mra,IXI282-HH-2025-MRA_IXI-HH,train,171,203
sample_000028_0067,ixi,mra,IXI084-Guys-0741-MRA_IXI-Guys,test,171,191
sample_000041_0112,ixi,mra,IXI102-HH-1416-MRA_IXI-HH,train,170,193
sample_000067_0105,ixi,mra,IXI150-HH-1550-MRA_IXI-HH,train,170,168
sample_000088_0009,ixi,mra,IXI201-HH-1588-MRA_IXI-HH,train,170,171
sample_000107_0119,ixi,mra,IXI254-HH-1705-MRA_IXI-HH,train,170,173
sample_000111_0119,ixi,mra,IXI263-HH-1684-MRA_IXI-HH,train,170,176
sample_000113_0011,ixi,mra,IXI267-HH-1772-MRA_IXI-HH,train,170,166
sample_000046_0117,ixi,mra,IXI107-Guys-0761-MRA_IXI-Guys,val,170,171
sample_000070_0030,ixi,mra,IXI160-HH-1637-MRA_IXI-HH,train,169,190
sample_000074_0011,ixi,mra,IXI166-Guys-0846-MRA_IXI-Guys,train,169,173
sample_000079_0024,ixi,mra,IXI174-HH-1571-MRA_IXI-HH,train,169,181
sample_000096_0061,ixi,mra,IXI222-Guys-0819-MRA_IXI-Guys,train,169,182
sample_000107_0078,ixi,mra,IXI254-HH-1705-MRA_IXI-HH,train,169,188
sample_000150_0069,ixi,mra,IXI462-IOP-1042-MRA_IXI-IOP,train,169,196
sample_000080_0031,ixi,mra,IXI176-HH-1604-MRA_IXI-HH,val,169,176
sample_000166_0067,ixi,mra,IXI580-IOP-1157-MRA_IXI-IOP,val,169,201
sample_000066_0119,ixi,mra,IXI148-HH-1453-MRA_IXI-HH,test,169,171
sample_000062_0031,ixi,mra,IXI137-HH-1472-MRA_IXI-HH,train,168,181
sample_000097_0010,ixi,mra,IXI226-HH-1618-MRA_IXI-HH,train,168,176
sample_000023_0009,ixi,mra,IXI074-Guys-0771-MRA_IXI-Guys,val,168,166
sample_000086_0010,ixi,mra,IXI196-Guys-0805-MRA_IXI-Guys,val,168,177
sample_000101_0011,ixi,mra,IXI241-Guys-0833-MRA_IXI-Guys,test,168,165
sample_000018_0118,ixi,mra,IXI068-Guys-0756-MRA_IXI-Guys,train,167,178
sample_000049_0010,ixi,mra,IXI113-Guys-0776-MRA_IXI-Guys,train,167,182
sample_000079_0025,ixi,mra,IXI174-HH-1571-MRA_IXI-HH,train,167,179
sample_000144_0112,ixi,mra,IXI395-IOP-0969-MRA_IXI-IOP,train,167,188
sample_000080_0030,ixi,mra,IXI176-HH-1604-MRA_IXI-HH,val,167,179
sample_000041_0032,ixi,mra,IXI102-HH-1416-MRA_IXI-HH,train,166,183
sample_000043_0026,ixi,mra,IXI104-HH-1450-MRA_IXI-HH,train,166,176
sample_000085_0011,ixi,mra,IXI195-HH-1620-MRA_IXI-HH,train,166,171
sample_000096_0009,ixi,mra,IXI222-Guys-0819-MRA_IXI-Guys,train,166,168
sample_000113_0029,ixi,mra,IXI267-HH-1772-MRA_IXI-HH,train,166,169
sample_000121_0103,ixi,mra,IXI280-HH-1860-MRA_IXI-HH,train,166,169
sample_000121_0121,ixi,mra,IXI280-HH-1860-MRA_IXI-HH,train,166,166
sample_000154_0011,ixi,mra,IXI475-IOP-1139-MRA_IXI-IOP,train,166,172
sample_000086_0117,ixi,mra,IXI196-Guys-0805-MRA_IXI-Guys,val,166,174
sample_000115_0118,ixi,mra,IXI269-Guys-0839-MRA_IXI-Guys,val,166,189
sample_000120_0087,ixi,mra,IXI278-HH-1771-MRA_IXI-HH,val,166,171
sample_000044_0101,ixi,mra,IXI105-HH-1471-MRA_IXI-HH,train,165,177
sample_000064_0069,ixi,mra,IXI144-Guys-0788-MRA_IXI-Guys,train,165,181
sample_000072_0113,ixi,mra,IXI163-HH-1621-MRA_IXI-HH,train,165,171
sample_000077_0117,ixi,mra,IXI170-Guys-0843-MRA_IXI-Guys,train,165,157
sample_000095_0010,ixi,mra,IXI219-Guys-0894-MRA_IXI-Guys,train,165,165
sample_000107_0100,ixi,mra,IXI254-HH-1705-MRA_IXI-HH,train,165,175
sample_000150_0066,ixi,mra,IXI462-IOP-1042-MRA_IXI-IOP,train,165,192
sample_000120_0011,ixi,mra,IXI278-HH-1771-MRA_IXI-HH,val,165,163
sample_000094_0030,ixi,mra,IXI218-HH-1815-MRA_IXI-HH,test,165,184
sample_000061_0067,ixi,mra,IXI136-HH-1452-MRA_IXI-HH,train,164,192
sample_000064_0011,ixi,mra,IXI144-Guys-0788-MRA_IXI-Guys,train,164,170
sample_000067_0009,ixi,mra,IXI150-HH-1550-MRA_IXI-HH,train,164,167
sample_000067_0103,ixi,mra,IXI150-HH-1550-MRA_IXI-HH,train,164,165
sample_000069_0062,ixi,mra,IXI159-HH-1549-MRA_IXI-HH,train,164,170
sample_000069_0064,ixi,mra,IXI159-HH-1549-MRA_IXI-HH,train,164,182
sample_000069_0120,ixi,mra,IXI159-HH-1549-MRA_IXI-HH,train,164,172
sample_000072_0133,ixi,mra,IXI163-HH-1621-MRA_IXI-HH,train,164,172
sample_000074_0010,ixi,mra,IXI166-Guys-0846-MRA_IXI-Guys,train,164,180
sample_000078_0067,ixi,mra,IXI173-HH-1590-MRA_IXI-HH,train,164,184
sample_000111_0117,ixi,mra,IXI263-HH-1684-MRA_IXI-HH,train,164,158
sample_000144_0077,ixi,mra,IXI395-IOP-0969-MRA_IXI-IOP,train,164,177
sample_000084_0069,ixi,mra,IXI194-Guys-0818-MRA_IXI-Guys,val,164,173
sample_000084_0118,ixi,mra,IXI194-Guys-0818-MRA_IXI-Guys,val,164,181
sample_000059_0011,ixi,mra,IXI132-HH-1415-MRA_IXI-HH,train,163,170
sample_000070_0009,ixi,mra,IXI160-HH-1637-MRA_IXI-HH,train,163,160
sample_000070_0028,ixi,mra,IXI160-HH-1637-MRA_IXI-HH,train,163,175
sample_000070_0102,ixi,mra,IXI160-HH-1637-MRA_IXI-HH,train,163,189
sample_000088_0011,ixi,mra,IXI201-HH-1588-MRA_IXI-HH,train,163,159
sample_000071_0119,ixi,mra,IXI162-HH-1548-MRA_IXI-HH,val,163,171
sample_000076_0009,ixi,mra,IXI168-HH-1607-MRA_IXI-HH,val,163,164
sample_000115_0137,ixi,mra,IXI269-Guys-0839-MRA_IXI-Guys,val,163,167
sample_000147_0103,ixi,mra,IXI425-IOP-0988-MRA_IXI-IOP,val,163,176
sample_000020_0100,ixi,mra,IXI070-Guys-0767-MRA_IXI-Guys,train,162,175
sample_000065_0060,ixi,mra,IXI146-HH-1389-MRA_IXI-HH,train,162,169
sample_000085_0131,ixi,mra,IXI195-HH-1620-MRA_IXI-HH,train,162,166
sample_000107_0101,ixi,mra,IXI254-HH-1705-MRA_IXI-HH,train,162,161
sample_000115_0011,ixi,mra,IXI269-Guys-0839-MRA_IXI-Guys,val,162,162
sample_000037_0011,ixi,mra,IXI096-HH-1391-MRA_IXI-HH,train,161,161
sample_000037_0132,ixi,mra,IXI096-HH-1391-MRA_IXI-HH,train,161,179
sample_000047_0028,ixi,mra,IXI111-Guys-0734-MRA_IXI-Guys,train,161,176
sample_000050_0009,ixi,mra,IXI119-Guys-0765-MRA_IXI-Guys,train,161,159
sample_000055_0011,ixi,mra,IXI128-HH-1470-MRA_IXI-HH,train,161,153
sample_000070_0103,ixi,mra,IXI160-HH-1637-MRA_IXI-HH,train,161,168
sample_000073_0031,ixi,mra,IXI165-HH-1589-MRA_IXI-HH,train,161,171
sample_000113_0133,ixi,mra,IXI267-HH-1772-MRA_IXI-HH,train,161,155
sample_000138_0066,ixi,mra,IXI347-IOP-0927-MRA_IXI-IOP,train,161,185
sample_000148_0033,ixi,mra,IXI426-IOP-1011-MRA_IXI-IOP,train,161,173
sample_000080_0013,ixi,mra,IXI176-HH-1604-MRA_IXI-HH,val,161,159
sample_000117_0028,ixi,mra,IXI274-HH-2294-MRA_IXI-HH,val,161,169
sample_000094_0028,ixi,mra,IXI218-HH-1815-MRA_IXI-HH,test,161,178
sample_000044_0103,ixi,mra,IXI105-HH-1471-MRA_IXI-HH,train,160,166
sample_000073_0034,ixi,mra,IXI165-HH-1589-MRA_IXI-HH,train,160,177
sample_000078_0069,ixi,mra,IXI173-HH-1590-MRA_IXI-HH,train,160,172
sample_000097_0011,ixi,mra,IXI226-HH-1618-MRA_IXI-HH,train,160,159
sample_000097_0028,ixi,mra,IXI226-HH-1618-MRA_IXI-HH,train,160,167
sample_000103_0009,ixi,mra,IXI246-Guys-0840-MRA_IXI-Guys,train,160,167
sample_000105_0007,ixi,mra,IXI252-HH-1693-MRA_IXI-HH,train,160,161
sample_000106_0011,ixi,mra,IXI253-HH-1694-MRA_IXI-HH,train,160,156
sample_000136_0132,ixi,mra,IXI340-IOP-0915-MRA_IXI-IOP,train,160,183
sample_000023_0007,ixi,mra,IXI074-Guys-0771-MRA_IXI-Guys,val,160,164
sample_000115_0135,ixi,mra,IXI269-Guys-0839-MRA_IXI-Guys,val,160,165
sample_000117_0031,ixi,mra,IXI274-HH-2294-MRA_IXI-HH,val,160,162
sample_000033_0013,ixi,mra,IXI092-HH-1436-MRA_IXI-HH,train,159,163
sample_000041_0009,ixi,mra,IXI102-HH-1416-MRA_IXI-HH,train,159,155
sample_000061_0101,ixi,mra,IXI136-HH-1452-MRA_IXI-HH,train,159,172
sample_000064_0100,ixi,mra,IXI144-Guys-0788-MRA_IXI-Guys,train,159,173
sample_000069_0011,ixi,mra,IXI159-HH-1549-MRA_IXI-HH,train,159,166
sample_000070_0118,ixi,mra,IXI160-HH-1637-MRA_IXI-HH,train,159,172
sample_000073_0077,ixi,mra,IXI165-HH-1589-MRA_IXI-HH,train,159,172
sample_000150_0067,ixi,mra,IXI462-IOP-1042-MRA_IXI-IOP,train,159,192
sample_000028_0069,ixi,mra,IXI084-Guys-0741-MRA_IXI-Guys,test,159,168
sample_000002_0101,ixi,mra,IXI034-HH-1260-MRA_IXI-HH,train,158,167
sample_000008_0075,ixi,mra,IXI048-HH-1326-MRA_IXI-HH,train,158,179
sample_000018_0117,ixi,mra,IXI068-Guys-0756-MRA_IXI-Guys,train,158,155
sample_000041_0077,ixi,mra,IXI102-HH-1416-MRA_IXI-HH,train,158,175
sample_000072_0013,ixi,mra,IXI163-HH-1621-MRA_IXI-HH,train,158,158
sample_000073_0133,ixi,mra,IXI165-HH-1589-MRA_IXI-HH,train,158,153
sample_000079_0026,ixi,mra,IXI174-HH-1571-MRA_IXI-HH,train,158,171
sample_000085_0013,ixi,mra,IXI195-HH-1620-MRA_IXI-HH,train,158,156
sample_000023_0027,ixi,mra,IXI074-Guys-0771-MRA_IXI-Guys,val,158,166
sample_000080_0029,ixi,mra,IXI176-HH-1604-MRA_IXI-HH,val,158,171
sample_000086_0069,ixi,mra,IXI196-Guys-0805-MRA_IXI-Guys,val,158,174
sample_000149_0067,ixi,mra,IXI430-IOP-0990-MRA_IXI-IOP,val,158,184
sample_000054_0009,ixi,mra,IXI127-HH-1451-MRA_IXI-HH,test,158,162
sample_000104_0087,ixi,mra,IXI248-HH-1972-MRA_IXI-HH,test,158,152
sample_000000_0075,ixi,mra,IXI013-HH-1212-MRA_IXI-HH,train,157,174
sample_000041_0033,ixi,mra,IXI102-HH-1416-MRA_IXI-HH,train,157,172
sample_000053_0100,ixi,mra,IXI123-Guys-0774-MRA_IXI-Guys,train,157,173
sample_000059_0118,ixi,mra,IXI132-HH-1415-MRA_IXI-HH,train,157,170
sample_000060_0117,ixi,mra,IXI135-Guys-0779-MRA_IXI-Guys,train,157,149
sample_000069_0028,ixi,mra,IXI159-HH-1549-MRA_IXI-HH,train,157,176
sample_000073_0011,ixi,mra,IXI165-HH-1589-MRA_IXI-HH,train,157,158
sample_000073_0113,ixi,mra,IXI165-HH-1589-MRA_IXI-HH,train,157,158
sample_000095_0100,ixi,mra,IXI219-Guys-0894-MRA_IXI-Guys,train,157,167
sample_000121_0009,ixi,mra,IXI280-HH-1860-MRA_IXI-HH,train,157,162
sample_000004_0113,ixi,mra,IXI039-HH-1261-MRA_IXI-HH,train,156,163
sample_000033_0033,ixi,mra,IXI092-HH-1436-MRA_IXI-HH,train,156,158
sample_000036_0103,ixi,mra,IXI095-HH-1390-MRA_IXI-HH,train,156,157
sample_000044_0011,ixi,mra,IXI105-HH-1471-MRA_IXI-HH,train,156,166
sample_000062_0067,ixi,mra,IXI137-HH-1472-MRA_IXI-HH,train,156,172
sample_000063_0066,ixi,mra,IXI140-Guys-0787-MRA_IXI-Guys,train,156,181
sample_000069_0029,ixi,mra,IXI159-HH-1549-MRA_IXI-HH,train,156,161
sample_000069_0046,ixi,mra,IXI159-HH-1549-MRA_IXI-HH,train,156,168
sample_000088_0067,ixi,mra,IXI201-HH-1588-MRA_IXI-HH,train,156,177
sample_000122_0009,ixi,mra,IXI282-HH-2025-MRA_IXI-HH,train,156,150
sample_000120_0028,ixi,mra,IXI278-HH-1771-MRA_IXI-HH,val,156,174
sample_000003_0100,ixi,mra,IXI035-IOP-0873-MRA_IXI-IOP,test,156,170
sample_000101_0074,ixi,mra,IXI241-Guys-0833-MRA_IXI-Guys,test,156,179
sample_000123_0029,ixi,mra,IXI290-IOP-0874-MRA_IXI-IOP,test,156,176
sample_000041_0115,ixi,mra,IXI102-HH-1416-MRA_IXI-HH,train,155,160
sample_000070_0010,ixi,mra,IXI160-HH-1637-MRA_IXI-HH,train,155,157
sample_000110_0009,ixi,mra,IXI262-HH-1861-MRA_IXI-HH,train,155,155
sample_000122_0101,ixi,mra,IXI282-HH-2025-MRA_IXI-HH,train,155,156
sample_000150_0030,ixi,mra,IXI462-IOP-1042-MRA_IXI-IOP,train,155,172
sample_000152_0067,ixi,mra,IXI469-IOP-1136-MRA_IXI-IOP,train,155,181
sample_000152_0085,ixi,mra,IXI469-IOP-1136-MRA_IXI-IOP,train,155,181
sample_000076_0111,ixi,mra,IXI168-HH-1607-MRA_IXI-HH,val,155,166
sample_000084_0087,ixi,mra,IXI194-Guys-0818-MRA_IXI-Guys,val,155,164
sample_000120_0029,ixi,mra,IXI278-HH-1771-MRA_IXI-HH,val,155,158
sample_000147_0051,ixi,mra,IXI425-IOP-0988-MRA_IXI-IOP,val,155,171
sample_000104_0085,ixi,mra,IXI248-HH-1972-MRA_IXI-HH,test,155,143
sample_000004_0068,ixi,mra,IXI039-HH-1261-MRA_IXI-HH,train,154,151
sample_000009_0135,ixi,mra,IXI050-Guys-0711-MRA_IXI-Guys,train,154,151
sample_000032_0013,ixi,mra,IXI091-Guys-0762-MRA_IXI-Guys,train,154,146
sample_000064_0010,ixi,mra,IXI144-Guys-0788-MRA_IXI-Guys,train,154,168
sample_000065_0062,ixi,mra,IXI146-HH-1389-MRA_IXI-HH,train,154,155
sample_000078_0117,ixi,mra,IXI173-HH-1590-MRA_IXI-HH,train,154,153
sample_000083_0117,ixi,mra,IXI189-Guys-0799-MRA_IXI-Guys,train,154,152
sample_000085_0133,ixi,mra,IXI195-HH-1620-MRA_IXI-HH,train,154,151
sample_000087_0009,ixi,mra,IXI197-Guys-0811-MRA_IXI-Guys,train,154,154
sample_000087_0118,ixi,mra,IXI197-Guys-0811-MRA_IXI-Guys,train,154,156
sample_000106_0060,ixi,mra,IXI253-HH-1694-MRA_IXI-HH,train,154,150
sample_000058_0031,ixi,mra,IXI131-HH-1527-MRA_IXI-HH,val,154,160
sample_000117_0100,ixi,mra,IXI274-HH-2294-MRA_IXI-HH,val,154,172
sample_000147_0028,ixi,mra,IXI425-IOP-0988-MRA_IXI-IOP,val,154,174
sample_000094_0031,ixi,mra,IXI218-HH-1815-MRA_IXI-HH,test,154,157
sample_000104_0010,ixi,mra,IXI248-HH-1972-MRA_IXI-HH,test,154,160
sample_000018_0069,ixi,mra,IXI068-Guys-0756-MRA_IXI-Guys,train,153,160
sample_000021_0099,ixi,mra,IXI071-Guys-0770-MRA_IXI-Guys,train,153,168
sample_000030_0032,ixi,mra,IXI086-Guys-0728-MRA_IXI-Guys,train,153,168
sample_000036_0100,ixi,mra,IXI095-HH-1390-MRA_IXI-HH,train,153,176
sample_000043_0091,ixi,mra,IXI104-HH-1450-MRA_IXI-HH,train,153,163
sample_000060_0067,ixi,mra,IXI135-Guys-0779-MRA_IXI-Guys,train,153,167
sample_000074_0028,ixi,mra,IXI166-Guys-0846-MRA_IXI-Guys,train,153,175
sample_000107_0030,ixi,mra,IXI254-HH-1705-MRA_IXI-HH,train,153,162
sample_000136_0133,ixi,mra,IXI340-IOP-0915-MRA_IXI-IOP,train,153,166
sample_000150_0100,ixi,mra,IXI462-IOP-1042-MRA_IXI-IOP,train,153,173
sample_000120_0118,ixi,mra,IXI278-HH-1771-MRA_IXI-HH,val,153,152
sample_000066_0118,ixi,mra,IXI148-HH-1453-MRA_IXI-HH,test,153,163
sample_000127_0028,ixi,mra,IXI294-IOP-0868-MRA_IXI-IOP,test,153,161
sample_000021_0118,ixi,mra,IXI071-Guys-0770-MRA_IXI-Guys,train,152,161
sample_000059_0100,ixi,mra,IXI132-HH-1415-MRA_IXI-HH,train,152,166
sample_000069_0061,ixi,mra,IXI159-HH-1549-MRA_IXI-HH,train,152,157
sample_000079_0008,ixi,mra,IXI174-HH-1571-MRA_IXI-HH,train,152,156
sample_000095_0008,ixi,mra,IXI219-Guys-0894-MRA_IXI-Guys,train,152,161
sample_000096_0077,ixi,mra,IXI222-Guys-0819-MRA_IXI-Guys,train,152,163
sample_000102_0067,ixi,mra,IXI242-HH-1722-MRA_IXI-HH,train,152,163
sample_000111_0031,ixi,mra,IXI263-HH-1684-MRA_IXI-HH,train,152,157
sample_000111_0103,ixi,mra,IXI263-HH-1684-MRA_IXI-HH,train,152,150
sample_000112_0029,ixi,mra,IXI265-Guys-0845-MRA_IXI-Guys,train,152,155
sample_000130_0100,ixi,mra,IXI307-IOP-0872-MRA_IXI-IOP,train,152,165
sample_000019_0100,ixi,mra,IXI069-Guys-0769-MRA_IXI-Guys,val,152,169
sample_000071_0011,ixi,mra,IXI162-HH-1548-MRA_IXI-HH,val,152,161
sample_000086_0066,ixi,mra,IXI196-Guys-0805-MRA_IXI-Guys,val,152,172
sample_000094_0062,ixi,mra,IXI218-HH-1815-MRA_IXI-HH,test,152,161
sample_000034_0011,ixi,mra,IXI093-HH-1359-MRA_IXI-HH,train,151,154
sample_000041_0132,ixi,mra,IXI102-HH-1416-MRA_IXI-HH,train,151,167
sample_000047_0010,ixi,mra,IXI111-Guys-0734-MRA_IXI-Guys,train,151,155
sample_000072_0011,ixi,mra,IXI163-HH-1621-MRA_IXI-HH,train,151,152
sample_000112_0028,ixi,mra,IXI265-Guys-0845-MRA_IXI-Guys,train,151,166
sample_000113_0009,ixi,mra,IXI267-HH-1772-MRA_IXI-HH,train,151,145
sample_000121_0013,ixi,mra,IXI280-HH-1860-MRA_IXI-HH,train,151,153
sample_000046_0066,ixi,mra,IXI107-Guys-0761-MRA_IXI-Guys,val,151,167
sample_000084_0028,ixi,mra,IXI194-Guys-0818-MRA_IXI-Guys,val,151,161
sample_000086_0067,ixi,mra,IXI196-Guys-0805-MRA_IXI-Guys,val,151,168
sample_000120_0137,ixi,mra,IXI278-HH-1771-MRA_IXI-HH,val,151,146
sample_000149_0085,ixi,mra,IXI430-IOP-0990-MRA_IXI-IOP,val,151,173
sample_000016_0009,ixi,mra,IXI065-Guys-0744-MRA_IXI-Guys,test,151,146
sample_000032_0011,ixi,mra,IXI091-Guys-0762-MRA_IXI-Guys,train,150,143
sample_000047_0135,ixi,mra,IXI111-Guys-0734-MRA_IXI-Guys,train,150,155
sample_000059_0102,ixi,mra,IXI132-HH-1415-MRA_IXI-HH,train,150,165
sample_000062_0030,ixi,mra,IXI137-HH-1472-MRA_IXI-HH,train,150,163
sample_000064_0118,ixi,mra,IXI144-Guys-0788-MRA_IXI-Guys,train,150,159
sample_000083_0010,ixi,mra,IXI189-Guys-0799-MRA_IXI-Guys,train,150,151
sample_000088_0060,ixi,mra,IXI201-HH-1588-MRA_IXI-HH,train,150,158
sample_000112_0010,ixi,mra,IXI265-Guys-0845-MRA_IXI-Guys,train,150,164
sample_000113_0119,ixi,mra,IXI267-HH-1772-MRA_IXI-HH,train,150,155
sample_000148_0113,ixi,mra,IXI426-IOP-1011-MRA_IXI-IOP,train,150,155
sample_000154_0028,ixi,mra,IXI475-IOP-1139-MRA_IXI-IOP,train,150,158
sample_000154_0029,ixi,mra,IXI475-IOP-1139-MRA_IXI-IOP,train,150,153
sample_000051_0028,ixi,mra,IXI121-Guys-0772-MRA_IXI-Guys,val,150,170
sample_000120_0085,ixi,mra,IXI278-HH-1771-MRA_IXI-HH,val,150,161
sample_000147_0011,ixi,mra,IXI425-IOP-0988-MRA_IXI-IOP,val,150,158
sample_000031_0013,ixi,mra,IXI087-Guys-0768-MRA_IXI-Guys,test,150,146
sample_000048_0118,ixi,mra,IXI112-Guys-0735-MRA_IXI-Guys,test,150,172
sample_000057_0077,ixi,mra,IXI130-HH-1528-MRA_IXI-HH,test,150,158
sample_000081_0100,ixi,mra,IXI177-Guys-0831-MRA_IXI-Guys,test,150,174
sample_000104_0028,ixi,mra,IXI248-HH-1972-MRA_IXI-HH,test,150,159
sample_000104_0100,ixi,mra,IXI248-HH-1972-MRA_IXI-HH,test,150,162
sample_000037_0012,ixi,mra,IXI096-HH-1391-MRA_IXI-HH,train,149,160
sample_000037_0133,ixi,mra,IXI096-HH-1391-MRA_IXI-HH,train,149,153
sample_000044_0119,ixi,mra,IXI105-HH-1471-MRA_IXI-HH,train,149,153
sample_000059_0028,ixi,mra,IXI132-HH-1415-MRA_IXI-HH,train,149,158
sample_000059_0060,ixi,mra,IXI132-HH-1415-MRA_IXI-HH,train,149,154
sample_000060_0068,ixi,mra,IXI135-Guys-0779-MRA_IXI-Guys,train,149,175
sample_000061_0100,ixi,mra,IXI136-HH-1452-MRA_IXI-HH,train,149,164
sample_000064_0028,ixi,mra,IXI144-Guys-0788-MRA_IXI-Guys,train,149,171
sample_000067_0091,ixi,mra,IXI150-HH-1550-MRA_IXI-HH,train,149,153
sample_000070_0069,ixi,mra,IXI160-HH-1637-MRA_IXI-HH,train,149,159
sample_000097_0117,ixi,mra,IXI226-HH-1618-MRA_IXI-HH,train,149,152
sample_000105_0105,ixi,mra,IXI252-HH-1693-MRA_IXI-HH,train,149,146
sample_000106_0119,ixi,mra,IXI253-HH-1694-MRA_IXI-HH,train,149,151
sample_000107_0013,ixi,mra,IXI254-HH-1705-MRA_IXI-HH,train,149,153
sample_000121_0120,ixi,mra,IXI280-HH-1860-MRA_IXI-HH,train,149,155
sample_000126_0029,ixi,mra,IXI293-IOP-0876-MRA_IXI-IOP,train,149,158
sample_000148_0032,ixi,mra,IXI426-IOP-1011-MRA_IXI-IOP,train,149,162
sample_000150_0028,ixi,mra,IXI462-IOP-1042-MRA_IXI-IOP,train,149,158
sample_000152_0084,ixi,mra,IXI469-IOP-1136-MRA_IXI-IOP,train,149,184
sample_000156_0100,ixi,mra,IXI478-IOP-1142-MRA_IXI-IOP,train,149,168
sample_000094_0066,ixi,mra,IXI218-HH-1815-MRA_IXI-HH,test,149,173
sample_000029_0074,ixi,mra,IXI085-Guys-0759-MRA_IXI-Guys,train,148,168
sample_000034_0009,ixi,mra,IXI093-HH-1359-MRA_IXI-HH,train,148,154
sample_000036_0011,ixi,mra,IXI095-HH-1390-MRA_IXI-HH,train,148,155
sample_000037_0031,ixi,mra,IXI096-HH-1391-MRA_IXI-HH,train,148,153
sample_000041_0131,ixi,mra,IXI102-HH-1416-MRA_IXI-HH,train,148,166
sample_000053_0067,ixi,mra,IXI123-Guys-0774-MRA_IXI-Guys,train,148,169
sample_000059_0121,ixi,mra,IXI132-HH-1415-MRA_IXI-HH,train,148,153
sample_000063_0068,ixi,mra,IXI140-Guys-0787-MRA_IXI-Guys,train,148,170
sample_000070_0062,ixi,mra,IXI160-HH-1637-MRA_IXI-HH,train,148,142
sample_000078_0119,ixi,mra,IXI173-HH-1590-MRA_IXI-HH,train,148,154
sample_000160_0026,ixi,mra,IXI542-IOP-1147-MRA_IXI-IOP,train,148,157
sample_000058_0028,ixi,mra,IXI131-HH-1527-MRA_IXI-HH,val,148,162
sample_000080_0010,ixi,mra,IXI176-HH-1604-MRA_IXI-HH,val,148,159
sample_000066_0029,ixi,mra,IXI148-HH-1453-MRA_IXI-HH,test,148,143
sample_000066_0031,ixi,mra,IXI148-HH-1453-MRA_IXI-HH,test,148,145
sample_000018_0100,ixi,mra,IXI068-Guys-0756-MRA_IXI-Guys,train,147,159
sample_000035_0113,ixi,mra,IXI094-HH-1355-MRA_IXI-HH,train,147,145
sample_000044_0102,ixi,mra,IXI105-HH-1471-MRA_IXI-HH,train,147,160
sample_000069_0085,ixi,mra,IXI159-HH-1549-MRA_IXI-HH,train,147,142
sample_000083_0118,ixi,mra,IXI189-Guys-0799-MRA_IXI-Guys,train,147,156
sample_000085_0032,ixi,mra,IXI195-HH-1620-MRA_IXI-HH,train,147,166
sample_000088_0066,ixi,mra,IXI201-HH-1588-MRA_IXI-HH,train,147,170
sample_000096_0106,ixi,mra,IXI222-Guys-0819-MRA_IXI-Guys,train,147,148
sample_000103_0011,ixi,mra,IXI246-Guys-0840-MRA_IXI-Guys,train,147,151
sample_000105_0009,ixi,mra,IXI252-HH-1693-MRA_IXI-HH,train,147,147
sample_000106_0028,ixi,mra,IXI253-HH-1694-MRA_IXI-HH,train,147,155
sample_000108_0028,ixi,mra,IXI256-HH-1723-MRA_IXI-HH,train,147,163
sample_000111_0029,ixi,mra,IXI263-HH-1684-MRA_IXI-HH,train,147,148
sample_000122_0069,ixi,mra,IXI282-HH-2025-MRA_IXI-HH,train,147,156
sample_000154_0010,ixi,mra,IXI475-IOP-1139-MRA_IXI-IOP,train,147,153
sample_000160_0008,ixi,mra,IXI542-IOP-1147-MRA_IXI-IOP,train,147,143
sample_000023_0011,ixi,mra,IXI074-Guys-0771-MRA_IXI-Guys,val,147,146
sample_000071_0103,ixi,mra,IXI162-HH-1548-MRA_IXI-HH,val,147,157
sample_000084_0119,ixi,mra,IXI194-Guys-0818-MRA_IXI-Guys,val,147,148
sample_000117_0067,ixi,mra,IXI274-HH-2294-MRA_IXI-HH,val,147,154
sample_000117_0116,ixi,mra,IXI274-HH-2294-MRA_IXI-HH,val,147,165
sample_000147_0029,ixi,mra,IXI425-IOP-0988-MRA_IXI-IOP,val,147,153
sample_000018_0119,ixi,mra,IXI068-Guys-0756-MRA_IXI-Guys,train,146,136
sample_000026_0075,ixi,mra,IXI078-Guys-0751-MRA_IXI-Guys,train,146,163
sample_000030_0075,ixi,mra,IXI086-Guys-0728-MRA_IXI-Guys,train,146,158
sample_000059_0009,ixi,mra,IXI132-HH-1415-MRA_IXI-HH,train,146,151
sample_000090_0031,ixi,mra,IXI205-HH-1649-MRA_IXI-HH,train,146,155
sample_000090_0103,ixi,mra,IXI205-HH-1649-MRA_IXI-HH,train,146,152
sample_000102_0117,ixi,mra,IXI242-HH-1722-MRA_IXI-HH,train,146,144
sample_000106_0009,ixi,mra,IXI253-HH-1694-MRA_IXI-HH,train,146,144
sample_000106_0103,ixi,mra,IXI253-HH-1694-MRA_IXI-HH,train,146,147
sample_000113_0117,ixi,mra,IXI267-HH-1772-MRA_IXI-HH,train,146,144
sample_000121_0069,ixi,mra,IXI280-HH-1860-MRA_IXI-HH,train,146,157
sample_000138_0100,ixi,mra,IXI347-IOP-0927-MRA_IXI-IOP,train,146,153
sample_000150_0102,ixi,mra,IXI462-IOP-1042-MRA_IXI-IOP,train,146,165
sample_000051_0100,ixi,mra,IXI121-Guys-0772-MRA_IXI-Guys,val,146,158
sample_000058_0119,ixi,mra,IXI131-HH-1527-MRA_IXI-HH,val,146,152
sample_000076_0112,ixi,mra,IXI168-HH-1607-MRA_IXI-HH,val,146,162
sample_000120_0067,ixi,mra,IXI278-HH-1771-MRA_IXI-HH,val,146,158
sample_000030_0011,ixi,mra,IXI086-Guys-0728-MRA_IXI-Guys,train,145,139
sample_000037_0151,ixi,mra,IXI096-HH-1391-MRA_IXI-HH,train,145,136
sample_000041_0075,ixi,mra,IXI102-HH-1416-MRA_IXI-HH,train,145,161
sample_000043_0090,ixi,mra,IXI104-HH-1450-MRA_IXI-HH,train,145,159
sample_000060_0119,ixi,mra,IXI135-Guys-0779-MRA_IXI-Guys,train,145,138
sample_000069_0117,ixi,mra,IXI159-HH-1549-MRA_IXI-HH,train,145,139
sample_000085_0113,ixi,mra,IXI195-HH-1620-MRA_IXI-HH,train,145,148
sample_000097_0009,ixi,mra,IXI226-HH-1618-MRA_IXI-HH,train,145,137
sample_000102_0069,ixi,mra,IXI242-HH-1722-MRA_IXI-HH,train,145,150
sample_000105_0103,ixi,mra,IXI252-HH-1693-MRA_IXI-HH,train,145,149
sample_000113_0137,ixi,mra,IXI267-HH-1772-MRA_IXI-HH,train,145,146
sample_000121_0029,ixi,mra,IXI280-HH-1860-MRA_IXI-HH,train,145,146
sample_000122_0103,ixi,mra,IXI282-HH-2025-MRA_IXI-HH,train,145,145
sample_000076_0010,ixi,mra,IXI168-HH-1607-MRA_IXI-HH,val,145,156
sample_000080_0028,ixi,mra,IXI176-HH-1604-MRA_IXI-HH,val,145,159
sample_000115_0119,ixi,mra,IXI269-Guys-0839-MRA_IXI-Guys,val,145,151
sample_000117_0059,ixi,mra,IXI274-HH-2294-MRA_IXI-HH,val,145,139
sample_000147_0060,ixi,mra,IXI425-IOP-0988-MRA_IXI-IOP,val,145,152
sample_000089_0103,ixi,mra,IXI202-HH-1526-MRA_IXI-HH,test,145,150
sample_000104_0030,ixi,mra,IXI248-HH-1972-MRA_IXI-HH,test,145,160
sample_000104_0117,ixi,mra,IXI248-HH-1972-MRA_IXI-HH,test,145,146
sample_000026_0131,ixi,mra,IXI078-Guys-0751-MRA_IXI-Guys,train,144,146
sample_000050_0089,ixi,mra,IXI119-Guys-0765-MRA_IXI-Guys,train,144,142
sample_000059_0031,ixi,mra,IXI132-HH-1415-MRA_IXI-HH,train,144,144
sample_000060_0100,ixi,mra,IXI135-Guys-0779-MRA_IXI-Guys,train,144,164
sample_000060_0118,ixi,mra,IXI135-Guys-0779-MRA_IXI-Guys,train,144,151
sample_000067_0054,ixi,mra,IXI150-HH-1550-MRA_IXI-HH,train,144,149
sample_000069_0030,ixi,mra,IXI159-HH-1549-MRA_IXI-HH,train,144,158
sample_000083_0028,ixi,mra,IXI189-Guys-0799-MRA_IXI-Guys,train,144,164
sample_000085_0031,ixi,mra,IXI195-HH-1620-MRA_IXI-HH,train,144,158
sample_000093_0011,ixi,mra,IXI217-HH-1638-MRA_IXI-HH,train,144,148
sample_000102_0119,ixi,mra,IXI242-HH-1722-MRA_IXI-HH,train,144,143
sample_000106_0100,ixi,mra,IXI253-HH-1694-MRA_IXI-HH,train,144,160
sample_000107_0059,ixi,mra,IXI254-HH-1705-MRA_IXI-HH,train,144,148
sample_000108_0067,ixi,mra,IXI256-HH-1723-MRA_IXI-HH,train,144,158
sample_000113_0031,ixi,mra,IXI267-HH-1772-MRA_IXI-HH,train,144,137
sample_000122_0049,ixi,mra,IXI282-HH-2025-MRA_IXI-HH,train,144,160
sample_000128_0100,ixi,mra,IXI305-IOP-0871-MRA_IXI-IOP,train,144,149
sample_000151_0067,ixi,mra,IXI463-IOP-1043-MRA_IXI-IOP,train,144,158
sample_000160_0058,ixi,mra,IXI542-IOP-1147-MRA_IXI-IOP,train,144,158
sample_000040_0119,ixi,mra,IXI100-Guys-0747-MRA_IXI-Guys,val,144,154
sample_000051_0066,ixi,mra,IXI121-Guys-0772-MRA_IXI-Guys,val,144,160
sample_000051_0067,ixi,mra,IXI121-Guys-0772-MRA_IXI-Guys,val,144,160
sample_000115_0136,ixi,mra,IXI269-Guys-0839-MRA_IXI-Guys,val,144,154
sample_000081_0069,ixi,mra,IXI177-Guys-0831-MRA_IXI-Guys,test,144,152
sample_000104_0118,ixi,mra,IXI248-HH-1972-MRA_IXI-HH,test,144,159
sample_000004_0133,ixi,mra,IXI039-HH-1261-MRA_IXI-HH,train,143,144
sample_000011_0061,ixi,mra,IXI055-Guys-0730-MRA_IXI-Guys,train,143,150
sample_000027_0009,ixi,mra,IXI083-HH-1357-MRA_IXI-HH,train,143,146
sample_000032_0129,ixi,mra,IXI091-Guys-0762-MRA_IXI-Guys,train,143,149
sample_000041_0012,ixi,mra,IXI102-HH-1416-MRA_IXI-HH,train,143,157
sample_000055_0028,ixi,mra,IXI128-HH-1470-MRA_IXI-HH,train,143,145
sample_000085_0112,ixi,mra,IXI195-HH-1620-MRA_IXI-HH,train,143,153
sample_000088_0069,ixi,mra,IXI201-HH-1588-MRA_IXI-HH,train,143,156
sample_000091_0029,ixi,mra,IXI207-Guys-0809-MRA_IXI-Guys,train,143,133
sample_000150_0068,ixi,mra,IXI462-IOP-1042-MRA_IXI-IOP,train,143,160
sample_000046_0068,ixi,mra,IXI107-Guys-0761-MRA_IXI-Guys,val,143,159
sample_000076_0013,ixi,mra,IXI168-HH-1607-MRA_IXI-HH,val,143,138
sample_000076_0129,ixi,mra,IXI168-HH-1607-MRA_IXI-HH,val,143,147
sample_000076_0132,ixi,mra,IXI168-HH-1607-MRA_IXI-HH,val,143,154
sample_000086_0009,ixi,mra,IXI196-Guys-0805-MRA_IXI-Guys,val,143,139
sample_000115_0087,ixi,mra,IXI269-Guys-0839-MRA_IXI-Guys,val,143,157
sample_000120_0117,ixi,mra,IXI278-HH-1771-MRA_IXI-HH,val,143,146
sample_000066_0121,ixi,mra,IXI148-HH-1453-MRA_IXI-HH,test,143,142
sample_000104_0031,ixi,mra,IXI248-HH-1972-MRA_IXI-HH,test,143,146
sample_000127_0011,ixi,mra,IXI294-IOP-0868-MRA_IXI-IOP,test,143,149
sample_000029_0058,ixi,mra,IXI085-Guys-0759-MRA_IXI-Guys,train,142,163
sample_000049_0028,ixi,mra,IXI113-Guys-0776-MRA_IXI-Guys,train,142,159
sample_000053_0066,ixi,mra,IXI123-Guys-0774-MRA_IXI-Guys,train,142,163
sample_000053_0118,ixi,mra,IXI123-Guys-0774-MRA_IXI-Guys,train,142,151
sample_000055_0010,ixi,mra,IXI128-HH-1470-MRA_IXI-HH,train,142,138
sample_000075_0131,ixi,mra,IXI167-HH-1569-MRA_IXI-HH,train,142,142
sample_000079_0060,ixi,mra,IXI174-HH-1571-MRA_IXI-HH,train,142,156
sample_000085_0033,ixi,mra,IXI195-HH-1620-MRA_IXI-HH,train,142,150
sample_000092_0011,ixi,mra,IXI214-HH-1636-MRA_IXI-HH,train,142,138
sample_000095_0009,ixi,mra,IXI219-Guys-0894-MRA_IXI-Guys,train,142,144
sample_000152_0069,ixi,mra,IXI469-IOP-1136-MRA_IXI-IOP,train,142,162
sample_000152_0087,ixi,mra,IXI469-IOP-1136-MRA_IXI-IOP,train,142,161
sample_000165_0118,ixi,mra,IXI571-IOP-1154-MRA_IXI-IOP,train,142,143
sample_000019_0118,ixi,mra,IXI069-Guys-0769-MRA_IXI-Guys,val,142,153
sample_000071_0101,ixi,mra,IXI162-HH-1548-MRA_IXI-HH,val,142,156
sample_000086_0087,ixi,mra,IXI196-Guys-0805-MRA_IXI-Guys,val,142,148
sample_000117_0027,ixi,mra,IXI274-HH-2294-MRA_IXI-HH,val,142,152
sample_000147_0068,ixi,mra,IXI425-IOP-0988-MRA_IXI-IOP,val,142,157
sample_000028_0066,ixi,mra,IXI084-Guys-0741-MRA_IXI-Guys,test,142,159
sample_000066_0137,ixi,mra,IXI148-HH-1453-MRA_IXI-HH,test,142,145
sample_000004_0067,ixi,mra,IXI039-HH-1261-MRA_IXI-HH,train,141,146
sample_000008_0113,ixi,mra,IXI048-HH-1326-MRA_IXI-HH,train,141,137
sample_000018_0066,ixi,mra,IXI068-Guys-0756-MRA_IXI-Guys,train,141,168
sample_000032_0032,ixi,mra,IXI091-Guys-0762-MRA_IXI-Guys,train,141,148
sample_000035_0013,ixi,mra,IXI094-HH-1355-MRA_IXI-HH,train,141,141
sample_000043_0011,ixi,mra,IXI104-HH-1450-MRA_IXI-HH,train,141,141
sample_000053_0119,ixi,mra,IXI123-Guys-0774-MRA_IXI-Guys,train,141,136
sample_000062_0011,ixi,mra,IXI137-HH-1472-MRA_IXI-HH,train,141,149
sample_000064_0117,ixi,mra,IXI144-Guys-0788-MRA_IXI-Guys,train,141,136
sample_000067_0089,ixi,mra,IXI150-HH-1550-MRA_IXI-HH,train,141,142
sample_000070_0013,ixi,mra,IXI160-HH-1637-MRA_IXI-HH,train,141,133
sample_000073_0132,ixi,mra,IXI165-HH-1589-MRA_IXI-HH,train,141,142
sample_000088_0117,ixi,mra,IXI201-HH-1588-MRA_IXI-HH,train,141,138
sample_000091_0102,ixi,mra,IXI207-Guys-0809-MRA_IXI-Guys,train,141,145
sample_000095_0067,ixi,mra,IXI219-Guys-0894-MRA_IXI-Guys,train,141,145
sample_000097_0118,ixi,mra,IXI226-HH-1618-MRA_IXI-HH,train,141,150
sample_000106_0029,ixi,mra,IXI253-HH-1694-MRA_IXI-HH,train,141,133
sample_000107_0027,ixi,mra,IXI254-HH-1705-MRA_IXI-HH,train,141,148
sample_000107_0102,ixi,mra,IXI254-HH-1705-MRA_IXI-HH,train,141,147
sample_000108_0010,ixi,mra,IXI256-HH-1723-MRA_IXI-HH,train,141,148
sample_000108_0029,ixi,mra,IXI256-HH-1723-MRA_IXI-HH,train,141,144
sample_000116_0059,ixi,mra,IXI270-Guys-0847-MRA_IXI-Guys,train,141,150
sample_000134_0033,ixi,mra,IXI333-IOP-0926-MRA_IXI-IOP,train,141,153
sample_000080_0012,ixi,mra,IXI176-HH-1604-MRA_IXI-HH,val,141,141
sample_000086_0011,ixi,mra,IXI196-Guys-0805-MRA_IXI-Guys,val,141,139
sample_000166_0049,ixi,mra,IXI580-IOP-1157-MRA_IXI-IOP,val,141,142
sample_000016_0069,ixi,mra,IXI065-Guys-0744-MRA_IXI-Guys,test,141,145
sample_000031_0119,ixi,mra,IXI087-Guys-0768-MRA_IXI-Guys,test,141,144
sample_000094_0101,ixi,mra,IXI218-HH-1815-MRA_IXI-HH,test,141,143
sample_000009_0067,ixi,mra,IXI050-Guys-0711-MRA_IXI-Guys,train,140,154
sample_000009_0137,ixi,mra,IXI050-Guys-0711-MRA_IXI-Guys,train,140,134
sample_000018_0067,ixi,mra,IXI068-Guys-0756-MRA_IXI-Guys,train,140,155
sample_000021_0101,ixi,mra,IXI071-Guys-0770-MRA_IXI-Guys,train,140,138
sample_000024_0030,ixi,mra,IXI076-Guys-0753-MRA_IXI-Guys,train,140,156
sample_000027_0030,ixi,mra,IXI083-HH-1357-MRA_IXI-HH,train,140,151
sample_000029_0077,ixi,mra,IXI085-Guys-0759-MRA_IXI-Guys,train,140,151
sample_000030_0131,ixi,mra,IXI086-Guys-0728-MRA_IXI-Guys,train,140,136
sample_000049_0011,ixi,mra,IXI113-Guys-0776-MRA_IXI-Guys,train,140,140
sample_000070_0031,ixi,mra,IXI160-HH-1637-MRA_IXI-HH,train,140,138
sample_000072_0132,ixi,mra,IXI163-HH-1621-MRA_IXI-HH,train,140,149
sample_000073_0009,ixi,mra,IXI165-HH-1589-MRA_IXI-HH,train,140,134
sample_000075_0128,ixi,mra,IXI167-HH-1569-MRA_IXI-HH,train,140,143
sample_000077_0069,ixi,mra,IXI170-Guys-0843-MRA_IXI-Guys,train,140,146
sample_000093_0067,ixi,mra,IXI217-HH-1638-MRA_IXI-HH,train,140,153
sample_000107_0061,ixi,mra,IXI254-HH-1705-MRA_IXI-HH,train,140,148
sample_000111_0100,ixi,mra,IXI263-HH-1684-MRA_IXI-HH,train,140,146
sample_000119_0061,ixi,mra,IXI277-HH-1770-MRA_IXI-HH,train,140,149
sample_000122_0119,ixi,mra,IXI282-HH-2025-MRA_IXI-HH,train,140,134
sample_000148_0112,ixi,mra,IXI426-IOP-1011-MRA_IXI-IOP,train,140,143
sample_000001_0113,ixi,mra,IXI033-HH-1259-MRA_IXI-HH,val,140,150
sample_000012_0131,ixi,mra,IXI058-Guys-0726-MRA_IXI-Guys,val,140,143
sample_000019_0085,ixi,mra,IXI069-Guys-0769-MRA_IXI-Guys,val,140,154
sample_000051_0030,ixi,mra,IXI121-Guys-0772-MRA_IXI-Guys,val,140,154
sample_000076_0012,ixi,mra,IXI168-HH-1607-MRA_IXI-HH,val,140,149
sample_000115_0029,ixi,mra,IXI269-Guys-0839-MRA_IXI-Guys,val,140,137
sample_000163_0100,ixi,mra,IXI561-IOP-1152-MRA_IXI-IOP,val,140,151
sample_000003_0101,ixi,mra,IXI035-IOP-0873-MRA_IXI-IOP,test,140,152
sample_000094_0029,ixi,mra,IXI218-HH-1815-MRA_IXI-HH,test,140,144
sample_000104_0101,ixi,mra,IXI248-HH-1972-MRA_IXI-HH,test,140,139
sample_000067_0090,ixi,mra,IXI150-HH-1550-MRA_IXI-HH,train,139,149
sample_000069_0059,ixi,mra,IXI159-HH-1549-MRA_IXI-HH,train,139,136
sample_000070_0029,ixi,mra,IXI160-HH-1637-MRA_IXI-HH,train,139,136
sample_000070_0117,ixi,mra,IXI160-HH-1637-MRA_IXI-HH,train,139,145
sample_000073_0012,ixi,mra,IXI165-HH-1589-MRA_IXI-HH,train,139,141
sample_000102_0009,ixi,mra,IXI242-HH-1722-MRA_IXI-HH,train,139,145
sample_000112_0013,ixi,mra,IXI265-Guys-0845-MRA_IXI-Guys,train,139,137
sample_000126_0101,ixi,mra,IXI293-IOP-0876-MRA_IXI-IOP,train,139,140
sample_000151_0066,ixi,mra,IXI463-IOP-1043-MRA_IXI-IOP,train,139,152
sample_000157_0028,ixi,mra,IXI510-IOP-1143-MRA_IXI-IOP,train,139,138
sample_000157_0100,ixi,mra,IXI510-IOP-1143-MRA_IXI-IOP,train,139,148
sample_000076_0072,ixi,mra,IXI168-HH-1607-MRA_IXI-HH,val,139,159
sample_000084_0067,ixi,mra,IXI194-Guys-0818-MRA_IXI-Guys,val,139,150
sample_000117_0069,ixi,mra,IXI274-HH-2294-MRA_IXI-HH,val,139,150
sample_000147_0048,ixi,mra,IXI425-IOP-0988-MRA_IXI-IOP,val,139,147
sample_000054_0117,ixi,mra,IXI127-HH-1451-MRA_IXI-HH,test,139,139
sample_000118_0009,ixi,mra,IXI276-HH-1840-MRA_IXI-HH,test,139,138
sample_000118_0011,ixi,mra,IXI276-HH-1840-MRA_IXI-HH,test,139,142
sample_000029_0060,ixi,mra,IXI085-Guys-0759-MRA_IXI-Guys,train,138,163
sample_000029_0061,ixi,mra,IXI085-Guys-0759-MRA_IXI-Guys,train,138,152
sample_000035_0066,ixi,mra,IXI094-HH-1355-MRA_IXI-HH,train,138,136
sample_000044_0069,ixi,mra,IXI105-HH-1471-MRA_IXI-HH,train,138,144
sample_000077_0118,ixi,mra,IXI170-Guys-0843-MRA_IXI-Guys,train,138,145
sample_000082_0009,ixi,mra,IXI179-Guys-0777-MRA_IXI-Guys,train,138,140
sample_000087_0008,ixi,mra,IXI197-Guys-0811-MRA_IXI-Guys,train,138,144
sample_000095_0069,ixi,mra,IXI219-Guys-0894-MRA_IXI-Guys,train,138,140
sample_000096_0090,ixi,mra,IXI222-Guys-0819-MRA_IXI-Guys,train,138,147
sample_000097_0100,ixi,mra,IXI226-HH-1618-MRA_IXI-HH,train,138,155
sample_000102_0011,ixi,mra,IXI242-HH-1722-MRA_IXI-HH,train,138,141
sample_000103_0100,ixi,mra,IXI246-Guys-0840-MRA_IXI-Guys,train,138,146
sample_000106_0067,ixi,mra,IXI253-HH-1694-MRA_IXI-HH,train,138,150
sample_000109_0119,ixi,mra,IXI258-HH-1769-MRA_IXI-HH,train,138,141
sample_000138_0101,ixi,mra,IXI347-IOP-0927-MRA_IXI-IOP,train,138,142
sample_000150_0084,ixi,mra,IXI462-IOP-1042-MRA_IXI-IOP,train,138,138
sample_000006_0011,ixi,mra,IXI043-Guys-0714-MRA_IXI-Guys,val,138,136
sample_000019_0067,ixi,mra,IXI069-Guys-0769-MRA_IXI-Guys,val,138,156
sample_000023_0025,ixi,mra,IXI074-Guys-0771-MRA_IXI-Guys,val,138,149
sample_000071_0028,ixi,mra,IXI162-HH-1548-MRA_IXI-HH,val,138,151
sample_000120_0120,ixi,mra,IXI278-HH-1771-MRA_IXI-HH,val,138,145
sample_000147_0058,ixi,mra,IXI425-IOP-0988-MRA_IXI-IOP,val,138,134
sample_000031_0011,ixi,mra,IXI087-Guys-0768-MRA_IXI-Guys,test,138,138
sample_000094_0119,ixi,mra,IXI218-HH-1815-MRA_IXI-HH,test,138,132
sample_000008_0012,ixi,mra,IXI048-HH-1326-MRA_IXI-HH,train,137,145
sample_000021_0098,ixi,mra,IXI071-Guys-0770-MRA_IXI-Guys,train,137,150
sample_000025_0089,ixi,mra,IXI077-Guys-0752-MRA_IXI-Guys,train,137,132
sample_000035_0068,ixi,mra,IXI094-HH-1355-MRA_IXI-HH,train,137,130
sample_000036_0118,ixi,mra,IXI095-HH-1390-MRA_IXI-HH,train,137,153
sample_000049_0067,ixi,mra,IXI113-Guys-0776-MRA_IXI-Guys,train,137,155
sample_000056_0077,ixi,mra,IXI129-Guys-0775-MRA_IXI-Guys,train,137,148
sample_000059_0030,ixi,mra,IXI132-HH-1415-MRA_IXI-HH,train,137,144
sample_000061_0064,ixi,mra,IXI136-HH-1452-MRA_IXI-HH,train,137,156
sample_000064_0008,ixi,mra,IXI144-Guys-0788-MRA_IXI-Guys,train,137,149
sample_000064_0029,ixi,mra,IXI144-Guys-0788-MRA_IXI-Guys,train,137,141
sample_000069_0101,ixi,mra,IXI159-HH-1549-MRA_IXI-HH,train,137,133
sample_000069_0121,ixi,mra,IXI159-HH-1549-MRA_IXI-HH,train,137,136
sample_000073_0075,ixi,mra,IXI165-HH-1589-MRA_IXI-HH,train,137,153
sample_000082_0131,ixi,mra,IXI179-Guys-0777-MRA_IXI-Guys,train,137,131
sample_000095_0066,ixi,mra,IXI219-Guys-0894-MRA_IXI-Guys,train,137,149
sample_000107_0062,ixi,mra,IXI254-HH-1705-MRA_IXI-HH,train,137,140
sample_000110_0011,ixi,mra,IXI262-HH-1861-MRA_IXI-HH,train,137,133
sample_000110_0031,ixi,mra,IXI262-HH-1861-MRA_IXI-HH,train,137,139
sample_000126_0028,ixi,mra,IXI293-IOP-0876-MRA_IXI-IOP,train,137,150
sample_000138_0069,ixi,mra,IXI347-IOP-0927-MRA_IXI-IOP,train,137,146
sample_000150_0046,ixi,mra,IXI462-IOP-1042-MRA_IXI-IOP,train,137,152
sample_000151_0030,ixi,mra,IXI463-IOP-1043-MRA_IXI-IOP,train,137,143
sample_000156_0102,ixi,mra,IXI478-IOP-1142-MRA_IXI-IOP,train,137,153
sample_000084_0085,ixi,mra,IXI194-Guys-0818-MRA_IXI-Guys,val,137,147
sample_000086_0084,ixi,mra,IXI196-Guys-0805-MRA_IXI-Guys,val,137,144
sample_000115_0069,ixi,mra,IXI269-Guys-0839-MRA_IXI-Guys,val,137,150
sample_000117_0087,ixi,mra,IXI274-HH-2294-MRA_IXI-HH,val,137,138
sample_000155_0060,ixi,mra,IXI477-IOP-1141-MRA_IXI-IOP,val,137,148
sample_000052_0009,ixi,mra,IXI122-Guys-0773-MRA_IXI-Guys,test,137,135
sample_000052_0117,ixi,mra,IXI122-Guys-0773-MRA_IXI-Guys,test,137,137
sample_000054_0118,ixi,mra,IXI127-HH-1451-MRA_IXI-HH,test,137,148
sample_000057_0032,ixi,mra,IXI130-HH-1528-MRA_IXI-HH,test,137,149
sample_000021_0100,ixi,mra,IXI071-Guys-0770-MRA_IXI-Guys,train,136,151
sample_000060_0066,ixi,mra,IXI135-Guys-0779-MRA_IXI-Guys,train,136,154
sample_000069_0009,ixi,mra,IXI159-HH-1549-MRA_IXI-HH,train,136,134
sample_000069_0066,ixi,mra,IXI159-HH-1549-MRA_IXI-HH,train,136,152
sample_000072_0032,ixi,mra,IXI163-HH-1621-MRA_IXI-HH,train,136,150
sample_000083_0100,ixi,mra,IXI189-Guys-0799-MRA_IXI-Guys,train,136,147
sample_000083_0119,ixi,mra,IXI189-Guys-0799-MRA_IXI-Guys,train,136,135
sample_000085_0132,ixi,mra,IXI195-HH-1620-MRA_IXI-HH,train,136,139
sample_000097_0119,ixi,mra,IXI226-HH-1618-MRA_IXI-HH,train,136,133
sample_000111_0099,ixi,mra,IXI263-HH-1684-MRA_IXI-HH,train,136,129
sample_000148_0131,ixi,mra,IXI426-IOP-1011-MRA_IXI-IOP,train,136,143
sample_000160_0074,ixi,mra,IXI542-IOP-1147-MRA_IXI-IOP,train,136,136
sample_000165_0102,ixi,mra,IXI571-IOP-1154-MRA_IXI-IOP,train,136,150
sample_000167_0030,ixi,mra,IXI588-IOP-1158-MRA_IXI-IOP,train,136,150
sample_000019_0011,ixi,mra,IXI069-Guys-0769-MRA_IXI-Guys,val,136,135
sample_000086_0030,ixi,mra,IXI196-Guys-0805-MRA_IXI-Guys,val,136,142
sample_000117_0085,ixi,mra,IXI274-HH-2294-MRA_IXI-HH,val,136,127
sample_000117_0099,ixi,mra,IXI274-HH-2294-MRA_IXI-HH,val,136,143
sample_000120_0009,ixi,mra,IXI278-HH-1771-MRA_IXI-HH,val,136,137
sample_000158_0064,ixi,mra,IXI517-IOP-1144-MRA_IXI-IOP,val,136,148
sample_000163_0101,ixi,mra,IXI561-IOP-1152-MRA_IXI-IOP,val,136,140
sample_000016_0011,ixi,mra,IXI065-Guys-0744-MRA_IXI-Guys,test,136,135
sample_000081_0028,ixi,mra,IXI177-Guys-0831-MRA_IXI-Guys,test,136,143
sample_000089_0031,ixi,mra,IXI202-HH-1526-MRA_IXI-HH,test,136,138
sample_000127_0029,ixi,mra,IXI294-IOP-0868-MRA_IXI-IOP,test,136,136
sample_000002_0103,ixi,mra,IXI034-HH-1260-MRA_IXI-HH,train,135,134
sample_000022_0061,ixi,mra,IXI073-Guys-0755-MRA_IXI-Guys,train,135,151
sample_000026_0077,ixi,mra,IXI078-Guys-0751-MRA_IXI-Guys,train,135,147
sample_000032_0131,ixi,mra,IXI091-Guys-0762-MRA_IXI-Guys,train,135,138
sample_000034_0069,ixi,mra,IXI093-HH-1359-MRA_IXI-HH,train,135,157
sample_000037_0034,ixi,mra,IXI096-HH-1391-MRA_IXI-HH,train,135,143
sample_000041_0010,ixi,mra,IXI102-HH-1416-MRA_IXI-HH,train,135,151
sample_000041_0111,ixi,mra,IXI102-HH-1416-MRA_IXI-HH,train,135,147
sample_000044_0067,ixi,mra,IXI105-HH-1471-MRA_IXI-HH,train,135,140
sample_000050_0008,ixi,mra,IXI119-Guys-0765-MRA_IXI-Guys,train,135,141
sample_000059_0067,ixi,mra,IXI132-HH-1415-MRA_IXI-HH,train,135,150
sample_000087_0010,ixi,mra,IXI197-Guys-0811-MRA_IXI-Guys,train,135,137
sample_000087_0028,ixi,mra,IXI197-Guys-0811-MRA_IXI-Guys,train,135,138
sample_000088_0119,ixi,mra,IXI201-HH-1588-MRA_IXI-HH,train,135,125
sample_000097_0012,ixi,mra,IXI226-HH-1618-MRA_IXI-HH,train,135,141
sample_000105_0026,ixi,mra,IXI252-HH-1693-MRA_IXI-HH,train,135,153
sample_000107_0118,ixi,mra,IXI254-HH-1705-MRA_IXI-HH,train,135,139
sample_000121_0067,ixi,mra,IXI280-HH-1860-MRA_IXI-HH,train,135,154
sample_000134_0011,ixi,mra,IXI333-IOP-0926-MRA_IXI-IOP,train,135,137
sample_000144_0076,ixi,mra,IXI395-IOP-0969-MRA_IXI-IOP,train,135,150
sample_000150_0048,ixi,mra,IXI462-IOP-1042-MRA_IXI-IOP,train,135,142
sample_000152_0066,ixi,mra,IXI469-IOP-1136-MRA_IXI-IOP,train,135,162
sample_000001_0033,ixi,mra,IXI033-HH-1259-MRA_IXI-HH,val,135,150
sample_000046_0119,ixi,mra,IXI107-Guys-0761-MRA_IXI-Guys,val,135,123
sample_000058_0084,ixi,mra,IXI131-HH-1527-MRA_IXI-HH,val,135,148
sample_000071_0029,ixi,mra,IXI162-HH-1548-MRA_IXI-HH,val,135,143
sample_000117_0010,ixi,mra,IXI274-HH-2294-MRA_IXI-HH,val,135,145
sample_000117_0065,ixi,mra,IXI274-HH-2294-MRA_IXI-HH,val,135,142
sample_000117_0121,ixi,mra,IXI274-HH-2294-MRA_IXI-HH,val,135,135
sample_000120_0135,ixi,mra,IXI278-HH-1771-MRA_IXI-HH,val,135,132
sample_000052_0100,ixi,mra,IXI122-Guys-0773-MRA_IXI-Guys,test,135,152
sample_000052_0102,ixi,mra,IXI122-Guys-0773-MRA_IXI-Guys,test,135,145
sample_000094_0117,ixi,mra,IXI218-HH-1815-MRA_IXI-HH,test,135,129
sample_000123_0030,ixi,mra,IXI290-IOP-0874-MRA_IXI-IOP,test,135,155
sample_000029_0076,ixi,mra,IXI085-Guys-0759-MRA_IXI-Guys,train,134,158
sample_000034_0117,ixi,mra,IXI093-HH-1359-MRA_IXI-HH,train,134,133
sample_000043_0009,ixi,mra,IXI104-HH-1450-MRA_IXI-HH,train,134,130
sample_000055_0119,ixi,mra,IXI128-HH-1470-MRA_IXI-HH,train,134,136
sample_000059_0010,ixi,mra,IXI132-HH-1415-MRA_IXI-HH,train,134,139
sample_000062_0117,ixi,mra,IXI137-HH-1472-MRA_IXI-HH,train,134,134
sample_000065_0066,ixi,mra,IXI146-HH-1389-MRA_IXI-HH,train,134,158
sample_000067_0025,ixi,mra,IXI150-HH-1550-MRA_IXI-HH,train,134,137
sample_000073_0131,ixi,mra,IXI165-HH-1589-MRA_IXI-HH,train,134,130
sample_000079_0059,ixi,mra,IXI174-HH-1571-MRA_IXI-HH,train,134,142
sample_000088_0027,ixi,mra,IXI201-HH-1588-MRA_IXI-HH,train,134,127
sample_000095_0068,ixi,mra,IXI219-Guys-0894-MRA_IXI-Guys,train,134,141
sample_000098_0102,ixi,mra,IXI234-IOP-0870-MRA_IXI-IOP,train,134,145
sample_000100_0067,ixi,mra,IXI239-HH-2296-MRA_IXI-HH,train,134,148
sample_000113_0118,ixi,mra,IXI267-HH-1772-MRA_IXI-HH,train,134,143
sample_000139_0028,ixi,mra,IXI371-IOP-0970-MRA_IXI-IOP,train,134,145
sample_000157_0029,ixi,mra,IXI510-IOP-1143-MRA_IXI-IOP,train,134,124
sample_000040_0117,ixi,mra,IXI100-Guys-0747-MRA_IXI-Guys,val,134,136
sample_000086_0012,ixi,mra,IXI196-Guys-0805-MRA_IXI-Guys,val,134,137
sample_000166_0048,ixi,mra,IXI580-IOP-1157-MRA_IXI-IOP,val,134,140
sample_000016_0117,ixi,mra,IXI065-Guys-0744-MRA_IXI-Guys,test,134,137
sample_000054_0099,ixi,mra,IXI127-HH-1451-MRA_IXI-HH,test,134,134
sample_000057_0013,ixi,mra,IXI130-HH-1528-MRA_IXI-HH,test,134,138
sample_000081_0010,ixi,mra,IXI177-Guys-0831-MRA_IXI-Guys,test,134,140
sample_000104_0062,ixi,mra,IXI248-HH-1972-MRA_IXI-HH,test,134,120
sample_000000_0077,ixi,mra,IXI013-HH-1212-MRA_IXI-HH,train,133,137
sample_000009_0119,ixi,mra,IXI050-Guys-0711-MRA_IXI-Guys,train,133,129
sample_000011_0009,ixi,mra,IXI055-Guys-0730-MRA_IXI-Guys,train,133,121
sample_000018_0030,ixi,mra,IXI068-Guys-0756-MRA_IXI-Guys,train,133,146
sample_000018_0120,ixi,mra,IXI068-Guys-0756-MRA_IXI-Guys,train,133,134
sample_000041_0030,ixi,mra,IXI102-HH-1416-MRA_IXI-HH,train,133,147
sample_000042_0100,ixi,mra,IXI103-Guys-0750-MRA_IXI-Guys,train,133,150
sample_000050_0103,ixi,mra,IXI119-Guys-0765-MRA_IXI-Guys,train,133,131
sample_000055_0029,ixi,mra,IXI128-HH-1470-MRA_IXI-HH,train,133,123
sample_000056_0131,ixi,mra,IXI129-Guys-0775-MRA_IXI-Guys,train,133,136
sample_000061_0069,ixi,mra,IXI136-HH-1452-MRA_IXI-HH,train,133,143
sample_000072_0131,ixi,mra,IXI163-HH-1621-MRA_IXI-HH,train,133,136
sample_000082_0011,ixi,mra,IXI179-Guys-0777-MRA_IXI-Guys,train,133,134
sample_000082_0032,ixi,mra,IXI179-Guys-0777-MRA_IXI-Guys,train,133,148
sample_000088_0007,ixi,mra,IXI201-HH-1588-MRA_IXI-HH,train,133,132
sample_000100_0011,ixi,mra,IXI239-HH-2296-MRA_IXI-HH,train,133,129
sample_000134_0112,ixi,mra,IXI333-IOP-0926-MRA_IXI-IOP,train,133,147
sample_000134_0113,ixi,mra,IXI333-IOP-0926-MRA_IXI-IOP,train,133,144
sample_000156_0069,ixi,mra,IXI478-IOP-1142-MRA_IXI-IOP,train,133,140
sample_000198_0127,topbrain,ct,topcow_ct_004,train,133,134
sample_000001_0068,ixi,mra,IXI033-HH-1259-MRA_IXI-HH,val,133,139
sample_000023_0100,ixi,mra,IXI074-Guys-0771-MRA_IXI-Guys,val,133,137
sample_000076_0032,ixi,mra,IXI168-HH-1607-MRA_IXI-HH,val,133,146
sample_000117_0007,ixi,mra,IXI274-HH-2294-MRA_IXI-HH,val,133,126
sample_000147_0100,ixi,mra,IXI425-IOP-0988-MRA_IXI-IOP,val,133,155
sample_000149_0066,ixi,mra,IXI430-IOP-0990-MRA_IXI-IOP,val,133,154
sample_000054_0029,ixi,mra,IXI127-HH-1451-MRA_IXI-HH,test,133,134
sample_000054_0103,ixi,mra,IXI127-HH-1451-MRA_IXI-HH,test,133,134
sample_000081_0119,ixi,mra,IXI177-Guys-0831-MRA_IXI-Guys,test,133,134
sample_000104_0013,ixi,mra,IXI248-HH-1972-MRA_IXI-HH,test,133,135
sample_000000_0131,ixi,mra,IXI013-HH-1212-MRA_IXI-HH,train,132,127
sample_000002_0119,ixi,mra,IXI034-HH-1260-MRA_IXI-HH,train,132,131
sample_000008_0032,ixi,mra,IXI048-HH-1326-MRA_IXI-HH,train,132,148
sample_000008_0111,ixi,mra,IXI048-HH-1326-MRA_IXI-HH,train,132,133
sample_000024_0011,ixi,mra,IXI076-Guys-0753-MRA_IXI-Guys,train,132,131
sample_000036_0029,ixi,mra,IXI095-HH-1390-MRA_IXI-HH,train,132,139
sample_000036_0121,ixi,mra,IXI095-HH-1390-MRA_IXI-HH,train,132,132
sample_000049_0069,ixi,mra,IXI113-Guys-0776-MRA_IXI-Guys,train,132,139
sample_000053_0010,ixi,mra,IXI123-Guys-0774-MRA_IXI-Guys,train,132,138
sample_000055_0009,ixi,mra,IXI128-HH-1470-MRA_IXI-HH,train,132,129
sample_000072_0114,ixi,mra,IXI163-HH-1621-MRA_IXI-HH,train,132,138
sample_000078_0100,ixi,mra,IXI173-HH-1590-MRA_IXI-HH,train,132,147
sample_000091_0100,ixi,mra,IXI207-Guys-0809-MRA_IXI-Guys,train,132,133
sample_000096_0025,ixi,mra,IXI222-Guys-0819-MRA_IXI-Guys,train,132,131
sample_000105_0008,ixi,mra,IXI252-HH-1693-MRA_IXI-HH,train,132,143
sample_000111_0067,ixi,mra,IXI263-HH-1684-MRA_IXI-HH,train,132,143
sample_000119_0007,ixi,mra,IXI277-HH-1770-MRA_IXI-HH,train,132,122
sample_000126_0100,ixi,mra,IXI293-IOP-0876-MRA_IXI-IOP,train,132,141
sample_000134_0013,ixi,mra,IXI333-IOP-0926-MRA_IXI-IOP,train,132,133
sample_000148_0133,ixi,mra,IXI426-IOP-1011-MRA_IXI-IOP,train,132,134
sample_000001_0066,ixi,mra,IXI033-HH-1259-MRA_IXI-HH,val,132,133
sample_000071_0117,ixi,mra,IXI162-HH-1548-MRA_IXI-HH,val,132,123
sample_000086_0085,ixi,mra,IXI196-Guys-0805-MRA_IXI-Guys,val,132,140
sample_000115_0028,ixi,mra,IXI269-Guys-0839-MRA_IXI-Guys,val,132,147
sample_000048_0067,ixi,mra,IXI112-Guys-0735-MRA_IXI-Guys,test,132,145
sample_000054_0010,ixi,mra,IXI127-HH-1451-MRA_IXI-HH,test,132,140
sample_000094_0064,ixi,mra,IXI218-HH-1815-MRA_IXI-HH,test,132,147
sample_000101_0112,ixi,mra,IXI241-Guys-0833-MRA_IXI-Guys,test,132,144
sample_000104_0009,ixi,mra,IXI248-HH-1972-MRA_IXI-HH,test,132,132
sample_000104_0060,ixi,mra,IXI248-HH-1972-MRA_IXI-HH,test,132,127
sample_000002_0029,ixi,mra,IXI034-HH-1260-MRA_IXI-HH,train,131,141
sample_000007_0064,ixi,mra,IXI046-Guys-0824-MRA_IXI-Guys,train,131,173
sample_000013_0032,ixi,mra,IXI060-Guys-0709-MRA_IXI-Guys,train,131,145
sample_000024_0010,ixi,mra,IXI076-Guys-0753-MRA_IXI-Guys,train,131,141
sample_000029_0059,ixi,mra,IXI085-Guys-0759-MRA_IXI-Guys,train,131,150
sample_000030_0010,ixi,mra,IXI086-Guys-0728-MRA_IXI-Guys,train,131,134
sample_000032_0109,ixi,mra,IXI091-Guys-0762-MRA_IXI-Guys,train,131,132
sample_000033_0011,ixi,mra,IXI092-HH-1436-MRA_IXI-HH,train,131,132
sample_000036_0031,ixi,mra,IXI095-HH-1390-MRA_IXI-HH,train,131,133
sample_000044_0100,ixi,mra,IXI105-HH-1471-MRA_IXI-HH,train,131,148
sample_000047_0030,ixi,mra,IXI111-Guys-0734-MRA_IXI-Guys,train,131,135
sample_000049_0049,ixi,mra,IXI113-Guys-0776-MRA_IXI-Guys,train,131,134
sample_000049_0066,ixi,mra,IXI113-Guys-0776-MRA_IXI-Guys,train,131,148
sample_000053_0069,ixi,mra,IXI123-Guys-0774-MRA_IXI-Guys,train,131,142
sample_000062_0121,ixi,mra,IXI137-HH-1472-MRA_IXI-HH,train,131,128
sample_000067_0007,ixi,mra,IXI150-HH-1550-MRA_IXI-HH,train,131,127
sample_000069_0068,ixi,mra,IXI159-HH-1549-MRA_IXI-HH,train,131,141
sample_000070_0121,ixi,mra,IXI160-HH-1637-MRA_IXI-HH,train,131,133
sample_000073_0114,ixi,mra,IXI165-HH-1589-MRA_IXI-HH,train,131,142
sample_000073_0129,ixi,mra,IXI165-HH-1589-MRA_IXI-HH,train,131,134
sample_000091_0028,ixi,mra,IXI207-Guys-0809-MRA_IXI-Guys,train,131,136
sample_000092_0119,ixi,mra,IXI214-HH-1636-MRA_IXI-HH,train,131,127
sample_000095_0102,ixi,mra,IXI219-Guys-0894-MRA_IXI-Guys,train,131,126
sample_000103_0010,ixi,mra,IXI246-Guys-0840-MRA_IXI-Guys,train,131,142
sample_000103_0118,ixi,mra,IXI246-Guys-0840-MRA_IXI-Guys,train,131,131
sample_000105_0059,ixi,mra,IXI252-HH-1693-MRA_IXI-HH,train,131,141
sample_000105_0107,ixi,mra,IXI252-HH-1693-MRA_IXI-HH,train,131,128
sample_000106_0066,ixi,mra,IXI253-HH-1694-MRA_IXI-HH,train,131,145
sample_000109_0101,ixi,mra,IXI258-HH-1769-MRA_IXI-HH,train,131,129
sample_000113_0069,ixi,mra,IXI267-HH-1772-MRA_IXI-HH,train,131,131
sample_000126_0060,ixi,mra,IXI293-IOP-0876-MRA_IXI-IOP,train,131,137
sample_000144_0130,ixi,mra,IXI395-IOP-0969-MRA_IXI-IOP,train,131,142
sample_000001_0131,ixi,mra,IXI033-HH-1259-MRA_IXI-HH,val,131,136
sample_000023_0029,ixi,mra,IXI074-Guys-0771-MRA_IXI-Guys,val,131,132
sample_000038_0011,ixi,mra,IXI097-HH-1619-MRA_IXI-HH,val,131,129
sample_000086_0068,ixi,mra,IXI196-Guys-0805-MRA_IXI-Guys,val,131,149
sample_000117_0103,ixi,mra,IXI274-HH-2294-MRA_IXI-HH,val,131,130
sample_000147_0009,ixi,mra,IXI425-IOP-0988-MRA_IXI-IOP,val,131,141
sample_000147_0101,ixi,mra,IXI425-IOP-0988-MRA_IXI-IOP,val,131,138
sample_000028_0011,ixi,mra,IXI084-Guys-0741-MRA_IXI-Guys,test,131,122
sample_000081_0067,ixi,mra,IXI177-Guys-0831-MRA_IXI-Guys,test,131,144
sample_000118_0067,ixi,mra,IXI276-HH-1840-MRA_IXI-HH,test,131,153
sample_000131_0030,ixi,mra,IXI315-IOP-0888-MRA_IXI-IOP,test,131,151
sample_000007_0011,ixi,mra,IXI046-Guys-0824-MRA_IXI-Guys,train,130,132
sample_000029_0075,ixi,mra,IXI085-Guys-0759-MRA_IXI-Guys,train,130,148
sample_000043_0054,ixi,mra,IXI104-HH-1450-MRA_IXI-HH,train,130,120
sample_000049_0048,ixi,mra,IXI113-Guys-0776-MRA_IXI-Guys,train,130,139
sample_000062_0029,ixi,mra,IXI137-HH-1472-MRA_IXI-HH,train,130,135
sample_000063_0069,ixi,mra,IXI140-Guys-0787-MRA_IXI-Guys,train,130,149
sample_000072_0033,ixi,mra,IXI163-HH-1621-MRA_IXI-HH,train,130,127
sample_000078_0101,ixi,mra,IXI173-HH-1590-MRA_IXI-HH,train,130,134
sample_000091_0031,ixi,mra,IXI207-Guys-0809-MRA_IXI-Guys,train,130,125
sample_000092_0009,ixi,mra,IXI214-HH-1636-MRA_IXI-HH,train,130,127
sample_000103_0028,ixi,mra,IXI246-Guys-0840-MRA_IXI-Guys,train,130,144
sample_000106_0062,ixi,mra,IXI253-HH-1694-MRA_IXI-HH,train,130,137
sample_000113_0087,ixi,mra,IXI267-HH-1772-MRA_IXI-HH,train,130,127
sample_000132_0033,ixi,mra,IXI322-IOP-0891-MRA_IXI-IOP,train,130,139
sample_000151_0069,ixi,mra,IXI463-IOP-1043-MRA_IXI-IOP,train,130,142
sample_000058_0066,ixi,mra,IXI131-HH-1527-MRA_IXI-HH,val,130,148
sample_000076_0031,ixi,mra,IXI168-HH-1607-MRA_IXI-HH,val,130,135
sample_000086_0115,ixi,mra,IXI196-Guys-0805-MRA_IXI-Guys,val,130,130
sample_000147_0010,ixi,mra,IXI425-IOP-0988-MRA_IXI-IOP,val,130,143
sample_000155_0062,ixi,mra,IXI477-IOP-1141-MRA_IXI-IOP,val,130,135
sample_000166_0030,ixi,mra,IXI580-IOP-1157-MRA_IXI-IOP,val,130,136
sample_000031_0069,ixi,mra,IXI087-Guys-0768-MRA_IXI-Guys,test,130,143
sample_000048_0069,ixi,mra,IXI112-Guys-0735-MRA_IXI-Guys,test,130,132
sample_000048_0087,ixi,mra,IXI112-Guys-0735-MRA_IXI-Guys,test,130,134
sample_000057_0033,ixi,mra,IXI130-HH-1528-MRA_IXI-HH,test,130,135
sample_000104_0065,ixi,mra,IXI248-HH-1972-MRA_IXI-HH,test,130,128
sample_000127_0010,ixi,mra,IXI294-IOP-0868-MRA_IXI-IOP,test,130,137
sample_000004_0011,ixi,mra,IXI039-HH-1261-MRA_IXI-HH,train,129,135
sample_000004_0075,ixi,mra,IXI039-HH-1261-MRA_IXI-HH,train,129,151
sample_000007_0066,ixi,mra,IXI046-Guys-0824-MRA_IXI-Guys,train,129,147
sample_000009_0066,ixi,mra,IXI050-Guys-0711-MRA_IXI-Guys,train,129,145
sample_000009_0085,ixi,mra,IXI050-Guys-0711-MRA_IXI-Guys,train,129,143
sample_000009_0117,ixi,mra,IXI050-Guys-0711-MRA_IXI-Guys,train,129,124
sample_000015_0075,ixi,mra,IXI064-Guys-0743-MRA_IXI-Guys,train,129,138
sample_000021_0115,ixi,mra,IXI071-Guys-0770-MRA_IXI-Guys,train,129,131
sample_000027_0031,ixi,mra,IXI083-HH-1357-MRA_IXI-HH,train,129,127
sample_000027_0069,ixi,mra,IXI083-HH-1357-MRA_IXI-HH,train,129,138
sample_000035_0011,ixi,mra,IXI094-HH-1355-MRA_IXI-HH,train,129,129
sample_000042_0011,ixi,mra,IXI103-Guys-0750-MRA_IXI-Guys,train,129,125
sample_000042_0117,ixi,mra,IXI103-Guys-0750-MRA_IXI-Guys,train,129,123
sample_000044_0117,ixi,mra,IXI105-HH-1471-MRA_IXI-HH,train,129,126
sample_000050_0104,ixi,mra,IXI119-Guys-0765-MRA_IXI-Guys,train,129,134
sample_000053_0117,ixi,mra,IXI123-Guys-0774-MRA_IXI-Guys,train,129,116
sample_000056_0074,ixi,mra,IXI129-Guys-0775-MRA_IXI-Guys,train,129,153
sample_000067_0008,ixi,mra,IXI150-HH-1550-MRA_IXI-HH,train,129,135
sample_000074_0060,ixi,mra,IXI166-Guys-0846-MRA_IXI-Guys,train,129,126
sample_000079_0027,ixi,mra,IXI174-HH-1571-MRA_IXI-HH,train,129,130
sample_000092_0067,ixi,mra,IXI214-HH-1636-MRA_IXI-HH,train,129,139
sample_000095_0030,ixi,mra,IXI219-Guys-0894-MRA_IXI-Guys,train,129,128
sample_000100_0117,ixi,mra,IXI239-HH-2296-MRA_IXI-HH,train,129,127
sample_000106_0064,ixi,mra,IXI253-HH-1694-MRA_IXI-HH,train,129,143
sample_000107_0079,ixi,mra,IXI254-HH-1705-MRA_IXI-HH,train,129,137
sample_000111_0011,ixi,mra,IXI263-HH-1684-MRA_IXI-HH,train,129,120
sample_000114_0067,ixi,mra,IXI268-Guys-0858-MRA_IXI-Guys,train,129,138
sample_000114_0085,ixi,mra,IXI268-Guys-0858-MRA_IXI-Guys,train,129,136
sample_000122_0010,ixi,mra,IXI282-HH-2025-MRA_IXI-HH,train,129,132
sample_000132_0075,ixi,mra,IXI322-IOP-0891-MRA_IXI-IOP,train,129,149
sample_000160_0059,ixi,mra,IXI542-IOP-1147-MRA_IXI-IOP,train,129,139
sample_000001_0077,ixi,mra,IXI033-HH-1259-MRA_IXI-HH,val,129,144
sample_000006_0066,ixi,mra,IXI043-Guys-0714-MRA_IXI-Guys,val,129,153
sample_000117_0008,ixi,mra,IXI274-HH-2294-MRA_IXI-HH,val,129,140
sample_000117_0061,ixi,mra,IXI274-HH-2294-MRA_IXI-HH,val,129,129
sample_000149_0084,ixi,mra,IXI430-IOP-0990-MRA_IXI-IOP,val,129,145
sample_000163_0102,ixi,mra,IXI561-IOP-1152-MRA_IXI-IOP,val,129,141
sample_000066_0120,ixi,mra,IXI148-HH-1453-MRA_IXI-HH,test,129,133
sample_000081_0011,ixi,mra,IXI177-Guys-0831-MRA_IXI-Guys,test,129,127
sample_000089_0102,ixi,mra,IXI202-HH-1526-MRA_IXI-HH,test,129,137
sample_000131_0011,ixi,mra,IXI315-IOP-0888-MRA_IXI-IOP,test,129,136
sample_000131_0028,ixi,mra,IXI315-IOP-0888-MRA_IXI-IOP,test,129,147
sample_000137_0118,ixi,mra,IXI345-IOP-0928-MRA_IXI-IOP,test,129,137
sample_000137_0137,ixi,mra,IXI345-IOP-0928-MRA_IXI-IOP,test,129,130
sample_000008_0074,ixi,mra,IXI048-HH-1326-MRA_IXI-HH,train,128,142
sample_000042_0010,ixi,mra,IXI103-Guys-0750-MRA_IXI-Guys,train,128,131
sample_000061_0118,ixi,mra,IXI136-HH-1452-MRA_IXI-HH,train,128,131
sample_000062_0069,ixi,mra,IXI137-HH-1472-MRA_IXI-HH,train,128,134
sample_000063_0067,ixi,mra,IXI140-Guys-0787-MRA_IXI-Guys,train,128,147
sample_000064_0027,ixi,mra,IXI144-Guys-0788-MRA_IXI-Guys,train,128,134
sample_000065_0078,ixi,mra,IXI146-HH-1389-MRA_IXI-HH,train,128,140
sample_000069_0084,ixi,mra,IXI159-HH-1549-MRA_IXI-HH,train,128,124
sample_000085_0009,ixi,mra,IXI195-HH-1620-MRA_IXI-HH,train,128,128
sample_000093_0009,ixi,mra,IXI217-HH-1638-MRA_IXI-HH,train,128,132
sample_000096_0011,ixi,mra,IXI222-Guys-0819-MRA_IXI-Guys,train,128,123
sample_000096_0105,ixi,mra,IXI222-Guys-0819-MRA_IXI-Guys,train,128,121
sample_000100_0031,ixi,mra,IXI239-HH-2296-MRA_IXI-HH,train,128,129
sample_000103_0102,ixi,mra,IXI246-Guys-0840-MRA_IXI-Guys,train,128,138
sample_000105_0027,ixi,mra,IXI252-HH-1693-MRA_IXI-HH,train,128,131
sample_000116_0026,ixi,mra,IXI270-Guys-0847-MRA_IXI-Guys,train,128,145
sample_000122_0029,ixi,mra,IXI282-HH-2025-MRA_IXI-HH,train,128,131
sample_000126_0011,ixi,mra,IXI293-IOP-0876-MRA_IXI-IOP,train,128,126
sample_000132_0032,ixi,mra,IXI322-IOP-0891-MRA_IXI-IOP,train,128,138
sample_000136_0112,ixi,mra,IXI340-IOP-0915-MRA_IXI-IOP,train,128,134
sample_000144_0132,ixi,mra,IXI395-IOP-0969-MRA_IXI-IOP,train,128,140
sample_000160_0090,ixi,mra,IXI542-IOP-1147-MRA_IXI-IOP,train,128,144
sample_000006_0101,ixi,mra,IXI043-Guys-0714-MRA_IXI-Guys,val,128,126
sample_000012_0072,ixi,mra,IXI058-Guys-0726-MRA_IXI-Guys,val,128,141
sample_000019_0009,ixi,mra,IXI069-Guys-0769-MRA_IXI-Guys,val,128,128
sample_000058_0120,ixi,mra,IXI131-HH-1527-MRA_IXI-HH,val,128,137
sample_000080_0009,ixi,mra,IXI176-HH-1604-MRA_IXI-HH,val,128,119
sample_000147_0049,ixi,mra,IXI425-IOP-0988-MRA_IXI-IOP,val,128,130
sample_000147_0067,ixi,mra,IXI425-IOP-0988-MRA_IXI-IOP,val,128,137
sample_000163_0028,ixi,mra,IXI561-IOP-1152-MRA_IXI-IOP,val,128,130
sample_000003_0103,ixi,mra,IXI035-IOP-0873-MRA_IXI-IOP,test,128,138
sample_000028_0010,ixi,mra,IXI084-Guys-0741-MRA_IXI-Guys,test,128,132
sample_000094_0100,ixi,mra,IXI218-HH-1815-MRA_IXI-HH,test,128,136
sample_000137_0136,ixi,mra,IXI345-IOP-0928-MRA_IXI-IOP,test,128,130
sample_000020_0119,ixi,mra,IXI070-Guys-0767-MRA_IXI-Guys,train,127,118
sample_000030_0074,ixi,mra,IXI086-Guys-0728-MRA_IXI-Guys,train,127,140
sample_000030_0110,ixi,mra,IXI086-Guys-0728-MRA_IXI-Guys,train,127,130
sample_000032_0031,ixi,mra,IXI091-Guys-0762-MRA_IXI-Guys,train,127,124
sample_000032_0112,ixi,mra,IXI091-Guys-0762-MRA_IXI-Guys,train,127,132
sample_000033_0112,ixi,mra,IXI092-HH-1436-MRA_IXI-HH,train,127,127
sample_000041_0068,ixi,mra,IXI102-HH-1416-MRA_IXI-HH,train,127,125
sample_000050_0025,ixi,mra,IXI119-Guys-0765-MRA_IXI-Guys,train,127,124
sample_000050_0026,ixi,mra,IXI119-Guys-0765-MRA_IXI-Guys,train,127,138
sample_000056_0075,ixi,mra,IXI129-Guys-0775-MRA_IXI-Guys,train,127,139
sample_000059_0117,ixi,mra,IXI132-HH-1415-MRA_IXI-HH,train,127,131
sample_000062_0013,ixi,mra,IXI137-HH-1472-MRA_IXI-HH,train,127,128
sample_000069_0031,ixi,mra,IXI159-HH-1549-MRA_IXI-HH,train,127,128
sample_000070_0099,ixi,mra,IXI160-HH-1637-MRA_IXI-HH,train,127,132
sample_000082_0112,ixi,mra,IXI179-Guys-0777-MRA_IXI-Guys,train,127,137
sample_000085_0010,ixi,mra,IXI195-HH-1620-MRA_IXI-HH,train,127,134
sample_000113_0007,ixi,mra,IXI267-HH-1772-MRA_IXI-HH,train,127,125
sample_000136_0075,ixi,mra,IXI340-IOP-0915-MRA_IXI-IOP,train,127,144
sample_000145_0133,ixi,mra,IXI423-IOP-0974-MRA_IXI-IOP,train,127,135
sample_000148_0013,ixi,mra,IXI426-IOP-1011-MRA_IXI-IOP,train,127,124
sample_000148_0111,ixi,mra,IXI426-IOP-1011-MRA_IXI-IOP,train,127,128
sample_000152_0118,ixi,mra,IXI469-IOP-1136-MRA_IXI-IOP,train,127,130
sample_000160_0061,ixi,mra,IXI542-IOP-1147-MRA_IXI-IOP,train,127,133
sample_000160_0104,ixi,mra,IXI542-IOP-1147-MRA_IXI-IOP,train,127,130
sample_000023_0028,ixi,mra,IXI074-Guys-0771-MRA_IXI-Guys,val,127,142
sample_000039_0149,ixi,mra,IXI099-Guys-0748-MRA_IXI-Guys,val,127,133
sample_000058_0086,ixi,mra,IXI131-HH-1527-MRA_IXI-HH,val,127,143
sample_000071_0064,ixi,mra,IXI162-HH-1548-MRA_IXI-HH,val,127,128
sample_000086_0028,ixi,mra,IXI196-Guys-0805-MRA_IXI-Guys,val,127,131
sample_000086_0116,ixi,mra,IXI196-Guys-0805-MRA_IXI-Guys,val,127,138
sample_000115_0134,ixi,mra,IXI269-Guys-0839-MRA_IXI-Guys,val,127,134
sample_000117_0030,ixi,mra,IXI274-HH-2294-MRA_IXI-HH,val,127,136
sample_000117_0098,ixi,mra,IXI274-HH-2294-MRA_IXI-HH,val,127,137
sample_000120_0139,ixi,mra,IXI278-HH-1771-MRA_IXI-HH,val,127,126
sample_000147_0030,ixi,mra,IXI425-IOP-0988-MRA_IXI-IOP,val,127,143
sample_000003_0102,ixi,mra,IXI035-IOP-0873-MRA_IXI-IOP,test,127,139
sample_000054_0102,ixi,mra,IXI127-HH-1451-MRA_IXI-HH,test,127,133
sample_000081_0099,ixi,mra,IXI177-Guys-0831-MRA_IXI-Guys,test,127,137
sample_000081_0102,ixi,mra,IXI177-Guys-0831-MRA_IXI-Guys,test,127,134
sample_000101_0132,ixi,mra,IXI241-Guys-0833-MRA_IXI-Guys,test,127,128
sample_000118_0029,ixi,mra,IXI276-HH-1840-MRA_IXI-HH,test,127,121
sample_000118_0119,ixi,mra,IXI276-HH-1840-MRA_IXI-HH,test,127,123
sample_000127_0030,ixi,mra,IXI294-IOP-0868-MRA_IXI-IOP,test,127,133
sample_000131_0029,ixi,mra,IXI315-IOP-0888-MRA_IXI-IOP,test,127,140
sample_000015_0077,ixi,mra,IXI064-Guys-0743-MRA_IXI-Guys,train,126,135
sample_000026_0112,ixi,mra,IXI078-Guys-0751-MRA_IXI-Guys,train,126,142
sample_000032_0033,ixi,mra,IXI091-Guys-0762-MRA_IXI-Guys,train,126,123
sample_000035_0033,ixi,mra,IXI094-HH-1355-MRA_IXI-HH,train,126,130
sample_000036_0013,ixi,mra,IXI095-HH-1390-MRA_IXI-HH,train,126,125
sample_000043_0059,ixi,mra,IXI104-HH-1450-MRA_IXI-HH,train,126,140
sample_000043_0061,ixi,mra,IXI104-HH-1450-MRA_IXI-HH,train,126,137
sample_000056_0112,ixi,mra,IXI129-Guys-0775-MRA_IXI-Guys,train,126,140
sample_000064_0066,ixi,mra,IXI144-Guys-0788-MRA_IXI-Guys,train,126,149
sample_000065_0119,ixi,mra,IXI146-HH-1389-MRA_IXI-HH,train,126,124
sample_000067_0027,ixi,mra,IXI150-HH-1550-MRA_IXI-HH,train,126,124
sample_000077_0009,ixi,mra,IXI170-Guys-0843-MRA_IXI-Guys,train,126,128
sample_000077_0099,ixi,mra,IXI170-Guys-0843-MRA_IXI-Guys,train,126,124
sample_000082_0132,ixi,mra,IXI179-Guys-0777-MRA_IXI-Guys,train,126,129
sample_000082_0133,ixi,mra,IXI179-Guys-0777-MRA_IXI-Guys,train,126,119
sample_000085_0012,ixi,mra,IXI195-HH-1620-MRA_IXI-HH,train,126,132
sample_000087_0007,ixi,mra,IXI197-Guys-0811-MRA_IXI-Guys,train,126,125
sample_000088_0029,ixi,mra,IXI201-HH-1588-MRA_IXI-HH,train,126,119
sample_000090_0029,ixi,mra,IXI205-HH-1649-MRA_IXI-HH,train,126,124
sample_000097_0116,ixi,mra,IXI226-HH-1618-MRA_IXI-HH,train,126,132
sample_000109_0117,ixi,mra,IXI258-HH-1769-MRA_IXI-HH,train,126,126
sample_000111_0009,ixi,mra,IXI263-HH-1684-MRA_IXI-HH,train,126,119
sample_000113_0067,ixi,mra,IXI267-HH-1772-MRA_IXI-HH,train,126,137
sample_000114_0028,ixi,mra,IXI268-Guys-0858-MRA_IXI-Guys,train,126,136
sample_000121_0059,ixi,mra,IXI280-HH-1860-MRA_IXI-HH,train,126,113
sample_000126_0009,ixi,mra,IXI293-IOP-0876-MRA_IXI-IOP,train,126,125
sample_000130_0082,ixi,mra,IXI307-IOP-0872-MRA_IXI-IOP,train,126,135
sample_000138_0065,ixi,mra,IXI347-IOP-0927-MRA_IXI-IOP,train,126,136
sample_000160_0009,ixi,mra,IXI542-IOP-1147-MRA_IXI-IOP,train,126,119
sample_000169_0119,ixi,mra,IXI597-IOP-1161-MRA_IXI-IOP,train,126,127
sample_000006_0100,ixi,mra,IXI043-Guys-0714-MRA_IXI-Guys,val,126,133
sample_000051_0011,ixi,mra,IXI121-Guys-0772-MRA_IXI-Guys,val,126,121
sample_000071_0100,ixi,mra,IXI162-HH-1548-MRA_IXI-HH,val,126,140
sample_000071_0118,ixi,mra,IXI162-HH-1548-MRA_IXI-HH,val,126,138
sample_000071_0121,ixi,mra,IXI162-HH-1548-MRA_IXI-HH,val,126,121
sample_000084_0009,ixi,mra,IXI194-Guys-0818-MRA_IXI-Guys,val,126,126
sample_000140_0026,ixi,mra,IXI373-IOP-0967-MRA_IXI-IOP,val,126,140
sample_000163_0103,ixi,mra,IXI561-IOP-1152-MRA_IXI-IOP,val,126,129
sample_000010_0030,ixi,mra,IXI054-Guys-0707-MRA_IXI-Guys,test,126,128
sample_000052_0011,ixi,mra,IXI122-Guys-0773-MRA_IXI-Guys,test,126,126
sample_000066_0028,ixi,mra,IXI148-HH-1453-MRA_IXI-HH,test,126,127
sample_000089_0011,ixi,mra,IXI202-HH-1526-MRA_IXI-HH,test,126,130
sample_000137_0119,ixi,mra,IXI345-IOP-0928-MRA_IXI-IOP,test,126,132
sample_000000_0132,ixi,mra,IXI013-HH-1212-MRA_IXI-HH,train,125,127
sample_000002_0060,ixi,mra,IXI034-HH-1260-MRA_IXI-HH,train,125,129
sample_000008_0011,ixi,mra,IXI048-HH-1326-MRA_IXI-HH,train,125,115
sample_000014_0032,ixi,mra,IXI062-Guys-0740-MRA_IXI-Guys,train,125,134
sample_000014_0077,ixi,mra,IXI062-Guys-0740-MRA_IXI-Guys,train,125,137
sample_000018_0102,ixi,mra,IXI068-Guys-0756-MRA_IXI-Guys,train,125,134
sample_000026_0033,ixi,mra,IXI078-Guys-0751-MRA_IXI-Guys,train,125,122
sample_000030_0077,ixi,mra,IXI086-Guys-0728-MRA_IXI-Guys,train,125,132
sample_000033_0009,ixi,mra,IXI092-HH-1436-MRA_IXI-HH,train,125,124
sample_000033_0032,ixi,mra,IXI092-HH-1436-MRA_IXI-HH,train,125,135
sample_000037_0030,ixi,mra,IXI096-HH-1391-MRA_IXI-HH,train,125,133
sample_000041_0114,ixi,mra,IXI102-HH-1416-MRA_IXI-HH,train,125,138
sample_000044_0009,ixi,mra,IXI105-HH-1471-MRA_IXI-HH,train,125,129
sample_000047_0009,ixi,mra,IXI111-Guys-0734-MRA_IXI-Guys,train,125,123
sample_000047_0011,ixi,mra,IXI111-Guys-0734-MRA_IXI-Guys,train,125,114
sample_000065_0030,ixi,mra,IXI146-HH-1389-MRA_IXI-HH,train,125,135
sample_000069_0044,ixi,mra,IXI159-HH-1549-MRA_IXI-HH,train,125,129
sample_000074_0066,ixi,mra,IXI166-Guys-0846-MRA_IXI-Guys,train,125,141
sample_000074_0100,ixi,mra,IXI166-Guys-0846-MRA_IXI-Guys,train,125,130
sample_000078_0102,ixi,mra,IXI173-HH-1590-MRA_IXI-HH,train,125,131
sample_000085_0030,ixi,mra,IXI195-HH-1620-MRA_IXI-HH,train,125,132
sample_000102_0028,ixi,mra,IXI242-HH-1722-MRA_IXI-HH,train,125,129
sample_000107_0080,ixi,mra,IXI254-HH-1705-MRA_IXI-HH,train,125,136
sample_000110_0067,ixi,mra,IXI262-HH-1861-MRA_IXI-HH,train,125,145
sample_000112_0031,ixi,mra,IXI265-Guys-0845-MRA_IXI-Guys,train,125,116
sample_000121_0010,ixi,mra,IXI280-HH-1860-MRA_IXI-HH,train,125,129
sample_000134_0032,ixi,mra,IXI333-IOP-0926-MRA_IXI-IOP,train,125,140
sample_000136_0095,ixi,mra,IXI340-IOP-0915-MRA_IXI-IOP,train,125,143
sample_000139_0029,ixi,mra,IXI371-IOP-0970-MRA_IXI-IOP,train,125,128
sample_000139_0118,ixi,mra,IXI371-IOP-0970-MRA_IXI-IOP,train,125,137
sample_000139_0119,ixi,mra,IXI371-IOP-0970-MRA_IXI-IOP,train,125,137
sample_000151_0118,ixi,mra,IXI463-IOP-1043-MRA_IXI-IOP,train,125,123
sample_000154_0013,ixi,mra,IXI475-IOP-1139-MRA_IXI-IOP,train,125,127
sample_000154_0117,ixi,mra,IXI475-IOP-1139-MRA_IXI-IOP,train,125,125
sample_000159_0066,ixi,mra,IXI541-IOP-1146-MRA_IXI-IOP,train,125,139
sample_000160_0088,ixi,mra,IXI542-IOP-1147-MRA_IXI-IOP,train,125,125
sample_000162_0112,ixi,mra,IXI553-IOP-1151-MRA_IXI-IOP,train,125,136
sample_000169_0066,ixi,mra,IXI597-IOP-1161-MRA_IXI-IOP,train,125,143
sample_000001_0011,ixi,mra,IXI033-HH-1259-MRA_IXI-HH,val,125,127
sample_000001_0013,ixi,mra,IXI033-HH-1259-MRA_IXI-HH,val,125,127
sample_000039_0133,ixi,mra,IXI099-Guys-0748-MRA_IXI-Guys,val,125,119
sample_000046_0028,ixi,mra,IXI107-Guys-0761-MRA_IXI-Guys,val,125,133
sample_000051_0010,ixi,mra,IXI121-Guys-0772-MRA_IXI-Guys,val,125,130
sample_000058_0068,ixi,mra,IXI131-HH-1527-MRA_IXI-HH,val,125,140
sample_000076_0110,ixi,mra,IXI168-HH-1607-MRA_IXI-HH,val,125,131
sample_000086_0119,ixi,mra,IXI196-Guys-0805-MRA_IXI-Guys,val,125,124
sample_000166_0119,ixi,mra,IXI580-IOP-1157-MRA_IXI-IOP,val,125,131
sample_000003_0011,ixi,mra,IXI035-IOP-0873-MRA_IXI-IOP,test,125,121
sample_000010_0118,ixi,mra,IXI054-Guys-0707-MRA_IXI-Guys,test,125,124
sample_000016_0100,ixi,mra,IXI065-Guys-0744-MRA_IXI-Guys,test,125,135
sample_000089_0029,ixi,mra,IXI202-HH-1526-MRA_IXI-HH,test,125,128
sample_000004_0111,ixi,mra,IXI039-HH-1261-MRA_IXI-HH,train,124,129
sample_000030_0111,ixi,mra,IXI086-Guys-0728-MRA_IXI-Guys,train,124,119
sample_000032_0012,ixi,mra,IXI091-Guys-0762-MRA_IXI-Guys,train,124,121
sample_000034_0067,ixi,mra,IXI093-HH-1359-MRA_IXI-HH,train,124,142
sample_000036_0102,ixi,mra,IXI095-HH-1390-MRA_IXI-HH,train,124,133
sample_000044_0028,ixi,mra,IXI105-HH-1471-MRA_IXI-HH,train,124,139
sample_000059_0062,ixi,mra,IXI132-HH-1415-MRA_IXI-HH,train,124,122
sample_000064_0116,ixi,mra,IXI144-Guys-0788-MRA_IXI-Guys,train,124,134
sample_000067_0104,ixi,mra,IXI150-HH-1550-MRA_IXI-HH,train,124,128
sample_000070_0066,ixi,mra,IXI160-HH-1637-MRA_IXI-HH,train,124,142
sample_000072_0009,ixi,mra,IXI163-HH-1621-MRA_IXI-HH,train,124,116
sample_000073_0030,ixi,mra,IXI165-HH-1589-MRA_IXI-HH,train,124,140
sample_000073_0074,ixi,mra,IXI165-HH-1589-MRA_IXI-HH,train,124,141
sample_000083_0030,ixi,mra,IXI189-Guys-0799-MRA_IXI-Guys,train,124,140
sample_000091_0011,ixi,mra,IXI207-Guys-0809-MRA_IXI-Guys,train,124,113
sample_000102_0101,ixi,mra,IXI242-HH-1722-MRA_IXI-HH,train,124,121
sample_000103_0121,ixi,mra,IXI246-Guys-0840-MRA_IXI-Guys,train,124,121
sample_000105_0061,ixi,mra,IXI252-HH-1693-MRA_IXI-HH,train,124,131
sample_000107_0058,ixi,mra,IXI254-HH-1705-MRA_IXI-HH,train,124,129
sample_000109_0011,ixi,mra,IXI258-HH-1769-MRA_IXI-HH,train,124,123
sample_000112_0100,ixi,mra,IXI265-Guys-0845-MRA_IXI-Guys,train,124,133
sample_000121_0027,ixi,mra,IXI280-HH-1860-MRA_IXI-HH,train,124,124
sample_000132_0072,ixi,mra,IXI322-IOP-0891-MRA_IXI-IOP,train,124,140
sample_000157_0119,ixi,mra,IXI510-IOP-1143-MRA_IXI-IOP,train,124,126
sample_000169_0117,ixi,mra,IXI597-IOP-1161-MRA_IXI-IOP,train,124,119
sample_000169_0118,ixi,mra,IXI597-IOP-1161-MRA_IXI-IOP,train,124,132
sample_000001_0067,ixi,mra,IXI033-HH-1259-MRA_IXI-HH,val,124,128
sample_000019_0119,ixi,mra,IXI069-Guys-0769-MRA_IXI-Guys,val,124,121
sample_000023_0008,ixi,mra,IXI074-Guys-0771-MRA_IXI-Guys,val,124,125
sample_000046_0099,ixi,mra,IXI107-Guys-0761-MRA_IXI-Guys,val,124,124
sample_000076_0077,ixi,mra,IXI168-HH-1607-MRA_IXI-HH,val,124,129
sample_000076_0130,ixi,mra,IXI168-HH-1607-MRA_IXI-HH,val,124,134
sample_000076_0133,ixi,mra,IXI168-HH-1607-MRA_IXI-HH,val,124,123
sample_000115_0009,ixi,mra,IXI269-Guys-0839-MRA_IXI-Guys,val,124,118
sample_000115_0010,ixi,mra,IXI269-Guys-0839-MRA_IXI-Guys,val,124,130
sample_000166_0102,ixi,mra,IXI580-IOP-1157-MRA_IXI-IOP,val,124,137
sample_000048_0028,ixi,mra,IXI112-Guys-0735-MRA_IXI-Guys,test,124,129
sample_000048_0085,ixi,mra,IXI112-Guys-0735-MRA_IXI-Guys,test,124,136
sample_000054_0062,ixi,mra,IXI127-HH-1451-MRA_IXI-HH,test,124,133
sample_000054_0064,ixi,mra,IXI127-HH-1451-MRA_IXI-HH,test,124,131
sample_000057_0073,ixi,mra,IXI130-HH-1528-MRA_IXI-HH,test,124,135
sample_000081_0117,ixi,mra,IXI177-Guys-0831-MRA_IXI-Guys,test,124,122
sample_000094_0103,ixi,mra,IXI218-HH-1815-MRA_IXI-HH,test,124,120
sample_000014_0075,ixi,mra,IXI062-Guys-0740-MRA_IXI-Guys,train,123,135
sample_000015_0032,ixi,mra,IXI064-Guys-0743-MRA_IXI-Guys,train,123,133
sample_000017_0061,ixi,mra,IXI066-Guys-0731-MRA_IXI-Guys,train,123,127
sample_000018_0009,ixi,mra,IXI068-Guys-0756-MRA_IXI-Guys,train,123,119
sample_000022_0009,ixi,mra,IXI073-Guys-0755-MRA_IXI-Guys,train,123,120
sample_000026_0032,ixi,mra,IXI078-Guys-0751-MRA_IXI-Guys,train,123,132
sample_000026_0129,ixi,mra,IXI078-Guys-0751-MRA_IXI-Guys,train,123,115
sample_000027_0103,ixi,mra,IXI083-HH-1357-MRA_IXI-HH,train,123,127
sample_000030_0009,ixi,mra,IXI086-Guys-0728-MRA_IXI-Guys,train,123,115
sample_000032_0111,ixi,mra,IXI091-Guys-0762-MRA_IXI-Guys,train,123,125
sample_000033_0075,ixi,mra,IXI092-HH-1436-MRA_IXI-HH,train,123,140
sample_000035_0131,ixi,mra,IXI094-HH-1355-MRA_IXI-HH,train,123,119
sample_000037_0075,ixi,mra,IXI096-HH-1391-MRA_IXI-HH,train,123,144
sample_000042_0102,ixi,mra,IXI103-Guys-0750-MRA_IXI-Guys,train,123,137
sample_000043_0105,ixi,mra,IXI104-HH-1450-MRA_IXI-HH,train,123,122
sample_000045_0075,ixi,mra,IXI106-Guys-0760-MRA_IXI-Guys,train,123,136
sample_000045_0112,ixi,mra,IXI106-Guys-0760-MRA_IXI-Guys,train,123,134
sample_000053_0030,ixi,mra,IXI123-Guys-0774-MRA_IXI-Guys,train,123,131
sample_000055_0067,ixi,mra,IXI128-HH-1470-MRA_IXI-HH,train,123,137
sample_000060_0011,ixi,mra,IXI135-Guys-0779-MRA_IXI-Guys,train,123,116
sample_000060_0115,ixi,mra,IXI135-Guys-0779-MRA_IXI-Guys,train,123,115
sample_000061_0066,ixi,mra,IXI136-HH-1452-MRA_IXI-HH,train,123,147
sample_000062_0102,ixi,mra,IXI137-HH-1472-MRA_IXI-HH,train,123,138
sample_000065_0067,ixi,mra,IXI146-HH-1389-MRA_IXI-HH,train,123,140
sample_000069_0027,ixi,mra,IXI159-HH-1549-MRA_IXI-HH,train,123,123
sample_000075_0075,ixi,mra,IXI167-HH-1569-MRA_IXI-HH,train,123,128
sample_000077_0101,ixi,mra,IXI170-Guys-0843-MRA_IXI-Guys,train,123,120
sample_000085_0088,ixi,mra,IXI195-HH-1620-MRA_IXI-HH,train,123,135
sample_000085_0111,ixi,mra,IXI195-HH-1620-MRA_IXI-HH,train,123,129
sample_000095_0118,ixi,mra,IXI219-Guys-0894-MRA_IXI-Guys,train,123,119
sample_000106_0069,ixi,mra,IXI253-HH-1694-MRA_IXI-HH,train,123,125
sample_000107_0012,ixi,mra,IXI254-HH-1705-MRA_IXI-HH,train,123,128
sample_000112_0119,ixi,mra,IXI265-Guys-0845-MRA_IXI-Guys,train,123,122
sample_000121_0031,ixi,mra,IXI280-HH-1860-MRA_IXI-HH,train,123,126
sample_000122_0013,ixi,mra,IXI282-HH-2025-MRA_IXI-HH,train,123,125
sample_000130_0028,ixi,mra,IXI307-IOP-0872-MRA_IXI-IOP,train,123,132
sample_000132_0113,ixi,mra,IXI322-IOP-0891-MRA_IXI-IOP,train,123,126
sample_000138_0118,ixi,mra,IXI347-IOP-0927-MRA_IXI-IOP,train,123,122
sample_000148_0011,ixi,mra,IXI426-IOP-1011-MRA_IXI-IOP,train,123,121
sample_000156_0010,ixi,mra,IXI478-IOP-1142-MRA_IXI-IOP,train,123,125
sample_000160_0075,ixi,mra,IXI542-IOP-1147-MRA_IXI-IOP,train,123,119
sample_000165_0120,ixi,mra,IXI571-IOP-1154-MRA_IXI-IOP,train,123,126
sample_000006_0119,ixi,mra,IXI043-Guys-0714-MRA_IXI-Guys,val,123,119
sample_000039_0151,ixi,mra,IXI099-Guys-0748-MRA_IXI-Guys,val,123,119
sample_000046_0116,ixi,mra,IXI107-Guys-0761-MRA_IXI-Guys,val,123,124
sample_000076_0075,ixi,mra,IXI168-HH-1607-MRA_IXI-HH,val,123,143
sample_000147_0050,ixi,mra,IXI425-IOP-0988-MRA_IXI-IOP,val,123,134
sample_000166_0103,ixi,mra,IXI580-IOP-1157-MRA_IXI-IOP,val,123,128
sample_000048_0066,ixi,mra,IXI112-Guys-0735-MRA_IXI-Guys,test,123,139
sample_000048_0135,ixi,mra,IXI112-Guys-0735-MRA_IXI-Guys,test,123,115
sample_000052_0060,ixi,mra,IXI122-Guys-0773-MRA_IXI-Guys,test,123,125
sample_000054_0028,ixi,mra,IXI127-HH-1451-MRA_IXI-HH,test,123,132
sample_000094_0009,ixi,mra,IXI218-HH-1815-MRA_IXI-HH,test,123,120
sample_000101_0032,ixi,mra,IXI241-Guys-0833-MRA_IXI-Guys,test,123,129
sample_000004_0035,ixi,mra,IXI039-HH-1261-MRA_IXI-HH,train,122,123
sample_000007_0010,ixi,mra,IXI046-Guys-0824-MRA_IXI-Guys,train,122,133
sample_000020_0117,ixi,mra,IXI070-Guys-0767-MRA_IXI-Guys,train,122,120
sample_000025_0011,ixi,mra,IXI077-Guys-0752-MRA_IXI-Guys,train,122,113
sample_000026_0013,ixi,mra,IXI078-Guys-0751-MRA_IXI-Guys,train,122,115
sample_000033_0113,ixi,mra,IXI092-HH-1436-MRA_IXI-HH,train,122,113
sample_000037_0095,ixi,mra,IXI096-HH-1391-MRA_IXI-HH,train,122,143
sample_000042_0118,ixi,mra,IXI103-Guys-0750-MRA_IXI-Guys,train,122,132
sample_000043_0088,ixi,mra,IXI104-HH-1450-MRA_IXI-HH,train,122,125
sample_000043_0089,ixi,mra,IXI104-HH-1450-MRA_IXI-HH,train,122,124
sample_000059_0061,ixi,mra,IXI132-HH-1415-MRA_IXI-HH,train,122,124
sample_000064_0065,ixi,mra,IXI144-Guys-0788-MRA_IXI-Guys,train,122,127
sample_000067_0061,ixi,mra,IXI150-HH-1550-MRA_IXI-HH,train,122,134
sample_000068_0009,ixi,mra,IXI156-Guys-0837-MRA_IXI-Guys,train,122,122
sample_000073_0015,ixi,mra,IXI165-HH-1589-MRA_IXI-HH,train,122,116
sample_000087_0100,ixi,mra,IXI197-Guys-0811-MRA_IXI-Guys,train,122,128
sample_000092_0101,ixi,mra,IXI214-HH-1636-MRA_IXI-HH,train,122,119
sample_000095_0026,ixi,mra,IXI219-Guys-0894-MRA_IXI-Guys,train,122,131
sample_000097_0069,ixi,mra,IXI226-HH-1618-MRA_IXI-HH,train,122,123
sample_000100_0069,ixi,mra,IXI239-HH-2296-MRA_IXI-HH,train,122,123
sample_000105_0010,ixi,mra,IXI252-HH-1693-MRA_IXI-HH,train,122,133
sample_000109_0029,ixi,mra,IXI258-HH-1769-MRA_IXI-HH,train,122,118
sample_000124_0064,ixi,mra,IXI291-IOP-0882-MRA_IXI-IOP,train,122,135
sample_000128_0118,ixi,mra,IXI305-IOP-0871-MRA_IXI-IOP,train,122,127
sample_000132_0112,ixi,mra,IXI322-IOP-0891-MRA_IXI-IOP,train,122,129
sample_000138_0119,ixi,mra,IXI347-IOP-0927-MRA_IXI-IOP,train,122,121
sample_000148_0110,ixi,mra,IXI426-IOP-1011-MRA_IXI-IOP,train,122,119
sample_000148_0130,ixi,mra,IXI426-IOP-1011-MRA_IXI-IOP,train,122,130
sample_000154_0119,ixi,mra,IXI475-IOP-1139-MRA_IXI-IOP,train,122,121
sample_000165_0100,ixi,mra,IXI571-IOP-1154-MRA_IXI-IOP,train,122,124
sample_000012_0129,ixi,mra,IXI058-Guys-0726-MRA_IXI-Guys,val,122,123
sample_000051_0102,ixi,mra,IXI121-Guys-0772-MRA_IXI-Guys,val,122,129
sample_000058_0133,ixi,mra,IXI131-HH-1527-MRA_IXI-HH,val,122,122
sample_000071_0009,ixi,mra,IXI162-HH-1548-MRA_IXI-HH,val,122,122
sample_000155_0011,ixi,mra,IXI477-IOP-1141-MRA_IXI-IOP,val,122,120
sample_000163_0030,ixi,mra,IXI561-IOP-1152-MRA_IXI-IOP,val,122,125
sample_000048_0009,ixi,mra,IXI112-Guys-0735-MRA_IXI-Guys,test,122,118
sample_000054_0080,ixi,mra,IXI127-HH-1451-MRA_IXI-HH,test,122,133
sample_000054_0082,ixi,mra,IXI127-HH-1451-MRA_IXI-HH,test,122,125
sample_000057_0113,ixi,mra,IXI130-HH-1528-MRA_IXI-HH,test,122,119
sample_000081_0118,ixi,mra,IXI177-Guys-0831-MRA_IXI-Guys,test,122,130
sample_000101_0013,ixi,mra,IXI241-Guys-0833-MRA_IXI-Guys,test,122,115
sample_000101_0031,ixi,mra,IXI241-Guys-0833-MRA_IXI-Guys,test,122,117
sample_000101_0072,ixi,mra,IXI241-Guys-0833-MRA_IXI-Guys,test,122,133
sample_000004_0032,ixi,mra,IXI039-HH-1261-MRA_IXI-HH,train,121,145
sample_000024_0028,ixi,mra,IXI076-Guys-0753-MRA_IXI-Guys,train,121,133
sample_000025_0007,ixi,mra,IXI077-Guys-0752-MRA_IXI-Guys,train,121,121
sample_000026_0011,ixi,mra,IXI078-Guys-0751-MRA_IXI-Guys,train,121,110
sample_000034_0119,ixi,mra,IXI093-HH-1359-MRA_IXI-HH,train,121,125
sample_000042_0028,ixi,mra,IXI103-Guys-0750-MRA_IXI-Guys,train,121,129
sample_000049_0051,ixi,mra,IXI113-Guys-0776-MRA_IXI-Guys,train,121,121
sample_000061_0102,ixi,mra,IXI136-HH-1452-MRA_IXI-HH,train,121,128
sample_000061_0103,ixi,mra,IXI136-HH-1452-MRA_IXI-HH,train,121,122
sample_000061_0117,ixi,mra,IXI136-HH-1452-MRA_IXI-HH,train,121,123
sample_000074_0117,ixi,mra,IXI166-Guys-0846-MRA_IXI-Guys,train,121,123
sample_000074_0118,ixi,mra,IXI166-Guys-0846-MRA_IXI-Guys,train,121,124
sample_000079_0103,ixi,mra,IXI174-HH-1571-MRA_IXI-HH,train,121,116
sample_000083_0066,ixi,mra,IXI189-Guys-0799-MRA_IXI-Guys,train,121,138
sample_000087_0115,ixi,mra,IXI197-Guys-0811-MRA_IXI-Guys,train,121,120
sample_000088_0028,ixi,mra,IXI201-HH-1588-MRA_IXI-HH,train,121,130
sample_000088_0100,ixi,mra,IXI201-HH-1588-MRA_IXI-HH,train,121,125
sample_000090_0011,ixi,mra,IXI205-HH-1649-MRA_IXI-HH,train,121,121
sample_000091_0069,ixi,mra,IXI207-Guys-0809-MRA_IXI-Guys,train,121,127
sample_000091_0101,ixi,mra,IXI207-Guys-0809-MRA_IXI-Guys,train,121,118
sample_000096_0026,ixi,mra,IXI222-Guys-0819-MRA_IXI-Guys,train,121,126
sample_000106_0013,ixi,mra,IXI253-HH-1694-MRA_IXI-HH,train,121,114
sample_000108_0008,ixi,mra,IXI256-HH-1723-MRA_IXI-HH,train,121,127
sample_000108_0117,ixi,mra,IXI256-HH-1723-MRA_IXI-HH,train,121,122
sample_000109_0062,ixi,mra,IXI258-HH-1769-MRA_IXI-HH,train,121,125
sample_000125_0064,ixi,mra,IXI292-IOP-0877-MRA_IXI-IOP,train,121,136
sample_000139_0100,ixi,mra,IXI371-IOP-0970-MRA_IXI-IOP,train,121,134
sample_000150_0118,ixi,mra,IXI462-IOP-1042-MRA_IXI-IOP,train,121,128
sample_000159_0100,ixi,mra,IXI541-IOP-1146-MRA_IXI-IOP,train,121,129
sample_000175_0092,topbrain,mr,topcow_mr_006,train,121,132
sample_000023_0026,ixi,mra,IXI074-Guys-0771-MRA_IXI-Guys,val,121,130
sample_000039_0131,ixi,mra,IXI099-Guys-0748-MRA_IXI-Guys,val,121,120
sample_000058_0027,ixi,mra,IXI131-HH-1527-MRA_IXI-HH,val,121,123
sample_000071_0010,ixi,mra,IXI162-HH-1548-MRA_IXI-HH,val,121,132
sample_000155_0066,ixi,mra,IXI477-IOP-1141-MRA_IXI-IOP,val,121,146
sample_000028_0028,ixi,mra,IXI084-Guys-0741-MRA_IXI-Guys,test,121,133
sample_000028_0030,ixi,mra,IXI084-Guys-0741-MRA_IXI-Guys,test,121,128
sample_000031_0031,ixi,mra,IXI087-Guys-0768-MRA_IXI-Guys,test,121,119
sample_000052_0007,ixi,mra,IXI122-Guys-0773-MRA_IXI-Guys,test,121,125
sample_000066_0100,ixi,mra,IXI148-HH-1453-MRA_IXI-HH,test,121,125
sample_000104_0099,ixi,mra,IXI248-HH-1972-MRA_IXI-HH,test,121,116
sample_000131_0031,ixi,mra,IXI315-IOP-0888-MRA_IXI-IOP,test,121,129
