dataset,modality,split,patches,nodes_count,nodes_minimum,nodes_median,nodes_p95,nodes_p99,nodes_maximum,nodes_over_70,nodes_over_120,nodes_over_192,edges_count,edges_minimum,edges_median,edges_p95,edges_p99,edges_maximum,edges_over_70,edges_over_120,edges_over_192
ixi,mra,test,2746,2746,0,36.0,123.75,155.55000000000018,221,680,159,4,2746,0,31.5,128.0,166.65000000000055,257,622,169,12
ixi,mra,train,15828,15828,0,36.5,123.0,159.0,239,4006,871,23,15828,0,32.0,127.0,169.0,261,3779,979,49
ixi,mra,val,3428,3428,0,36.0,129.0,164.73000000000002,235,921,239,8,3428,0,32.0,137.0,174.0,256,873,277,19
topbrain,ct,test,3868,3868,0,0.0,45.0,73.32999999999993,120,50,0,0,3868,0,0.0,43.0,72.32999999999993,134,46,1,0
topbrain,ct,train,4348,4348,0,0.0,48.0,72.52999999999975,133,50,1,0,4348,0,0.0,46.649999999999636,73.52999999999975,134,51,2,0
topbrain,ct,val,864,864,0,3.0,58.0,82.37,109,17,0,0,864,0,2.0,55.0,80.37,109,16,0,0
topbrain,mr,test,2240,2240,0,0.0,32.04999999999973,52.0,106,3,0,0,2240,0,0.0,29.0,52.220000000000255,106,4,0,0
topbrain,mr,train,14155,14155,0,0.0,28.0,46.0,121,8,1,0,14155,0,0.0,25.0,44.0,132,11,1,0
topbrain,mr,val,3136,3136,0,0.0,27.0,44.0,90,5,0,0,3136,0,0.0,24.0,44.0,89,5,0,0
