sample_id,patient_id,split,patch_index,start_d,start_h,start_w,node_count,edge_count,legacy_node_count,legacy_edge_count,graph_crop_changed,tangent_contact_count,image_mean,image_std,foreground_voxels,foreground_fraction,benchmark_split
sample_000077_0000,77,train,0,0,0,0,0,0,0,0,False,0,0.03505190089344978,0.10007700324058533,0,0.0,train
sample_000077_0001,77,train,1,0,0,36,0,0,0,0,False,0,0.022715279832482338,0.0825844407081604,0,0.0,train
sample_000077_0002,77,train,2,0,40,0,0,0,0,0,False,0,0.14938832819461823,0.16352742910385132,0,0.0,train
sample_000077_0003,77,train,3,0,40,36,0,0,0,0,False,0,0.12499015778303146,0.1603400707244873,0,0.0,train
sample_000077_0014,77,train,14,0,279,0,0,0,0,0,False,0,0.02898050658404827,0.09344001114368439,0,0.0,train
sample_000077_0015,77,train,15,0,279,36,0,0,0,0,False,0,0.06128300353884697,0.1273498833179474,0,0.0,train
sample_000077_0016,77,train,16,40,0,0,0,0,0,0,False,0,0.16564875841140747,0.16505366563796997,0,0.0,train
sample_000077_0017,77,train,17,40,0,36,0,0,0,0,False,0,0.11788316816091537,0.15791858732700348,0,0.0,train
sample_000077_0030,77,train,30,40,279,0,0,0,0,0,False,0,0.07706505805253983,0.13910868763923645,0,0.0,train
sample_000077_0064,77,train,64,160,0,0,0,0,0,0,False,0,0.18708127737045288,0.16370093822479248,0,0.0,train
sample_000077_0078,77,train,78,160,279,0,0,0,0,0,False,0,0.0568203367292881,0.12164244055747986,0,0.0,train
sample_000077_0079,77,train,79,160,279,36,0,0,0,0,False,0,0.1470479667186737,0.16011835634708405,0,0.0,train
sample_000077_0080,77,train,80,200,0,0,0,0,0,0,False,0,0.054483719170093536,0.12087716162204742,0,0.0,train
sample_000077_0094,77,train,94,200,279,0,0,0,0,0,False,0,0.016423068940639496,0.06985169649124146,0,0.0,train
sample_000077_0095,77,train,95,200,279,36,0,0,0,0,False,0,0.035035017877817154,0.09886547923088074,0,0.0,train
sample_000106_0000,106,train,0,0,0,0,0,0,0,0,False,0,0.02184673771262169,0.08420145511627197,0,0.0,train
sample_000106_0016,106,train,16,0,297,0,0,0,0,0,False,0,0.0760858803987503,0.14749212563037872,0,0.0,train
sample_000106_0017,106,train,17,0,297,36,0,0,0,0,False,0,0.1158103421330452,0.17017120122909546,0,0.0,train
sample_000106_0018,106,train,18,0,334,0,0,0,0,0,False,0,0.022963259369134903,0.08774333447217941,0,0.0,train
sample_000106_0019,106,train,19,0,334,36,0,0,0,0,False,0,0.03233155608177185,0.10314259678125381,0,0.0,train
sample_000106_0020,106,train,20,39,0,0,0,0,0,0,False,0,0.14947493374347687,0.179329052567482,0,0.0,train
sample_000106_0036,106,train,36,39,297,0,0,0,0,0,False,0,0.19866661727428436,0.18599702417850494,0,0.0,train
sample_000106_0037,106,train,37,39,297,36,0,0,0,0,False,0,0.3145684003829956,0.1393970400094986,0,0.0,train
sample_000106_0038,106,train,38,39,334,0,0,0,0,0,False,0,0.10582897067070007,0.1645394265651703,0,0.0,train
sample_000106_0039,106,train,39,39,334,36,0,0,0,0,False,0,0.16461685299873352,0.18183034658432007,0,0.0,train
sample_000106_0080,106,train,80,157,0,0,0,0,0,0,False,0,0.28127938508987427,0.16000661253929138,0,0.0,train
sample_000106_0096,106,train,96,157,297,0,0,0,0,0,False,0,0.2479000985622406,0.17834027111530304,0,0.0,train
sample_000106_0098,106,train,98,157,334,0,0,0,0,0,False,0,0.1728154867887497,0.1862538456916809,0,0.0,train
sample_000106_0100,106,train,100,196,0,0,0,0,0,0,False,0,0.14742566645145416,0.17757226526737213,0,0.0,train
sample_000106_0116,106,train,116,196,297,0,0,0,0,0,False,0,0.17863702774047852,0.18409177660942078,0,0.0,train
sample_000106_0118,106,train,118,196,334,0,0,0,0,0,False,0,0.08664850890636444,0.1546613574028015,0,0.0,train
sample_000106_0120,106,train,120,235,0,0,0,0,0,0,False,0,0.02043560892343521,0.07994350790977478,0,0.0,train
sample_000106_0136,106,train,136,235,297,0,0,0,0,0,False,0,0.04613650590181351,0.12029114365577698,0,0.0,train
sample_000106_0138,106,train,138,235,334,0,0,0,0,0,False,0,0.010860133916139603,0.060776811093091965,0,0.0,train
sample_000106_0139,106,train,139,235,334,36,0,0,0,0,False,0,0.013611838221549988,0.06778433918952942,0,0.0,train
sample_000148_0000,148,train,0,0,0,0,0,0,0,0,False,0,0.03186102211475372,0.10333510488271713,0,0.0,train
sample_000148_0016,148,train,16,0,315,0,0,0,0,0,False,0,0.0036428547464311123,0.03435756638646126,0,0.0,train
sample_000148_0017,148,train,17,0,315,36,0,0,0,0,False,0,0.009603409096598625,0.056346528232097626,0,0.0,train
sample_000148_0018,148,train,18,34,0,0,0,0,0,0,False,0,0.15551000833511353,0.18647684156894684,0,0.0,train
sample_000148_0034,148,train,34,34,315,0,0,0,0,0,False,0,0.033050186932086945,0.10585825145244598,0,0.0,train
sample_000148_0036,148,train,36,69,0,0,0,0,0,0,False,0,0.27957016229629517,0.17090225219726562,0,0.0,train
sample_000148_0037,148,train,37,69,0,36,0,0,0,0,False,0,0.2410602569580078,0.1871606558561325,0,0.0,train
sample_000148_0050,148,train,50,69,276,0,0,0,0,0,False,0,0.15681983530521393,0.18969163298606873,1,3.814697265625e-06,train
sample_000148_0052,148,train,52,69,315,0,0,0,0,0,False,0,0.0808667466044426,0.1560901254415512,0,0.0,train
sample_000148_0054,148,train,54,103,0,0,0,0,0,0,False,0,0.2988851070404053,0.16222773492336273,0,0.0,train
sample_000148_0055,148,train,55,103,0,36,0,0,0,0,False,0,0.26641973853111267,0.17869827151298523,0,0.0,train
sample_000148_0072,148,train,72,138,0,0,0,0,0,0,False,0,0.2818700075149536,0.1700296849012375,0,0.0,train
sample_000148_0090,148,train,90,172,0,0,0,0,0,0,False,0,0.24983493983745575,0.1810685247182846,0,0.0,train
sample_000148_0106,148,train,106,172,315,0,0,0,0,0,False,0,0.09508012980222702,0.16670748591423035,0,0.0,train
sample_000148_0108,148,train,108,207,0,0,0,0,0,0,False,0,0.12879645824432373,0.17756043374538422,0,0.0,train
sample_000148_0124,148,train,124,207,315,0,0,0,0,0,False,0,0.044341351836919785,0.1209779605269432,0,0.0,train
sample_000148_0125,148,train,125,207,315,36,0,0,0,0,False,0,0.11288245022296906,0.17213375866413116,0,0.0,train
sample_000148_0126,148,train,126,241,0,0,0,0,0,0,False,0,0.02087838016450405,0.08267958462238312,0,0.0,train
sample_000148_0142,148,train,142,241,315,0,0,0,0,0,False,0,0.007059778086841106,0.04980242997407913,0,0.0,train
sample_000148_0143,148,train,143,241,315,36,0,0,0,0,False,0,0.014642375521361828,0.07062522321939468,0,0.0,train
sample_000425_0000,425,train,0,0,0,0,0,0,0,0,False,0,0.050028860569000244,0.14288006722927094,3,1.1444091796875e-05,train
sample_000425_0016,425,train,16,0,287,0,0,0,0,0,False,0,0.055877525359392166,0.14014573395252228,0,0.0,train
sample_000425_0017,425,train,17,0,287,28,0,0,0,0,False,0,0.048065364360809326,0.12996014952659607,0,0.0,train
sample_000425_0034,425,train,34,36,287,0,0,0,0,0,False,0,0.20388856530189514,0.19929508864879608,0,0.0,train
sample_000425_0106,425,train,106,178,287,0,0,0,0,0,False,0,0.16209761798381805,0.19656813144683838,0,0.0,train
sample_000425_0107,425,train,107,178,287,28,0,0,0,0,False,0,0.13889914751052856,0.18871676921844482,0,0.0,train
sample_000425_0124,425,train,124,213,287,0,0,0,0,0,False,0,0.021689634770154953,0.09015859663486481,0,0.0,train
sample_000425_0125,425,train,125,213,287,28,0,0,0,0,False,0,0.019504347816109657,0.08341298252344131,0,0.0,train
sample_000077_0031,77,train,31,40,279,36,2,1,2,1,True,0,0.18855206668376923,0.16407902538776398,44,0.0001678466796875,train
sample_000106_0101,106,train,101,196,0,36,2,1,2,1,True,0,0.11627037823200226,0.16810989379882812,15,5.7220458984375e-05,train
sample_000106_0121,106,train,121,235,0,36,2,1,2,1,True,0,0.019118014723062515,0.07869330793619156,15,5.7220458984375e-05,train
sample_000106_0122,106,train,122,235,37,0,2,1,2,1,True,0,0.11864487826824188,0.1686314046382904,21,8.0108642578125e-05,train
sample_000148_0002,148,train,2,0,39,0,2,1,2,1,True,0,0.14748260378837585,0.18371707201004028,21,8.0108642578125e-05,train
sample_000148_0020,148,train,20,34,39,0,2,1,2,1,True,0,0.328085720539093,0.13653482496738434,21,8.0108642578125e-05,train
sample_000148_0104,148,train,104,172,276,0,2,1,2,1,True,0,0.16953951120376587,0.19384661316871643,49,0.000186920166015625,train
sample_000148_0107,148,train,107,172,315,36,2,1,2,1,True,0,0.24602088332176208,0.1854272186756134,22,8.392333984375e-05,train
sample_000425_0035,425,train,35,36,287,28,2,1,2,1,True,0,0.1859149932861328,0.20022818446159363,6,2.288818359375e-05,train
sample_000106_0106,106,train,106,196,111,0,3,2,3,2,True,0,0.3533003628253937,0.07987122982740402,78,0.00029754638671875,train
sample_000106_0119,106,train,119,196,334,36,3,2,3,2,True,0,0.12455935031175613,0.17146708071231842,66,0.00025177001953125,train
sample_000148_0109,148,train,109,207,0,36,3,2,3,2,True,0,0.10243536531925201,0.16856186091899872,12,4.57763671875e-05,train
sample_000148_0127,148,train,127,241,0,36,3,2,3,2,True,0,0.0142665421590209,0.07003157585859299,12,4.57763671875e-05,train
sample_000425_0091,425,train,91,178,0,28,3,2,3,2,True,0,0.18266448378562927,0.2071482092142105,61,0.000232696533203125,train
sample_000425_0109,425,train,109,213,0,28,3,2,3,2,True,0,0.045589856803417206,0.12597742676734924,61,0.000232696533203125,train
sample_000106_0002,106,train,2,0,37,0,4,3,4,3,False,0,0.12058569490909576,0.1713230460882187,88,0.000335693359375,train
sample_000106_0004,106,train,4,0,74,0,4,3,4,3,True,0,0.2252705842256546,0.18034960329532623,66,0.00025177001953125,train
sample_000106_0040,106,train,40,78,0,0,4,3,4,3,True,0,0.2728489637374878,0.16792400181293488,38,0.00014495849609375,train
sample_000106_0060,106,train,60,118,0,0,4,3,4,3,True,0,0.2884136140346527,0.15741680562496185,38,0.00014495849609375,train
sample_000106_0081,106,train,81,157,0,36,4,3,4,3,True,0,0.21483449637889862,0.18304511904716492,13,4.9591064453125e-05,train
sample_000148_0035,148,train,35,34,315,36,4,3,4,3,True,0,0.09206914156675339,0.15981605648994446,26,9.918212890625e-05,train
sample_000077_0032,77,train,32,80,0,0,5,4,5,4,True,0,0.23022626340389252,0.15060724318027496,50,0.00019073486328125,train
sample_000077_0066,77,train,66,160,40,0,5,4,5,4,True,0,0.31693732738494873,0.07526382803916931,62,0.00023651123046875,train
sample_000106_0091,106,train,91,157,186,36,5,4,5,4,True,0,0.36416444182395935,0.07741310447454453,98,0.00037384033203125,train
sample_000106_0102,106,train,102,196,37,0,5,3,5,3,True,0,0.31542423367500305,0.13279597461223602,81,0.000308990478515625,train
sample_000148_0110,148,train,110,207,39,0,5,4,5,4,True,0,0.32301175594329834,0.14279276132583618,115,0.000438690185546875,train
sample_000425_0001,425,train,1,0,0,28,5,4,5,4,True,0,0.038409486413002014,0.12566904723644257,56,0.000213623046875,train
sample_000106_0058,106,train,58,78,334,0,6,5,6,5,True,0,0.17665262520313263,0.18117684125900269,135,0.000514984130859375,train
sample_000106_0104,106,train,104,196,74,0,6,4,6,4,True,0,0.35871487855911255,0.07238597422838211,140,0.0005340576171875,train
sample_000106_0117,106,train,117,196,297,36,6,5,6,5,True,0,0.27025192975997925,0.16559267044067383,29,0.000110626220703125,train
sample_000106_0137,106,train,137,235,297,36,6,5,6,5,True,0,0.06737872213125229,0.14114725589752197,29,0.000110626220703125,train
sample_000148_0001,148,train,1,0,0,36,6,4,6,4,True,0,0.029695626348257065,0.10102678090333939,103,0.000392913818359375,train
sample_000148_0019,148,train,19,34,0,36,6,4,6,4,True,0,0.13581520318984985,0.18293967843055725,106,0.00040435791015625,train
sample_000425_0018,425,train,18,36,0,0,6,4,6,4,True,0,0.2258412092924118,0.23709040880203247,164,0.0006256103515625,train
sample_000425_0073,425,train,73,142,0,28,6,5,6,5,True,0,0.2744691073894501,0.20121385157108307,45,0.000171661376953125,train
sample_000077_0018,77,train,18,40,40,0,7,5,7,5,True,0,0.313169002532959,0.08325982838869095,118,0.00045013427734375,train
sample_000077_0048,77,train,48,120,0,0,7,6,7,6,True,0,0.23976613581180573,0.14705076813697815,81,0.000308990478515625,train
sample_000077_0082,77,train,82,200,40,0,7,6,7,6,True,0,0.17980165779590607,0.16380935907363892,195,0.000743865966796875,train
sample_000106_0124,106,train,124,235,74,0,7,4,7,4,True,0,0.2323155254125595,0.177723228931427,163,0.000621795654296875,train
sample_000148_0022,148,train,22,34,79,0,7,4,7,4,True,0,0.36346277594566345,0.09127075225114822,214,0.00081634521484375,train
sample_000148_0070,148,train,70,103,315,0,7,5,7,5,True,0,0.11966905742883682,0.1768186390399933,230,0.00087738037109375,train
sample_000148_0088,148,train,88,138,315,0,7,5,7,5,True,0,0.1263739913702011,0.1814218908548355,230,0.00087738037109375,train
sample_000148_0128,148,train,128,241,39,0,7,5,7,5,True,0,0.13695770502090454,0.18049503862857819,108,0.0004119873046875,train
sample_000148_0140,148,train,140,241,276,0,7,5,7,5,True,0,0.03521239385008812,0.10948888212442398,105,0.000400543212890625,train
sample_000148_0141,148,train,141,241,276,36,7,5,7,5,True,0,0.0789291188120842,0.15330854058265686,105,0.000400543212890625,train
sample_000077_0065,77,train,65,160,0,36,8,6,8,6,True,0,0.1435823142528534,0.1648636907339096,155,0.000591278076171875,train
sample_000106_0001,106,train,1,0,0,36,8,6,8,6,True,0,0.020421156659722328,0.08301151543855667,119,0.000453948974609375,train
sample_000106_0022,106,train,22,39,37,0,8,5,8,5,True,0,0.31968554854393005,0.1312241554260254,60,0.0002288818359375,train
sample_000106_0041,106,train,41,78,0,36,8,6,8,6,True,0,0.21242716908454895,0.18554697930812836,144,0.00054931640625,train
sample_000148_0122,148,train,122,207,276,0,8,6,8,6,True,0,0.11639949679374695,0.17623135447502136,218,0.00083160400390625,train
sample_000425_0019,425,train,19,36,0,28,8,6,8,6,True,0,0.18196448683738708,0.22144173085689545,109,0.000415802001953125,train
sample_000425_0088,425,train,88,142,287,0,8,6,8,6,True,0,0.2739570736885071,0.18538199365139008,147,0.000560760498046875,train
sample_000106_0006,106,train,6,0,111,0,9,6,9,6,True,0,0.2787103056907654,0.160835862159729,180,0.0006866455078125,train
sample_000106_0024,106,train,24,39,74,0,9,7,9,7,True,0,0.36081695556640625,0.07126692682504654,170,0.00064849853515625,train
sample_000106_0123,106,train,123,235,37,36,9,6,9,6,True,0,0.12310793250799179,0.17248398065567017,189,0.000720977783203125,train
sample_000148_0091,148,train,91,172,0,36,9,7,9,7,True,0,0.21962876617908478,0.19151368737220764,151,0.000576019287109375,train
sample_000077_0019,77,train,19,40,40,36,10,8,10,8,True,0,0.287018358707428,0.11937583982944489,214,0.00081634521484375,train
sample_000077_0081,77,train,81,200,0,36,10,8,10,8,True,0,0.042812779545784,0.11083202064037323,186,0.00070953369140625,train
sample_000106_0026,106,train,26,39,111,0,10,8,10,8,True,0,0.35632258653640747,0.08175171166658401,356,0.0013580322265625,train
sample_000106_0061,106,train,61,118,0,36,10,8,10,8,True,0,0.22439734637737274,0.18294009566307068,150,0.00057220458984375,train
sample_000106_0078,106,train,78,118,334,0,10,8,10,8,True,0,0.19235298037528992,0.18267320096492767,414,0.00157928466796875,train
sample_000148_0073,148,train,73,138,0,36,10,9,10,9,True,0,0.2595318853855133,0.18186692893505096,189,0.000720977783203125,train
sample_000425_0072,425,train,72,142,0,0,10,8,10,8,True,0,0.338030606508255,0.20075415074825287,139,0.000530242919921875,train
sample_000425_0108,425,train,108,213,0,0,10,7,10,7,True,0,0.058602023869752884,0.14461152255535126,211,0.000804901123046875,train
sample_000077_0092,77,train,92,200,239,0,11,7,11,7,True,0,0.06478842347860336,0.12929892539978027,112,0.00042724609375,train
sample_000106_0049,106,train,49,78,148,36,11,8,11,8,True,0,0.3580230474472046,0.08812445402145386,348,0.0013275146484375,train
sample_000106_0103,106,train,103,196,37,36,11,7,9,6,True,0,0.2991550862789154,0.14817635715007782,194,0.00074005126953125,train
sample_000106_0107,106,train,107,196,111,36,11,9,11,9,True,0,0.3635522127151489,0.07173442095518112,432,0.00164794921875,train
sample_000148_0014,148,train,14,0,276,0,11,9,11,9,True,0,0.028678731992840767,0.09924668818712234,190,0.00072479248046875,train
sample_000425_0037,425,train,37,71,0,28,11,8,11,8,True,0,0.2932705581188202,0.2100207805633545,189,0.000720977783203125,train
sample_000077_0049,77,train,49,120,0,36,12,10,12,10,True,0,0.19109538197517395,0.16775235533714294,175,0.000667572021484375,train
sample_000106_0021,106,train,21,39,0,36,12,9,12,9,True,0,0.11914706975221634,0.17194247245788574,212,0.0008087158203125,train
sample_000106_0089,106,train,89,157,148,36,12,10,12,10,True,0,0.35686445236206055,0.08476196974515915,272,0.00103759765625,train
sample_000148_0032,148,train,32,34,276,0,12,10,12,10,True,0,0.10407742112874985,0.16919687390327454,253,0.000965118408203125,train
sample_000425_0036,425,train,36,71,0,0,12,9,12,9,True,0,0.3524026870727539,0.2057955414056778,308,0.0011749267578125,train
sample_000106_0097,106,train,97,157,297,36,13,11,13,11,True,0,0.3630741238594055,0.08181480318307877,265,0.001010894775390625,train
sample_000148_0038,148,train,38,69,39,0,13,11,13,11,True,0,0.38108029961586,0.057717740535736084,403,0.001537322998046875,train
sample_000148_0105,148,train,105,172,276,36,13,11,13,11,True,0,0.36993902921676636,0.0914214700460434,363,0.001384735107421875,train
sample_000425_0054,425,train,54,106,0,0,13,10,13,10,True,0,0.3457697629928589,0.19601716101169586,199,0.000759124755859375,train
sample_000425_0055,425,train,55,106,0,28,13,10,13,10,True,0,0.28591498732566833,0.1959335207939148,199,0.000759124755859375,train
sample_000425_0089,425,train,89,142,287,28,13,9,13,9,True,0,0.2718392610549927,0.18395592272281647,285,0.001087188720703125,train
sample_000106_0025,106,train,25,39,74,36,14,9,14,9,True,0,0.36025726795196533,0.0759069100022316,231,0.000881195068359375,train
sample_000106_0051,106,train,51,78,186,36,14,12,14,12,True,0,0.36068102717399597,0.08324205875396729,114,0.00043487548828125,train
sample_000148_0112,148,train,112,207,79,0,14,12,14,12,True,0,0.37665846943855286,0.06672186404466629,494,0.00188446044921875,train
sample_000148_0129,148,train,129,241,39,36,14,10,14,10,True,0,0.11142808943986893,0.1726016104221344,213,0.000812530517578125,train
sample_000077_0020,77,train,20,40,80,0,15,11,15,11,True,0,0.31977832317352295,0.06761328876018524,342,0.00130462646484375,train
sample_000077_0046,77,train,46,80,279,0,15,11,15,11,True,0,0.11385717988014221,0.15585345029830933,440,0.001678466796875,train
sample_000106_0053,106,train,53,78,223,36,15,12,15,12,True,0,0.356539249420166,0.08395957201719284,275,0.001049041748046875,train
sample_000148_0004,148,train,4,0,79,0,15,11,15,11,True,0,0.2441660314798355,0.18552140891551971,534,0.00203704833984375,train
sample_000148_0051,148,train,51,69,276,36,15,12,15,12,True,0,0.35657137632369995,0.1116068884730339,675,0.002574920654296875,train
sample_000425_0090,425,train,90,178,0,0,15,12,15,12,True,0,0.23128965497016907,0.22357329726219177,340,0.0012969970703125,train
sample_000077_0093,77,train,93,200,239,36,16,12,16,12,True,0,0.12094950675964355,0.1587110012769699,350,0.00133514404296875,train
sample_000106_0047,106,train,47,78,111,36,16,13,16,13,True,0,0.35869958996772766,0.0885685384273529,509,0.001941680908203125,train
sample_000106_0126,106,train,126,235,111,0,16,11,16,11,True,0,0.2896353602409363,0.1525452733039856,367,0.001399993896484375,train
sample_000148_0053,148,train,53,69,315,36,16,13,16,13,True,0,0.22068893909454346,0.19047264754772186,471,0.001796722412109375,train
sample_000077_0033,77,train,33,80,0,36,17,16,17,16,True,0,0.18628662824630737,0.1683139204978943,327,0.001247406005859375,train
sample_000148_0056,148,train,56,103,39,0,17,14,17,14,True,0,0.37948960065841675,0.07025300711393356,444,0.0016937255859375,train
sample_000148_0123,148,train,123,207,276,36,17,15,17,15,True,0,0.26506727933883667,0.1802779734134674,537,0.002048492431640625,train
sample_000425_0002,425,train,2,0,36,0,17,15,17,15,True,0,0.19508343935012817,0.22548121213912964,479,0.001827239990234375,train
sample_000425_0097,425,train,97,178,108,28,17,14,17,14,True,0,0.34971165657043457,0.076773501932621,1175,0.004482269287109375,train
sample_000077_0068,77,train,68,160,80,0,18,14,18,14,True,0,0.32020533084869385,0.0670294389128685,373,0.001422882080078125,train
sample_000106_0099,106,train,99,157,334,36,18,15,18,15,True,0,0.25921735167503357,0.17299742996692657,420,0.0016021728515625,train
sample_000148_0039,148,train,39,69,39,36,18,16,18,16,True,0,0.3824706971645355,0.05984468758106232,561,0.002140045166015625,train
sample_000425_0081,425,train,81,142,144,28,18,14,18,14,True,0,0.3304232656955719,0.07401824742555618,717,0.002735137939453125,train
sample_000077_0004,77,train,4,0,80,0,19,15,19,15,True,0,0.2277640849351883,0.15333540737628937,185,0.000705718994140625,train
sample_000106_0105,106,train,105,196,74,36,19,14,17,13,True,0,0.3603127598762512,0.07665921747684479,354,0.00135040283203125,train
sample_000077_0062,77,train,62,120,279,0,20,17,20,17,True,0,0.09964045137166977,0.15113282203674316,554,0.00211334228515625,train
sample_000077_0069,77,train,69,160,80,36,20,15,20,15,True,0,0.3266144394874573,0.061831384897232056,418,0.00159454345703125,train
sample_000106_0042,106,train,42,78,37,0,20,16,20,16,True,0,0.3656417429447174,0.07123520225286484,388,0.0014801025390625,train
sample_000106_0043,106,train,43,78,37,36,20,16,20,16,True,0,0.3561713695526123,0.08848819881677628,444,0.0016937255859375,train
sample_000106_0045,106,train,45,78,74,36,20,18,20,18,True,0,0.3658927083015442,0.07433374226093292,629,0.002399444580078125,train
sample_000106_0062,106,train,62,118,37,0,20,14,20,14,True,0,0.34964820742607117,0.09186667203903198,263,0.001003265380859375,train
sample_000106_0087,106,train,87,157,111,36,20,16,20,16,True,0,0.3535730838775635,0.09259074181318283,704,0.002685546875,train
sample_000148_0111,148,train,111,207,39,36,20,18,20,18,True,0,0.2960664629936218,0.16605252027511597,492,0.0018768310546875,train
sample_000425_0033,425,train,33,36,251,28,20,17,20,17,True,0,0.3133837878704071,0.15276497602462769,491,0.001873016357421875,train
sample_000425_0111,425,train,111,213,36,28,21,18,21,18,True,0,0.16747215390205383,0.1915665715932846,550,0.00209808349609375,train
sample_000077_0067,77,train,67,160,40,36,22,16,22,16,True,0,0.3018418252468109,0.10375363379716873,281,0.001071929931640625,train
sample_000148_0057,148,train,57,103,39,36,22,19,22,19,True,0,0.38121023774147034,0.06373823434114456,622,0.00237274169921875,train
sample_000425_0032,425,train,32,36,251,0,22,18,22,18,True,0,0.29327401518821716,0.17114438116550446,488,0.001861572265625,train
sample_000077_0050,77,train,50,120,40,0,23,22,23,22,True,0,0.31756994128227234,0.0716528594493866,445,0.001697540283203125,train
sample_000106_0027,106,train,27,39,111,36,23,20,23,20,True,0,0.3643711507320404,0.07373448461294174,622,0.00237274169921875,train
sample_000106_0059,106,train,59,78,334,36,23,21,23,21,True,0,0.2603380084037781,0.17251485586166382,709,0.002704620361328125,train
sample_000425_0093,425,train,93,178,36,28,23,19,23,19,True,0,0.34059396386146545,0.1394013613462448,687,0.002620697021484375,train
sample_000077_0021,77,train,21,40,80,36,24,19,24,19,True,0,0.32641905546188354,0.0613924041390419,575,0.002193450927734375,train
sample_000425_0096,425,train,96,178,108,0,24,19,24,19,True,0,0.3517840802669525,0.096565842628479,1622,0.00618743896484375,train
sample_000077_0034,77,train,34,80,40,0,25,22,25,22,True,0,0.3203580677509308,0.07044051587581635,703,0.002681732177734375,train
sample_000425_0045,425,train,45,71,144,28,25,19,25,19,True,0,0.3362962603569031,0.07776246219873428,1105,0.004215240478515625,train
sample_000106_0023,106,train,23,39,37,36,26,21,26,21,True,0,0.3032383620738983,0.14826186001300812,668,0.0025482177734375,train
sample_000106_0088,106,train,88,157,148,0,26,22,26,22,True,0,0.35200998187065125,0.1010521650314331,1470,0.00560760498046875,train
sample_000148_0130,148,train,130,241,79,0,26,25,26,25,True,0,0.2502594590187073,0.18163031339645386,649,0.002475738525390625,train
sample_000425_0014,425,train,14,0,251,0,26,24,26,24,True,0,0.10748805850744247,0.1751880794763565,751,0.002864837646484375,train
sample_000425_0015,425,train,15,0,251,28,26,24,26,24,True,0,0.12416785955429077,0.17897140979766846,764,0.0029144287109375,train
sample_000425_0095,425,train,95,178,72,28,26,21,26,21,True,0,0.3632209002971649,0.07860083878040314,811,0.003093719482421875,train
sample_000425_0113,425,train,113,213,72,28,26,24,26,24,True,0,0.2705219089984894,0.17020457983016968,1416,0.005401611328125,train
sample_000106_0044,106,train,44,78,74,0,27,24,27,24,True,0,0.3603881597518921,0.08002500236034393,899,0.003429412841796875,train
sample_000106_0063,106,train,63,118,37,36,27,21,27,21,True,0,0.35088273882865906,0.09431114047765732,395,0.001506805419921875,train
sample_000106_0082,106,train,82,157,37,0,27,23,27,23,True,0,0.35926783084869385,0.07497986406087875,364,0.0013885498046875,train
sample_000106_0083,106,train,83,157,37,36,27,25,27,25,True,0,0.3535612225532532,0.09284365177154541,346,0.00131988525390625,train
sample_000106_0134,106,train,134,235,260,0,27,21,25,20,True,0,0.09772741049528122,0.1632610261440277,462,0.00176239013671875,train
sample_000148_0092,148,train,92,172,39,0,27,25,27,25,True,0,0.38117334246635437,0.06059743091464043,586,0.00223541259765625,train
sample_000425_0110,425,train,110,213,36,0,27,23,27,23,True,0,0.19649700820446014,0.2071709781885147,1019,0.003887176513671875,train
sample_000425_0122,425,train,122,213,251,0,27,24,26,24,True,1,0.061984337866306305,0.14170873165130615,816,0.00311279296875,train
sample_000077_0051,77,train,51,120,40,36,28,26,28,26,True,0,0.31732410192489624,0.08370662480592728,536,0.002044677734375,train
sample_000106_0090,106,train,90,157,186,0,28,23,28,23,True,0,0.3604874014854431,0.12245899438858032,4569,0.017429351806640625,train
sample_000148_0024,148,train,24,34,118,0,28,23,28,23,True,0,0.32101374864578247,0.1461615413427353,1200,0.00457763671875,train
sample_000425_0003,425,train,3,0,36,28,29,26,29,26,True,0,0.16643977165222168,0.21193376183509827,980,0.0037384033203125,train
sample_000425_0075,425,train,75,142,36,28,29,26,29,26,True,0,0.3731989562511444,0.08803104609251022,954,0.00363922119140625,train
sample_000425_0112,425,train,112,213,72,0,29,25,29,25,True,0,0.2909521758556366,0.17753253877162933,1591,0.006069183349609375,train
sample_000106_0125,106,train,125,235,74,36,30,26,30,26,True,0,0.2427164912223816,0.1799960732460022,1111,0.004238128662109375,train
sample_000148_0113,148,train,113,207,79,36,30,27,30,27,True,0,0.37841561436653137,0.07497871667146683,1348,0.0051422119140625,train
sample_000077_0083,77,train,83,200,40,36,31,27,31,27,True,0,0.16554629802703857,0.16684535145759583,800,0.0030517578125,train
sample_000148_0074,148,train,74,138,39,0,31,28,31,28,True,0,0.3769286870956421,0.07470323145389557,608,0.0023193359375,train
sample_000425_0083,425,train,83,142,179,28,31,23,31,23,True,0,0.33371543884277344,0.07977381348609924,875,0.003337860107421875,train
sample_000425_0087,425,train,87,142,251,28,31,24,31,24,True,0,0.3501482307910919,0.1075240969657898,858,0.00327301025390625,train
sample_000425_0114,425,train,114,213,108,0,31,28,31,28,True,0,0.29780831933021545,0.15723416209220886,2531,0.009654998779296875,train
sample_000077_0076,77,train,76,160,239,0,32,30,32,30,True,0,0.1553989201784134,0.1650046855211258,561,0.002140045166015625,train
sample_000106_0085,106,train,85,157,74,36,32,29,32,29,True,0,0.3618701100349426,0.08095815777778625,943,0.003597259521484375,train
sample_000106_0015,106,train,15,0,260,36,33,27,33,27,True,0,0.19039811193943024,0.1859167516231537,629,0.002399444580078125,train
sample_000106_0052,106,train,52,78,223,0,33,30,33,30,True,0,0.3376883864402771,0.15771660208702087,7495,0.028591156005859375,train
sample_000106_0065,106,train,65,118,74,36,33,25,33,25,True,0,0.35850176215171814,0.09527095407247543,1051,0.004009246826171875,train
sample_000148_0021,148,train,21,34,39,36,33,27,33,27,True,0,0.33356600999832153,0.13803543150424957,1116,0.0042572021484375,train
sample_000425_0023,425,train,23,36,72,28,33,27,33,27,True,0,0.39279189705848694,0.0899563804268837,1075,0.004100799560546875,train
sample_000425_0123,425,train,123,213,251,28,33,29,32,29,True,1,0.07393397390842438,0.14839963614940643,1105,0.004215240478515625,train
sample_000106_0003,106,train,3,0,37,36,34,31,34,31,True,0,0.12437194585800171,0.17746004462242126,880,0.00335693359375,train
sample_000106_0093,106,train,93,157,223,36,34,32,34,32,True,0,0.36153092980384827,0.0798511803150177,669,0.002552032470703125,train
sample_000106_0067,106,train,67,118,111,36,35,29,33,28,True,0,0.35070574283599854,0.10817953944206238,1233,0.004703521728515625,train
sample_000425_0004,425,train,4,0,72,0,35,31,35,31,True,0,0.3096735179424286,0.200264111161232,1650,0.00629425048828125,train
sample_000425_0074,425,train,74,142,36,0,35,31,35,31,True,0,0.42349401116371155,0.062337785959243774,1152,0.00439453125,train
sample_000106_0046,106,train,46,78,111,0,36,33,36,33,True,0,0.35181111097335815,0.09857292473316193,1315,0.005016326904296875,train
sample_000106_0056,106,train,56,78,297,0,36,35,34,34,True,0,0.24988918006420135,0.17604957520961761,580,0.0022125244140625,train
sample_000148_0003,148,train,3,0,39,36,36,30,36,30,True,0,0.1545705944299698,0.18930692970752716,1158,0.00441741943359375,train
sample_000148_0015,148,train,15,0,276,36,36,31,36,31,True,0,0.07347637414932251,0.14892792701721191,472,0.001800537109375,train
sample_000077_0077,77,train,77,160,239,36,37,35,37,35,True,0,0.28917771577835083,0.11613810807466507,759,0.002895355224609375,train
sample_000106_0050,106,train,50,78,186,0,37,33,37,33,True,0,0.35622191429138184,0.13034480810165405,5523,0.021068572998046875,train
sample_000106_0108,106,train,108,196,148,0,37,30,37,30,True,0,0.353943407535553,0.09112448245286942,1437,0.005481719970703125,train
sample_000148_0006,148,train,6,0,118,0,37,29,37,29,True,0,0.26561233401298523,0.18021917343139648,1404,0.0053558349609375,train
sample_000148_0131,148,train,131,241,79,36,37,33,37,33,True,0,0.2480829358100891,0.18877235054969788,1328,0.00506591796875,train
sample_000425_0043,425,train,43,71,108,28,37,33,37,33,True,0,0.34201252460479736,0.08342200517654419,1749,0.006671905517578125,train
sample_000077_0012,77,train,12,0,239,0,38,35,38,35,True,0,0.08509895205497742,0.1463521271944046,795,0.003032684326171875,train
sample_000106_0069,106,train,69,118,148,36,38,36,38,36,True,0,0.33853110671043396,0.10509489476680756,964,0.0036773681640625,train
sample_000148_0068,148,train,68,103,276,0,38,38,38,38,True,0,0.18406207859516144,0.19730812311172485,1614,0.00615692138671875,train
sample_000148_0086,148,train,86,138,276,0,38,38,38,38,True,0,0.19183066487312317,0.1995774507522583,1614,0.00615692138671875,train
sample_000425_0086,425,train,86,142,251,0,38,30,38,30,True,0,0.3374711871147156,0.13634775578975677,889,0.003391265869140625,train
sample_000425_0098,425,train,98,178,144,0,38,32,38,32,True,0,0.33983877301216125,0.0984513908624649,2514,0.00959014892578125,train
sample_000425_0115,425,train,115,213,108,28,38,35,38,35,True,0,0.30193963646888733,0.1442767083644867,2964,0.0113067626953125,train
sample_000077_0035,77,train,35,80,40,36,39,38,39,38,True,0,0.31937387585639954,0.08480197191238403,1150,0.00438690185546875,train
sample_000106_0005,106,train,5,0,74,36,39,37,39,37,True,0,0.24181528389453888,0.1809714138507843,1025,0.003910064697265625,train
sample_000106_0095,106,train,95,157,260,36,39,37,39,37,True,0,0.36406469345092773,0.07432886958122253,822,0.00313568115234375,train
sample_000425_0005,425,train,5,0,72,28,39,36,39,36,True,0,0.2938741147518158,0.19601240754127502,2113,0.008060455322265625,train
sample_000425_0021,425,train,21,36,36,28,39,34,39,34,True,0,0.3637118637561798,0.1614062637090683,878,0.00334930419921875,train
sample_000077_0036,77,train,36,80,80,0,40,35,40,35,True,0,0.3148760497570038,0.08158045262098312,1308,0.0049896240234375,train
sample_000106_0008,106,train,8,0,148,0,40,38,40,38,True,0,0.2941688001155853,0.15661756694316864,1639,0.006252288818359375,train
sample_000106_0028,106,train,28,39,148,0,40,37,40,37,True,0,0.35695022344589233,0.09225828945636749,1628,0.0062103271484375,train
sample_000106_0048,106,train,48,78,148,0,40,38,40,38,True,0,0.35548266768455505,0.10246147960424423,1902,0.00725555419921875,train
sample_000106_0064,106,train,64,118,74,0,40,32,40,32,True,0,0.3467162549495697,0.10722985118627548,1241,0.004734039306640625,train
sample_000425_0079,425,train,79,142,108,28,40,35,40,35,True,0,0.33128559589385986,0.07948258519172668,1540,0.0058746337890625,train
sample_000425_0092,425,train,92,178,36,0,40,35,40,35,True,0,0.397450715303421,0.11911389976739883,1567,0.005977630615234375,train
sample_000077_0038,77,train,38,80,120,0,41,36,41,36,True,0,0.31062859296798706,0.09450194984674454,1517,0.005786895751953125,train
sample_000077_0054,77,train,54,120,120,0,41,35,41,35,True,0,0.30790334939956665,0.09608342498540878,1372,0.0052337646484375,train
sample_000425_0094,425,train,94,178,72,0,41,33,41,33,True,0,0.3985867500305176,0.05413191393017769,1700,0.0064849853515625,train
sample_000425_0099,425,train,99,178,144,28,41,35,41,35,True,0,0.34201204776763916,0.08149542659521103,2807,0.010707855224609375,train
sample_000106_0035,106,train,35,39,260,36,42,37,42,37,True,0,0.3577095568180084,0.08808937668800354,781,0.002979278564453125,train
sample_000148_0023,148,train,23,34,79,36,42,36,42,36,True,0,0.38452818989753723,0.05835086107254028,1675,0.006389617919921875,train
sample_000148_0114,148,train,114,207,118,0,42,37,42,37,True,0,0.3428540527820587,0.12360452860593796,1393,0.005313873291015625,train
sample_000077_0071,77,train,71,160,120,36,43,39,43,39,True,0,0.32920944690704346,0.0650753304362297,1342,0.00511932373046875,train
sample_000148_0081,148,train,81,138,158,36,43,36,43,36,True,0,0.36906731128692627,0.08961588889360428,1794,0.00684356689453125,train
sample_000106_0127,106,train,127,235,111,36,44,38,42,37,True,0,0.3041132390499115,0.15231280028820038,1905,0.007266998291015625,train
sample_000106_0135,106,train,135,235,260,36,44,39,42,38,True,0,0.13278214633464813,0.18061764538288116,1245,0.004749298095703125,train
sample_000148_0063,148,train,63,103,158,36,44,39,44,39,True,0,0.3723098039627075,0.08855227380990982,2057,0.007846832275390625,train
sample_000148_0075,148,train,75,138,39,36,44,41,44,41,True,0,0.37844711542129517,0.06794488430023193,1139,0.004344940185546875,train
sample_000425_0047,425,train,47,71,179,28,44,35,44,35,True,0,0.33602428436279297,0.0896708220243454,2247,0.008571624755859375,train
sample_000425_0063,425,train,63,106,144,28,44,38,44,38,True,0,0.31350579857826233,0.07835092395544052,1354,0.00516510009765625,train
sample_000077_0028,77,train,28,40,239,0,45,45,45,45,True,0,0.1688472479581833,0.16986416280269623,1142,0.00435638427734375,train
sample_000077_0029,77,train,29,40,239,36,45,45,45,45,True,0,0.3068627715110779,0.10111389309167862,1159,0.004421234130859375,train
sample_000077_0037,77,train,37,80,80,36,45,39,45,39,True,0,0.32114550471305847,0.0744674876332283,1383,0.005275726318359375,train
sample_000077_0039,77,train,39,80,120,36,45,38,45,38,True,0,0.3223907947540283,0.07754223048686981,1364,0.0052032470703125,train
sample_000077_0070,77,train,70,160,120,0,45,39,45,39,True,0,0.2880714237689972,0.11887834221124649,1731,0.006603240966796875,train
sample_000106_0084,106,train,84,157,74,0,45,41,45,41,True,0,0.35105016827583313,0.09188992530107498,1274,0.00485992431640625,train
sample_000106_0086,106,train,86,157,111,0,45,41,45,41,True,0,0.3445519804954529,0.10635694116353989,1565,0.005970001220703125,train
sample_000148_0093,148,train,93,172,39,36,45,42,45,42,True,0,0.3781003952026367,0.0757405161857605,1258,0.00479888916015625,train
sample_000425_0077,425,train,77,142,72,28,45,42,45,42,True,0,0.34709933400154114,0.08170201629400253,1786,0.00681304931640625,train
sample_000106_0071,106,train,71,118,186,36,47,49,47,49,True,0,0.34644991159439087,0.10529760271310806,1543,0.005886077880859375,train
sample_000106_0128,106,train,128,235,148,0,47,38,47,38,True,0,0.2967274487018585,0.15217065811157227,1070,0.00408172607421875,train
sample_000148_0083,148,train,83,138,197,36,47,43,47,43,True,0,0.3633427321910858,0.11267194151878357,4793,0.018283843994140625,train
sample_000425_0020,425,train,20,36,36,0,47,43,47,43,True,0,0.41901013255119324,0.1378992795944214,1084,0.0041351318359375,train
sample_000077_0055,77,train,55,120,120,36,48,41,48,41,True,0,0.3209938108921051,0.07685782760381699,1106,0.00421905517578125,train
sample_000077_0084,77,train,84,200,80,0,48,49,48,49,True,0,0.2506662905216217,0.14357918500900269,1083,0.004131317138671875,train
sample_000106_0068,106,train,68,118,148,0,48,42,48,42,True,0,0.34431061148643494,0.11759448051452637,2574,0.00981903076171875,train
sample_000148_0008,148,train,8,0,158,0,48,43,48,43,True,0,0.26866835355758667,0.185329869389534,3404,0.0129852294921875,train
sample_000148_0089,148,train,89,138,315,36,48,42,48,42,True,0,0.30262476205825806,0.1675330102443695,1570,0.00598907470703125,train
sample_000077_0052,77,train,52,120,80,0,49,46,49,46,True,0,0.3131902515888214,0.08427587151527405,1209,0.004611968994140625,train
sample_000077_0053,77,train,53,120,80,36,49,46,49,46,True,0,0.31874698400497437,0.07676757127046585,1171,0.004467010498046875,train
sample_000425_0052,425,train,52,71,287,0,49,46,49,46,True,0,0.25753551721572876,0.18804921209812164,1299,0.004955291748046875,train
sample_000425_0080,425,train,80,142,144,0,49,46,49,46,True,0,0.3416232764720917,0.09194890409708023,4404,0.0167999267578125,train
sample_000425_0104,425,train,104,178,251,0,49,44,49,44,True,0,0.24998252093791962,0.192183256149292,1502,0.00572967529296875,train
sample_000106_0070,106,train,70,118,186,0,50,46,50,46,True,0,0.33988890051841736,0.16168656945228577,8185,0.031223297119140625,train
sample_000148_0012,148,train,12,0,236,0,50,41,50,41,True,0,0.087120421230793,0.1601870208978653,1091,0.004161834716796875,train
sample_000148_0040,148,train,40,69,79,0,50,49,50,49,True,0,0.37773963809013367,0.06586873531341553,1172,0.0044708251953125,train
sample_000148_0132,148,train,132,241,118,0,50,49,50,49,True,0,0.2731258273124695,0.17630504071712494,1592,0.006072998046875,train
sample_000106_0014,106,train,14,0,260,0,51,47,51,47,True,0,0.13425877690315247,0.17769570648670197,933,0.003559112548828125,train
sample_000148_0033,148,train,33,34,276,36,51,46,51,46,True,0,0.25006240606307983,0.18360635638237,900,0.0034332275390625,train
sample_000148_0079,148,train,79,138,118,36,51,44,51,44,True,0,0.3741619288921356,0.08362779766321182,1473,0.005619049072265625,train
sample_000077_0013,77,train,13,0,239,36,53,50,53,50,True,0,0.15599115192890167,0.16803006827831268,1078,0.00411224365234375,train
sample_000077_0022,77,train,22,40,120,0,53,45,53,45,True,0,0.28940704464912415,0.12040285021066666,1690,0.00644683837890625,train
sample_000106_0054,106,train,54,78,260,0,53,49,53,49,True,0,0.2900535762310028,0.1642722338438034,2228,0.0084991455078125,train
sample_000106_0076,106,train,76,118,297,0,53,55,53,55,True,0,0.26750072836875916,0.17219702899456024,1751,0.006679534912109375,train
sample_000106_0109,106,train,109,196,148,36,53,45,53,45,True,0,0.3685370683670044,0.0782555341720581,1979,0.007549285888671875,train
sample_000148_0094,148,train,94,172,79,0,53,51,53,51,True,0,0.37620800733566284,0.07432065904140472,1671,0.006374359130859375,train
sample_000425_0065,425,train,65,106,179,28,53,47,51,46,True,0,0.3170959949493408,0.09320603311061859,3007,0.011470794677734375,train
sample_000425_0105,425,train,105,178,251,28,53,49,53,49,True,0,0.2583659291267395,0.1788187026977539,1862,0.00710296630859375,train
sample_000077_0023,77,train,23,40,120,36,54,48,54,48,True,0,0.3304123282432556,0.06530874967575073,1594,0.00608062744140625,train
sample_000106_0079,106,train,79,118,334,36,54,49,54,49,True,0,0.2760845124721527,0.172877237200737,1767,0.006740570068359375,train
sample_000148_0026,148,train,26,34,158,0,54,47,54,47,True,0,0.34530749917030334,0.15014132857322693,5667,0.021617889404296875,train
sample_000425_0025,425,train,25,36,108,28,54,51,54,51,True,0,0.37176230549812317,0.08583533018827438,2066,0.00788116455078125,train
sample_000425_0116,425,train,116,213,144,0,54,51,54,51,True,0,0.28361910581588745,0.16289852559566498,4355,0.016613006591796875,train
sample_000106_0057,106,train,57,78,297,36,56,54,52,52,True,0,0.35703369975090027,0.08912323415279388,1221,0.004657745361328125,train
sample_000077_0086,77,train,86,200,120,0,57,58,57,58,True,0,0.2308586835861206,0.1535458266735077,1814,0.00691986083984375,train
sample_000148_0097,148,train,97,172,118,36,57,53,57,53,True,0,0.37740615010261536,0.07662825286388397,1930,0.00736236572265625,train
sample_000077_0006,77,train,6,0,120,0,58,55,58,55,True,0,0.2239243984222412,0.15652364492416382,1297,0.004947662353515625,train
sample_000077_0090,77,train,90,200,199,0,58,53,58,53,True,0,0.15072759985923767,0.1699373424053192,2250,0.00858306884765625,train
sample_000106_0094,106,train,94,157,260,0,58,53,58,53,True,0,0.2884836196899414,0.1616525650024414,2200,0.008392333984375,train
sample_000148_0041,148,train,41,69,79,36,58,56,58,56,True,0,0.3806922435760498,0.06308813393115997,1374,0.00524139404296875,train
sample_000425_0085,425,train,85,142,215,28,58,50,58,50,True,0,0.34344038367271423,0.09128988534212112,1886,0.00719451904296875,train
sample_000077_0005,77,train,5,0,80,36,59,57,59,57,True,0,0.2335890829563141,0.15571050345897675,1056,0.0040283203125,train
sample_000106_0055,106,train,55,78,260,36,59,59,59,59,True,0,0.3620923161506653,0.08191613107919693,1193,0.004550933837890625,train
sample_000148_0005,148,train,5,0,79,36,59,53,59,53,True,0,0.27758362889289856,0.17954526841640472,2345,0.008945465087890625,train
sample_000148_0043,148,train,43,69,118,36,59,58,59,58,True,0,0.37993645668029785,0.07402625679969788,2303,0.008785247802734375,train
sample_000077_0041,77,train,41,80,159,36,60,58,60,58,True,0,0.3222735524177551,0.0812590941786766,1727,0.006587982177734375,train
sample_000077_0057,77,train,57,120,159,36,61,59,61,59,True,0,0.321846067905426,0.082056924700737,1815,0.006923675537109375,train
sample_000106_0029,106,train,29,39,148,36,61,58,61,58,True,0,0.3669321537017822,0.08365058153867722,2203,0.008403778076171875,train
sample_000106_0073,106,train,73,118,223,36,61,64,61,64,True,0,0.34494465589523315,0.11153125762939453,2408,0.009185791015625,train
sample_000106_0132,106,train,132,235,223,0,61,56,61,56,True,0,0.17972227931022644,0.1898021250963211,1563,0.005962371826171875,train
sample_000148_0065,148,train,65,103,197,36,61,59,61,59,True,0,0.36648088693618774,0.11576441675424576,5537,0.021121978759765625,train
sample_000148_0095,148,train,95,172,79,36,61,57,61,57,True,0,0.383242130279541,0.06807742267847061,1957,0.007465362548828125,train
sample_000148_0099,148,train,99,172,158,36,61,53,61,53,True,0,0.38228967785835266,0.07186303287744522,1623,0.006191253662109375,train
sample_000148_0077,148,train,77,138,79,36,62,56,62,56,True,0,0.37848961353302,0.07700695097446442,1699,0.006481170654296875,train
sample_000148_0103,148,train,103,172,236,36,62,57,62,57,True,0,0.37599605321884155,0.08079972118139267,2218,0.00846099853515625,train
sample_000148_0045,148,train,45,69,158,36,63,56,63,56,True,0,0.38467854261398315,0.0731336772441864,2489,0.009494781494140625,train
sample_000077_0025,77,train,25,40,159,36,64,62,64,62,True,0,0.3319099247455597,0.0763564482331276,2881,0.010990142822265625,train
sample_000106_0030,106,train,30,39,186,0,64,56,64,56,True,0,0.3621363639831543,0.09827766567468643,3102,0.01183319091796875,train
sample_000106_0066,106,train,66,118,111,0,64,61,62,60,True,0,0.34220489859580994,0.12497670948505402,2491,0.009502410888671875,train
sample_000148_0071,148,train,71,103,315,36,64,58,64,58,True,0,0.2913948595523834,0.17424023151397705,2362,0.00901031494140625,train
sample_000425_0044,425,train,44,71,144,0,64,67,64,67,True,0,0.3490428328514099,0.09679222106933594,5352,0.020416259765625,train
sample_000425_0070,425,train,70,106,287,0,64,60,64,60,True,0,0.25362545251846313,0.1904117316007614,1729,0.006595611572265625,train
sample_000425_0022,425,train,22,36,72,0,65,56,65,56,True,0,0.42553484439849854,0.061625342816114426,1672,0.006378173828125,train
sample_000425_0053,425,train,53,71,287,28,65,61,65,61,True,0,0.2819843590259552,0.17964871227741241,1656,0.006317138671875,train
sample_000106_0031,106,train,31,39,186,36,66,60,66,60,True,0,0.36806216835975647,0.08651676774024963,2399,0.009151458740234375,train
sample_000148_0049,148,train,49,69,236,36,66,60,66,60,True,0,0.37933194637298584,0.08776061981916428,3424,0.0130615234375,train
sample_000106_0092,106,train,92,157,223,0,67,64,67,64,True,0,0.3432912826538086,0.1502188742160797,6981,0.026630401611328125,train
sample_000106_0130,106,train,130,235,186,0,67,65,67,65,True,0,0.2646868824958801,0.17821025848388672,2120,0.008087158203125,train
sample_000148_0115,148,train,115,207,118,36,67,62,67,62,True,0,0.38636600971221924,0.06657939404249191,2852,0.0108795166015625,train
sample_000148_0116,148,train,116,207,158,0,67,60,67,60,True,0,0.3516678214073181,0.13698606193065643,4711,0.017971038818359375,train
sample_000148_0138,148,train,138,241,236,0,67,64,67,64,True,0,0.11694542318582535,0.18394522368907928,2744,0.010467529296875,train
sample_000425_0039,425,train,39,71,36,28,67,64,67,64,True,0,0.39278659224510193,0.08934642374515533,1669,0.006366729736328125,train
sample_000425_0057,425,train,57,106,36,28,67,61,67,61,True,0,0.3661101162433624,0.08417332917451859,1461,0.005573272705078125,train
sample_000077_0044,77,train,44,80,239,0,68,73,68,73,True,0,0.1755782961845398,0.17233891785144806,2051,0.007823944091796875,train
sample_000148_0048,148,train,48,69,236,0,68,69,68,69,True,0,0.2730525732040405,0.1971277892589569,5189,0.019794464111328125,train
sample_000077_0040,77,train,40,80,159,0,69,64,69,64,True,0,0.2880352735519409,0.14829695224761963,5531,0.021099090576171875,train
sample_000106_0034,106,train,34,39,260,0,69,68,69,68,True,0,0.2812495827674866,0.16444942355155945,1783,0.006801605224609375,train
sample_000148_0010,148,train,10,0,197,0,69,66,69,66,True,0,0.19938525557518005,0.19939599931240082,3447,0.013149261474609375,train
sample_000148_0134,148,train,134,241,158,0,69,67,69,67,True,0,0.2915385663509369,0.176987424492836,3741,0.014270782470703125,train
sample_000425_0024,425,train,24,36,108,0,69,65,69,65,True,0,0.3723950982093811,0.10409993678331375,2297,0.008762359619140625,train
sample_000425_0061,425,train,61,106,108,28,69,60,69,60,True,0,0.3142453730106354,0.08284955471754074,2498,0.00952911376953125,train
sample_000077_0008,77,train,8,0,159,0,70,67,70,67,True,0,0.22535161674022675,0.16525158286094666,3194,0.01218414306640625,train
sample_000077_0060,77,train,60,120,239,0,70,76,70,76,True,0,0.1686420887708664,0.17181576788425446,2095,0.007991790771484375,train
sample_000106_0072,106,train,72,118,223,0,70,69,70,69,True,0,0.30165478587150574,0.1951773315668106,10662,0.04067230224609375,train
sample_000148_0061,148,train,61,103,118,36,70,68,70,68,True,0,0.37554189562797546,0.08484606444835663,2326,0.00887298583984375,train
sample_000425_0117,425,train,117,213,144,28,70,66,70,66,True,0,0.2766892910003662,0.16071933507919312,5245,0.020008087158203125,train
sample_000077_0056,77,train,56,120,159,0,71,71,71,71,True,0,0.29042917490005493,0.15329746901988983,6869,0.026203155517578125,train
sample_000148_0059,148,train,59,103,79,36,71,67,71,67,True,0,0.37809911370277405,0.07471174001693726,1649,0.006290435791015625,train
sample_000077_0047,77,train,47,80,279,36,72,65,72,65,True,0,0.2491684854030609,0.15133139491081238,2159,0.008235931396484375,train
sample_000077_0063,77,train,63,120,279,36,72,66,72,66,True,0,0.23085980117321014,0.1596802920103073,2047,0.007808685302734375,train
sample_000106_0110,106,train,110,196,186,0,72,76,72,76,True,0,0.36660200357437134,0.09497889131307602,3460,0.0131988525390625,train
sample_000106_0115,106,train,115,196,260,36,72,69,72,69,True,0,0.3401238024234772,0.11718253791332245,2047,0.007808685302734375,train
sample_000148_0025,148,train,25,34,118,36,72,68,72,68,True,0,0.387073278427124,0.06802050024271011,3432,0.013092041015625,train
sample_000148_0058,148,train,58,103,79,0,72,68,72,68,True,0,0.3721035420894623,0.08132304251194,1545,0.005893707275390625,train
sample_000148_0066,148,train,66,103,236,0,72,79,72,79,True,0,0.23449234664440155,0.21907059848308563,7558,0.02883148193359375,train
sample_000148_0076,148,train,76,138,79,0,72,64,72,64,True,0,0.3676877021789551,0.08797411620616913,1701,0.006488800048828125,train
sample_000425_0041,425,train,41,71,72,28,72,71,72,71,True,0,0.364052951335907,0.08445926010608673,2493,0.009510040283203125,train
sample_000425_0056,425,train,56,106,36,0,72,65,72,65,True,0,0.4137380123138428,0.07037777453660965,1532,0.0058441162109375,train
sample_000077_0024,77,train,24,40,159,0,73,70,73,70,True,0,0.2936417758464813,0.13221630454063416,4399,0.016780853271484375,train
sample_000106_0033,106,train,33,39,223,36,75,71,75,71,True,0,0.3631705045700073,0.08625767379999161,2044,0.0077972412109375,train
sample_000148_0101,148,train,101,172,197,36,75,62,75,62,True,0,0.38353511691093445,0.082729272544384,2689,0.010257720947265625,train
sample_000425_0006,425,train,6,0,108,0,75,77,75,77,True,0,0.326349675655365,0.17494362592697144,4189,0.015979766845703125,train
sample_000077_0058,77,train,58,120,199,0,76,82,76,82,True,0,0.23211850225925446,0.18193981051445007,6344,0.024200439453125,train
sample_000148_0042,148,train,42,69,118,0,76,76,76,76,True,0,0.3522357940673828,0.12148811668157578,2740,0.0104522705078125,train
sample_000148_0044,148,train,44,69,158,0,76,69,74,68,True,0,0.36385446786880493,0.1615675985813141,10051,0.038341522216796875,train
sample_000077_0085,77,train,85,200,80,36,77,77,77,77,True,0,0.26309317350387573,0.14112959802150726,2064,0.00787353515625,train
sample_000148_0062,148,train,62,103,158,0,77,73,77,73,True,0,0.370684951543808,0.1627822071313858,11591,0.044216156005859375,train
sample_000148_0064,148,train,64,103,197,0,77,81,77,81,True,0,0.3291016221046448,0.22781051695346832,18198,0.06941986083984375,train
sample_000148_0084,148,train,84,138,236,0,77,81,77,81,True,0,0.23027785122394562,0.2207307517528534,8020,0.0305938720703125,train
sample_000077_0042,77,train,42,80,199,0,78,84,78,84,True,0,0.2312897890806198,0.17872808873653412,5499,0.020977020263671875,train
sample_000106_0007,106,train,7,0,111,36,78,77,78,77,True,0,0.30248260498046875,0.15353022515773773,1948,0.0074310302734375,train
sample_000425_0064,425,train,64,106,179,0,78,81,78,81,True,0,0.31729868054389954,0.1573178768157959,14469,0.055194854736328125,train
sample_000106_0010,106,train,10,0,186,0,79,77,79,77,True,0,0.27411407232284546,0.17332735657691956,2841,0.010837554931640625,train
sample_000425_0042,425,train,42,71,108,0,80,90,80,90,True,0,0.35930749773979187,0.0823504775762558,3539,0.013500213623046875,train
sample_000425_0076,425,train,76,142,72,0,80,80,80,80,True,0,0.379520982503891,0.0646689161658287,2512,0.00958251953125,train
sample_000106_0111,106,train,111,196,186,36,81,79,81,79,True,0,0.3696447014808655,0.0848526582121849,3014,0.01149749755859375,train
sample_000148_0096,148,train,96,172,118,0,81,76,81,76,True,0,0.3675634264945984,0.10533498227596283,3338,0.01273345947265625,train
sample_000148_0133,148,train,133,241,118,36,81,78,81,78,True,0,0.31389930844306946,0.16372281312942505,3595,0.013713836669921875,train
sample_000425_0046,425,train,46,71,179,0,81,83,81,83,True,0,0.3412241041660309,0.12506869435310364,9456,0.03607177734375,train
sample_000106_0114,106,train,114,196,260,0,84,83,84,83,True,0,0.2717590630054474,0.1699458658695221,2278,0.00868988037109375,train
sample_000425_0007,425,train,7,0,108,28,84,87,84,87,True,0,0.3326822519302368,0.16267061233520508,4682,0.01786041259765625,train
sample_000425_0038,425,train,38,71,36,0,84,83,84,83,True,0,0.43842580914497375,0.05748249962925911,2207,0.008419036865234375,train
sample_000077_0091,77,train,91,200,199,36,85,78,85,78,True,0,0.18959788978099823,0.1714089959859848,2833,0.010807037353515625,train
sample_000077_0027,77,train,27,40,199,36,86,83,85,82,True,0,0.32847699522972107,0.07931087911128998,3026,0.01154327392578125,train
sample_000148_0082,148,train,82,138,197,0,86,85,86,85,True,0,0.3218384385108948,0.22540409862995148,17292,0.0659637451171875,train
sample_000425_0082,425,train,82,142,179,0,86,86,86,86,True,0,0.3508750796318054,0.11338210850954056,8399,0.032039642333984375,train
sample_000425_0120,425,train,120,213,215,0,86,90,86,90,True,0,0.13709785044193268,0.1842372566461563,2606,0.00994110107421875,train
sample_000106_0129,106,train,129,235,148,36,87,77,87,77,True,0,0.30596619844436646,0.15247857570648193,2428,0.0092620849609375,train
sample_000148_0013,148,train,13,0,236,36,87,74,87,74,True,0,0.1585482805967331,0.19016233086585999,1846,0.00704193115234375,train
sample_000148_0078,148,train,78,138,118,0,87,77,87,77,True,0,0.3723500669002533,0.10089868307113647,2956,0.0112762451171875,train
sample_000425_0026,425,train,26,36,144,0,87,92,87,92,True,0,0.3599410653114319,0.09855540096759796,3819,0.014568328857421875,train
sample_000425_0071,425,train,71,106,287,28,87,82,87,82,True,0,0.30869337916374207,0.1610713005065918,2482,0.00946807861328125,train
sample_000077_0075,77,train,75,160,199,36,88,83,88,83,True,0,0.3266584575176239,0.07836773246526718,2717,0.010364532470703125,train
sample_000077_0010,77,train,10,0,199,0,89,83,89,83,True,0,0.17601005733013153,0.17515912652015686,3235,0.012340545654296875,train
sample_000077_0088,77,train,88,200,159,0,91,91,91,91,True,0,0.210763618350029,0.16733677685260773,3034,0.01157379150390625,train
sample_000148_0060,148,train,60,103,118,0,91,91,91,91,True,0,0.3697161376476288,0.10102425515651703,3035,0.011577606201171875,train
sample_000148_0102,148,train,102,172,236,0,91,94,91,94,True,0,0.2648064196109772,0.20023658871650696,5563,0.021221160888671875,train
sample_000425_0078,425,train,78,142,108,0,91,97,91,97,True,0,0.35046330094337463,0.07996182888746262,3555,0.013561248779296875,train
sample_000077_0074,77,train,74,160,199,0,92,92,92,92,True,0,0.27730756998062134,0.14420996606349945,4142,0.01580047607421875,train
sample_000077_0026,77,train,26,40,199,0,93,95,93,95,True,0,0.28534582257270813,0.1427806168794632,4838,0.01845550537109375,train
sample_000148_0139,148,train,139,241,236,36,93,88,91,87,True,0,0.16966599225997925,0.19934523105621338,3519,0.013423919677734375,train
sample_000077_0072,77,train,72,160,159,0,94,91,94,91,True,0,0.2910463809967041,0.13603587448596954,4682,0.01786041259765625,train
sample_000106_0013,106,train,13,0,223,36,94,96,94,96,True,0,0.23998916149139404,0.1832389086484909,2370,0.00904083251953125,train
sample_000077_0073,77,train,73,160,159,36,95,91,95,91,True,0,0.3336362838745117,0.07224046438932419,2775,0.010585784912109375,train
sample_000106_0133,106,train,133,235,223,36,95,90,95,90,True,0,0.19636745750904083,0.19164283573627472,2248,0.008575439453125,train
sample_000148_0087,148,train,87,138,276,36,95,107,95,107,True,0,0.38582444190979004,0.09390091150999069,4870,0.01857757568359375,train
sample_000106_0113,106,train,113,196,223,36,96,92,96,92,True,0,0.3620240092277527,0.08928678929805756,2607,0.009944915771484375,train
sample_000425_0118,425,train,118,213,179,0,96,105,96,105,True,0,0.244455024600029,0.18592888116836548,4899,0.018688201904296875,train
sample_000148_0011,148,train,11,0,197,36,97,94,97,94,True,0,0.24361051619052887,0.1972244381904602,4975,0.018978118896484375,train
sample_000148_0136,148,train,136,241,197,0,97,102,97,102,True,0,0.24663423001766205,0.20350933074951172,6035,0.023021697998046875,train
sample_000148_0007,148,train,7,0,118,36,98,93,98,93,True,0,0.3267214298248291,0.1552913933992386,4746,0.01810455322265625,train
sample_000148_0027,148,train,27,34,158,36,98,93,98,93,True,0,0.3909323811531067,0.08674806356430054,6598,0.02516937255859375,train
sample_000148_0047,148,train,47,69,197,36,99,87,99,87,True,0,0.38600826263427734,0.09156771004199982,4546,0.01734161376953125,train
sample_000425_0027,425,train,27,36,144,28,99,103,99,103,True,0,0.35708722472190857,0.08733459562063217,4057,0.015476226806640625,train
sample_000425_0059,425,train,59,106,72,28,99,90,99,90,True,0,0.33151763677597046,0.08242229372262955,2863,0.010921478271484375,train
sample_000077_0087,77,train,87,200,120,36,100,96,100,96,True,0,0.27983513474464417,0.13089047372341156,2692,0.0102691650390625,train
sample_000106_0077,106,train,77,118,297,36,100,101,100,101,True,0,0.3600132465362549,0.10193400830030441,3477,0.013263702392578125,train
sample_000425_0012,425,train,12,0,215,0,100,102,100,102,True,0,0.15172651410102844,0.1852157860994339,3231,0.012325286865234375,train
sample_000425_0062,425,train,62,106,144,0,100,96,100,96,True,0,0.34078511595726013,0.10715758800506592,8342,0.03182220458984375,train
sample_000106_0074,106,train,74,118,260,0,103,110,103,110,True,0,0.2803739011287689,0.17983900010585785,4839,0.018459320068359375,train
sample_000106_0011,106,train,11,0,186,36,104,101,104,101,True,0,0.284158855676651,0.17066851258277893,3250,0.01239776611328125,train
sample_000106_0032,106,train,32,39,223,0,104,113,104,113,True,0,0.3530699610710144,0.1170099526643753,4580,0.0174713134765625,train
sample_000148_0009,148,train,9,0,158,36,104,97,104,97,True,0,0.3088415563106537,0.17496329545974731,6239,0.023799896240234375,train
sample_000148_0046,148,train,46,69,197,0,104,100,102,99,True,0,0.37400150299072266,0.17215809226036072,12677,0.048358917236328125,train
sample_000148_0098,148,train,98,172,158,0,104,102,104,102,True,0,0.3727373778820038,0.1419816017150879,8413,0.032093048095703125,train
sample_000425_0121,425,train,121,213,215,28,104,106,104,106,True,0,0.14233052730560303,0.17932137846946716,3284,0.0125274658203125,train
sample_000148_0085,148,train,85,138,236,36,105,123,105,123,True,0,0.38027361035346985,0.11339596658945084,7154,0.02729034423828125,train
sample_000148_0117,148,train,117,207,158,36,105,102,105,102,True,0,0.39153268933296204,0.07965010404586792,5355,0.020427703857421875,train
sample_000425_0084,425,train,84,142,215,0,105,111,105,111,True,0,0.33910781145095825,0.13338491320610046,6689,0.025516510009765625,train
sample_000106_0009,106,train,9,0,148,36,106,108,106,108,True,0,0.3122932016849518,0.15310166776180267,3604,0.0137481689453125,train
sample_000106_0012,106,train,12,0,223,0,106,113,106,113,True,0,0.20915113389492035,0.19108079373836517,2921,0.011142730712890625,train
sample_000148_0080,148,train,80,138,158,0,107,113,107,113,True,0,0.37469759583473206,0.15460993349552155,10655,0.040645599365234375,train
sample_000106_0131,106,train,131,235,186,36,108,109,108,109,True,0,0.2624868154525757,0.18171553313732147,3093,0.011798858642578125,train
sample_000148_0069,148,train,69,103,276,36,108,119,108,119,True,0,0.3806222975254059,0.10430778563022614,5759,0.021968841552734375,train
sample_000425_0013,425,train,13,0,215,28,108,107,108,107,True,0,0.1720123589038849,0.1830444633960724,3411,0.013011932373046875,train
sample_000425_0008,425,train,8,0,144,0,109,121,109,121,True,0,0.30593588948249817,0.1726517528295517,5653,0.021564483642578125,train
sample_000148_0067,148,train,67,103,236,36,110,127,110,127,True,0,0.3803596794605255,0.11560864746570587,7533,0.028736114501953125,train
sample_000425_0040,425,train,40,71,72,0,110,109,110,109,True,0,0.3937457501888275,0.06564947962760925,3576,0.013641357421875,train
sample_000077_0045,77,train,45,80,239,36,112,118,112,118,True,0,0.3255728483200073,0.09586173295974731,4689,0.017887115478515625,train
sample_000148_0030,148,train,30,34,236,0,112,114,112,114,True,0,0.23822259902954102,0.20086053013801575,4614,0.01760101318359375,train
sample_000425_0031,425,train,31,36,215,28,113,111,113,111,True,0,0.33659669756889343,0.10876509547233582,3722,0.01419830322265625,train
sample_000077_0043,77,train,43,80,199,36,114,126,114,126,True,0,0.32420915365219116,0.0981094166636467,4118,0.01570892333984375,train
sample_000077_0059,77,train,59,120,199,36,115,126,115,126,True,0,0.32189589738845825,0.09904622286558151,4158,0.01586151123046875,train
sample_000425_0066,425,train,66,106,215,0,116,126,116,126,True,0,0.29076218605041504,0.16481485962867737,9350,0.03566741943359375,train
sample_000148_0135,148,train,135,241,158,36,117,113,117,113,True,0,0.3168059289455414,0.1696707159280777,5972,0.0227813720703125,train
sample_000425_0119,425,train,119,213,179,28,117,123,117,123,True,0,0.2200649231672287,0.1827419549226761,5674,0.02164459228515625,train
sample_000077_0061,77,train,61,120,239,36,118,126,118,126,True,0,0.3231409192085266,0.10000570863485336,4817,0.018375396728515625,train
sample_000077_0009,77,train,9,0,159,36,120,115,120,115,True,0,0.2586653232574463,0.1565457582473755,4629,0.017658233642578125,train
sample_000013_0000,13,val,0,0,0,0,0,0,0,0,False,0,0.04585406929254532,0.13589800894260406,0,0.0,val
sample_000013_0001,13,val,1,0,0,36,0,0,0,0,False,0,0.019463254138827324,0.09122219681739807,0,0.0,val
sample_000013_0002,13,val,2,0,36,0,0,0,0,0,False,0,0.17829203605651855,0.2243407815694809,0,0.0,val
sample_000013_0016,13,val,16,0,288,0,0,0,0,0,False,0,0.08977239578962326,0.18083657324314117,0,0.0,val
sample_000013_0018,13,val,18,0,324,0,0,0,0,0,False,0,0.024627607315778732,0.10018396377563477,0,0.0,val
sample_000013_0019,13,val,19,0,324,36,0,0,0,0,False,0,0.02340765669941902,0.09795313328504562,0,0.0,val
sample_000013_0020,13,val,20,36,0,0,0,0,0,0,False,0,0.21563377976417542,0.22918906807899475,0,0.0,val
sample_000013_0021,13,val,21,36,0,36,0,0,0,0,False,0,0.11889024823904037,0.20066769421100616,0,0.0,val
sample_000013_0039,13,val,39,36,324,36,0,0,0,0,False,0,0.1457776576280594,0.2124224454164505,0,0.0,val
sample_000013_0040,13,val,40,73,0,0,0,0,0,0,False,0,0.32772204279899597,0.20718663930892944,2,7.62939453125e-06,val
sample_000013_0041,13,val,41,73,0,36,0,0,0,0,False,0,0.21737588942050934,0.22956490516662598,2,7.62939453125e-06,val
sample_000013_0100,13,val,100,182,0,0,0,0,0,0,False,0,0.20172442495822906,0.2271580547094345,0,0.0,val
sample_000013_0116,13,val,116,182,288,0,0,0,0,0,False,0,0.3855969309806824,0.20290224254131317,0,0.0,val
sample_000013_0117,13,val,117,182,288,36,0,0,0,0,False,0,0.3716680109500885,0.1943110227584839,0,0.0,val
sample_000013_0118,13,val,118,182,324,0,0,0,0,0,False,0,0.2096395492553711,0.23875078558921814,0,0.0,val
sample_000013_0120,13,val,120,218,0,0,0,0,0,0,False,0,0.04162680357694626,0.12962736189365387,0,0.0,val
sample_000013_0136,13,val,136,218,288,0,0,0,0,0,False,0,0.1835593283176422,0.23143510520458221,0,0.0,val
sample_000013_0137,13,val,137,218,288,36,0,0,0,0,False,0,0.16141238808631897,0.22079552710056305,0,0.0,val
sample_000013_0138,13,val,138,218,324,0,0,0,0,0,False,0,0.0659329742193222,0.16440580785274506,0,0.0,val
sample_000013_0139,13,val,139,218,324,36,0,0,0,0,False,0,0.05021236836910248,0.14311495423316956,0,0.0,val
sample_000013_0101,13,val,101,182,0,36,3,2,3,2,True,0,0.1145915687084198,0.19790777564048767,24,9.1552734375e-05,val
sample_000013_0121,13,val,121,218,0,36,3,2,3,2,True,0,0.01926056668162346,0.09029482305049896,24,9.1552734375e-05,val
sample_000013_0060,13,val,60,109,0,0,4,3,4,3,True,0,0.35976290702819824,0.19092848896980286,81,0.000308990478515625,val
sample_000013_0061,13,val,61,109,0,36,4,3,4,3,True,0,0.25439023971557617,0.23257289826869965,81,0.000308990478515625,val
sample_000013_0081,13,val,81,145,0,36,4,3,4,3,True,0,0.2310444861650467,0.23215653002262115,81,0.000308990478515625,val
sample_000013_0119,13,val,119,182,324,36,4,3,4,3,True,0,0.186979278922081,0.2294742465019226,20,7.62939453125e-05,val
sample_000013_0004,13,val,4,0,72,0,7,5,7,5,True,0,0.31116920709609985,0.21926328539848328,179,0.000682830810546875,val
sample_000013_0058,13,val,58,73,324,0,7,6,7,6,True,0,0.31146448850631714,0.2341754138469696,307,0.001171112060546875,val
sample_000013_0036,13,val,36,36,288,0,8,7,8,7,True,0,0.31946149468421936,0.22083929181098938,243,0.000926971435546875,val
sample_000013_0003,13,val,3,0,36,36,9,7,9,7,True,0,0.11523878574371338,0.20166121423244476,145,0.000553131103515625,val
sample_000013_0017,13,val,17,0,288,36,12,10,12,10,True,0,0.11297163367271423,0.19728557765483856,203,0.000774383544921875,val
sample_000013_0089,13,val,89,145,144,36,15,12,15,12,True,0,0.46353256702423096,0.06945408880710602,714,0.00272369384765625,val
sample_000013_0091,13,val,91,145,180,36,15,12,15,12,True,0,0.460940420627594,0.06967449933290482,604,0.0023040771484375,val
sample_000013_0026,13,val,26,36,108,0,16,14,16,14,True,0,0.45371511578559875,0.0825820192694664,691,0.002635955810546875,val
sample_000013_0049,13,val,49,73,144,36,16,13,16,13,True,0,0.4597790241241455,0.07082715630531311,594,0.00226593017578125,val
sample_000013_0051,13,val,51,73,180,36,17,13,17,13,True,0,0.4612080752849579,0.0678623616695404,553,0.002109527587890625,val
sample_000013_0056,13,val,56,73,288,0,17,15,17,15,True,0,0.41635647416114807,0.17339792847633362,612,0.0023345947265625,val
sample_000013_0122,13,val,122,218,36,0,17,15,17,15,True,0,0.18303267657756805,0.2238195836544037,333,0.001270294189453125,val
sample_000013_0022,13,val,22,36,36,0,20,17,20,17,True,0,0.41269564628601074,0.14887851476669312,216,0.000823974609375,val
sample_000013_0037,13,val,37,36,288,36,20,17,20,17,True,0,0.3390977680683136,0.20825907588005066,446,0.00170135498046875,val
sample_000013_0059,13,val,59,73,324,36,22,18,22,18,True,0,0.2993733286857605,0.226953387260437,618,0.00235748291015625,val
sample_000013_0005,13,val,5,0,72,36,23,20,23,20,True,0,0.2544526755809784,0.2353350818157196,911,0.003475189208984375,val
sample_000013_0047,13,val,47,73,108,36,23,21,23,21,True,0,0.45881640911102295,0.07265836745500565,608,0.0023193359375,val
sample_000013_0083,13,val,83,145,36,36,24,22,24,22,True,0,0.4254833459854126,0.14110878109931946,688,0.00262451171875,val
sample_000013_0102,13,val,102,182,36,0,24,20,24,20,True,0,0.4112941026687622,0.1502799540758133,369,0.001407623291015625,val
sample_000013_0053,13,val,53,73,216,36,25,20,25,20,True,0,0.4613029360771179,0.06570079922676086,452,0.0017242431640625,val
sample_000013_0087,13,val,87,145,108,36,25,21,25,21,True,0,0.46049830317497253,0.07316894829273224,1047,0.003993988037109375,val
sample_000013_0043,13,val,43,73,36,36,26,23,26,23,True,0,0.4112517237663269,0.15693488717079163,357,0.001361846923828125,val
sample_000013_0024,13,val,24,36,72,0,27,24,27,24,True,0,0.46065574884414673,0.0670011043548584,761,0.002902984619140625,val
sample_000013_0063,13,val,63,109,36,36,28,25,28,25,True,0,0.4316362142562866,0.13888749480247498,710,0.00270843505859375,val
sample_000013_0023,13,val,23,36,36,36,29,25,29,25,True,0,0.32270848751068115,0.2187277227640152,365,0.001392364501953125,val
sample_000013_0042,13,val,42,73,36,0,29,25,29,25,True,0,0.4539753794670105,0.07452481240034103,410,0.00156402587890625,val
sample_000013_0106,13,val,106,182,108,0,30,26,30,26,True,0,0.4469611644744873,0.1004466861486435,1143,0.004360198974609375,val
sample_000013_0062,13,val,62,109,36,0,32,27,32,27,True,0,0.45492175221443176,0.0777662843465805,723,0.002758026123046875,val
sample_000013_0124,13,val,124,218,72,0,32,29,32,29,True,0,0.322030633687973,0.21417337656021118,849,0.003238677978515625,val
sample_000013_0027,13,val,27,36,108,36,33,29,33,29,True,0,0.4632068872451782,0.06472763419151306,1070,0.00408172607421875,val
sample_000013_0082,13,val,82,145,36,0,34,30,34,30,True,0,0.46274811029434204,0.059740494936704636,923,0.003520965576171875,val
sample_000013_0088,13,val,88,145,144,0,35,34,35,34,True,0,0.45581892132759094,0.10011198371648788,2292,0.0087432861328125,val
sample_000013_0123,13,val,123,218,36,36,35,35,35,35,True,0,0.12437698245048523,0.20522913336753845,920,0.003509521484375,val
sample_000013_0126,13,val,126,218,108,0,35,33,35,33,True,0,0.3678601384162903,0.1909540891647339,1803,0.006877899169921875,val
sample_000013_0055,13,val,55,73,252,36,36,30,36,30,True,0,0.46474331617355347,0.05914168432354927,770,0.00293731689453125,val
sample_000013_0098,13,val,98,145,324,0,36,31,36,31,True,0,0.276876300573349,0.23270925879478455,1180,0.0045013427734375,val
sample_000013_0025,13,val,25,36,72,36,37,33,37,33,True,0,0.44349223375320435,0.11459825187921524,949,0.003620147705078125,val
sample_000013_0050,13,val,50,73,180,0,38,33,38,33,True,0,0.458961546421051,0.1109892949461937,4729,0.018039703369140625,val
sample_000013_0085,13,val,85,145,72,36,38,32,38,32,True,0,0.46205130219459534,0.06435486674308777,1012,0.0038604736328125,val
sample_000013_0103,13,val,103,182,36,36,38,38,38,38,True,0,0.3312280774116516,0.21318137645721436,878,0.00334930419921875,val
sample_000013_0048,13,val,48,73,144,0,39,35,39,35,True,0,0.4542357325553894,0.09741461277008057,2592,0.0098876953125,val
sample_000013_0045,13,val,45,73,72,36,40,40,40,40,True,0,0.46350833773612976,0.06819089502096176,1062,0.00405120849609375,val
sample_000013_0090,13,val,90,145,180,0,40,40,40,40,True,0,0.4556255042552948,0.13807016611099243,7297,0.027835845947265625,val
sample_000013_0069,13,val,69,109,144,36,41,34,41,34,True,0,0.4560224115848541,0.08503430336713791,1575,0.006008148193359375,val
sample_000013_0104,13,val,104,182,72,0,41,34,41,34,True,0,0.458842396736145,0.06543723493814468,656,0.00250244140625,val
sample_000013_0067,13,val,67,109,108,36,43,37,43,37,True,0,0.4590263366699219,0.0860275998711586,1492,0.0056915283203125,val
sample_000013_0078,13,val,78,109,324,0,45,39,45,39,True,0,0.30346840620040894,0.23019200563430786,1581,0.006031036376953125,val
sample_000013_0086,13,val,86,145,108,0,45,42,45,42,True,0,0.4536282420158386,0.09642086178064346,2609,0.009952545166015625,val
sample_000013_0115,13,val,115,182,252,36,46,43,46,43,True,0,0.4449247419834137,0.11167489737272263,1200,0.00457763671875,val
sample_000013_0046,13,val,46,73,108,0,48,47,48,47,True,0,0.45178598165512085,0.09436945617198944,2320,0.00885009765625,val
sample_000013_0071,13,val,71,109,180,36,48,46,48,46,True,0,0.4539361596107483,0.0869612917304039,2345,0.008945465087890625,val
sample_000013_0007,13,val,7,0,108,36,49,45,49,45,True,0,0.35207802057266235,0.20650093257427216,2106,0.00803375244140625,val
sample_000013_0093,13,val,93,145,216,36,49,44,49,44,True,0,0.4605553448200226,0.07640532404184341,1338,0.00510406494140625,val
sample_000013_0054,13,val,54,73,252,0,50,45,50,45,True,0,0.41806772351264954,0.1645282655954361,3924,0.0149688720703125,val
sample_000013_0044,13,val,44,73,72,0,51,51,51,51,True,0,0.4572581350803375,0.08109068125486374,1839,0.007015228271484375,val
sample_000013_0052,13,val,52,73,216,0,51,49,51,49,True,0,0.455160915851593,0.14178811013698578,8355,0.031871795654296875,val
sample_000013_0068,13,val,68,109,144,0,51,41,49,40,True,0,0.4487992227077484,0.10351215302944183,2771,0.010570526123046875,val
sample_000013_0065,13,val,65,109,72,36,53,48,51,47,True,0,0.4644416272640228,0.07622005045413971,1549,0.005908966064453125,val
sample_000013_0108,13,val,108,182,144,0,53,48,53,48,True,0,0.44621777534484863,0.11508766561746597,2331,0.008892059326171875,val
sample_000013_0114,13,val,114,182,252,0,53,51,53,51,True,0,0.41862618923187256,0.1576826423406601,1754,0.00669097900390625,val
sample_000013_0008,13,val,8,0,144,0,54,51,54,51,True,0,0.3694949150085449,0.19324125349521637,2484,0.0094757080078125,val
sample_000013_0099,13,val,99,145,324,36,55,48,53,47,True,0,0.2954391539096832,0.2287023365497589,1779,0.006786346435546875,val
sample_000013_0134,13,val,134,218,252,0,57,53,57,53,True,0,0.2574006915092468,0.23212167620658875,1739,0.006633758544921875,val
sample_000013_0135,13,val,135,218,252,36,57,53,57,53,True,0,0.2651149034500122,0.23104296624660492,1469,0.005603790283203125,val
sample_000013_0107,13,val,107,182,108,36,59,53,59,53,True,0,0.4595143496990204,0.07199270278215408,1804,0.0068817138671875,val
sample_000013_0109,13,val,109,182,144,36,59,54,59,54,True,0,0.46574240922927856,0.07047034054994583,2573,0.009815216064453125,val
sample_000013_0014,13,val,14,0,252,0,62,59,62,59,True,0,0.17769862711429596,0.22948260605335236,2133,0.008136749267578125,val
sample_000013_0084,13,val,84,145,72,0,64,60,64,60,True,0,0.45861849188804626,0.07839436084032059,2182,0.00832366943359375,val
sample_000013_0070,13,val,70,109,180,0,65,59,65,59,True,0,0.44790709018707275,0.15088891983032227,9129,0.034824371337890625,val
sample_000013_0128,13,val,128,218,144,0,66,63,66,63,True,0,0.38518425822257996,0.18250378966331482,3229,0.012317657470703125,val
sample_000013_0125,13,val,125,218,72,36,67,63,67,63,True,0,0.27045971155166626,0.23190169036388397,1934,0.00737762451171875,val
sample_000013_0015,13,val,15,0,252,36,68,61,68,61,True,0,0.2227969914674759,0.23448482155799866,2104,0.008026123046875,val
sample_000013_0127,13,val,127,218,108,36,68,64,68,64,True,0,0.36219727993011475,0.19958558678627014,2961,0.011295318603515625,val
sample_000013_0035,13,val,35,36,252,36,69,65,69,65,True,0,0.4454924464225769,0.11593050509691238,2476,0.0094451904296875,val
sample_000013_0096,13,val,96,145,288,0,69,65,69,65,True,0,0.3911091685295105,0.19458426535129547,2737,0.010440826416015625,val
sample_000013_0066,13,val,66,109,108,0,71,67,71,67,True,0,0.449483722448349,0.10841155797243118,3434,0.01309967041015625,val
sample_000013_0079,13,val,79,109,324,36,72,64,72,64,True,0,0.33985987305641174,0.21605293452739716,2624,0.010009765625,val
sample_000013_0064,13,val,64,109,72,0,74,67,74,67,True,0,0.45858749747276306,0.08835005760192871,2281,0.008701324462890625,val
sample_000013_0030,13,val,30,36,180,0,75,79,75,79,True,0,0.4591224193572998,0.09779148548841476,3873,0.014774322509765625,val
sample_000013_0092,13,val,92,145,216,0,78,89,78,89,True,0,0.4281746745109558,0.18501326441764832,10474,0.03995513916015625,val
sample_000013_0033,13,val,33,36,216,36,81,77,81,77,True,0,0.46663305163383484,0.07625596970319748,3131,0.011943817138671875,val
sample_000013_0031,13,val,31,36,180,36,82,84,82,84,True,0,0.4696445167064667,0.0739763155579567,3414,0.01302337646484375,val
sample_000013_0009,13,val,9,0,144,36,83,80,83,80,True,0,0.3824193775653839,0.1903102844953537,3609,0.013767242431640625,val
sample_000013_0113,13,val,113,182,216,36,86,79,86,79,True,0,0.4642309844493866,0.07511761784553528,2753,0.010501861572265625,val
sample_000013_0012,13,val,12,0,216,0,88,93,88,93,True,0,0.2826375365257263,0.23618640005588531,4260,0.0162506103515625,val
sample_000013_0013,13,val,13,0,216,36,88,87,88,87,True,0,0.3004949390888214,0.22986337542533875,3645,0.013904571533203125,val
sample_000013_0111,13,val,111,182,180,36,88,82,88,82,True,0,0.4665229916572571,0.07679802924394608,3479,0.013271331787109375,val
sample_000013_0010,13,val,10,0,180,0,89,87,89,87,True,0,0.34687021374702454,0.2117103785276413,3720,0.014190673828125,val
sample_000013_0076,13,val,76,109,288,0,89,93,89,93,True,0,0.38764679431915283,0.1990123838186264,4028,0.0153656005859375,val
sample_000013_0073,13,val,73,109,216,36,92,95,92,95,True,0,0.4538373649120331,0.09433464705944061,3351,0.012783050537109375,val
sample_000013_0129,13,val,129,218,144,36,93,89,93,89,True,0,0.3889000117778778,0.18407388031482697,4161,0.015872955322265625,val
sample_000013_0094,13,val,94,145,252,0,94,105,94,105,True,0,0.39070984721183777,0.19620287418365479,4849,0.018497467041015625,val
sample_000013_0034,13,val,34,36,252,0,95,100,95,100,True,0,0.3992687165737152,0.18006844818592072,4445,0.016956329345703125,val
sample_000013_0110,13,val,110,182,180,0,95,96,95,96,True,0,0.4634140431880951,0.10462284088134766,5270,0.02010345458984375,val
sample_000013_0011,13,val,11,0,180,36,100,99,100,99,True,0,0.35683876276016235,0.2100309580564499,3915,0.014934539794921875,val
sample_000013_0072,13,val,72,109,216,0,102,112,100,111,True,0,0.41346094012260437,0.20361866056919098,13272,0.050628662109375,val
sample_000013_0112,13,val,112,182,216,0,103,107,103,107,True,0,0.45506787300109863,0.11830107867717743,5773,0.022022247314453125,val
sample_000013_0095,13,val,95,145,252,36,104,105,104,105,True,0,0.466371089220047,0.0815163105726242,3098,0.01181793212890625,val
sample_000013_0032,13,val,32,36,216,0,106,118,106,118,True,0,0.46430066227912903,0.11001062393188477,6534,0.02492523193359375,val
sample_000013_0074,13,val,74,109,252,0,120,139,120,139,True,0,0.3799513578414917,0.2109001725912094,7324,0.0279388427734375,val
sample_000013_0130,13,val,130,218,180,0,120,123,120,123,True,0,0.38576796650886536,0.19163298606872559,5540,0.0211334228515625,val
sample_000013_0133,13,val,133,218,216,36,120,114,120,114,True,0,0.3353225290775299,0.21640971302986145,4101,0.015644073486328125,val
sample_000068_0000,68,test,0,0,0,0,0,0,0,0,False,0,0.030177868902683258,0.09546511620283127,0,0.0,test
sample_000068_0018,68,test,18,36,0,0,0,0,0,0,False,0,0.1540478765964508,0.17208415269851685,0,0.0,test
sample_000068_0019,68,test,19,36,0,36,0,0,0,0,False,0,0.08898263424634933,0.15093494951725006,0,0.0,test
sample_000068_0091,68,test,91,179,0,36,0,0,0,0,False,0,0.07602348178625107,0.14044494926929474,0,0.0,test
sample_000068_0106,68,test,106,179,308,0,0,0,0,0,False,0,0.09725417196750641,0.15705321729183197,0,0.0,test
sample_000068_0108,68,test,108,215,0,0,0,0,0,0,False,0,0.021348314359784126,0.07925339788198471,0,0.0,test
sample_000068_0124,68,test,124,215,308,0,0,0,0,0,False,0,0.025952713564038277,0.08954057842493057,0,0.0,test
sample_000542_0000,542,test,0,0,0,0,0,0,0,0,False,0,0.04990003630518913,0.13463999330997467,19,7.2479248046875e-05,test
sample_000542_0014,542,test,14,0,264,0,0,0,0,0,False,0,0.017083298414945602,0.06655082106590271,0,0.0,test
sample_000542_0015,542,test,15,0,264,28,0,0,0,0,False,0,0.02015717513859272,0.07073500007390976,0,0.0,test
sample_000542_0030,542,test,30,36,264,0,0,0,0,0,False,0,0.06933721154928207,0.12223826348781586,0,0.0,test
sample_000542_0033,542,test,33,71,0,28,0,0,0,0,False,0,0.16039802134037018,0.16564466059207916,0,0.0,test
sample_000542_0035,542,test,35,71,38,28,0,0,0,0,False,0,0.26415321230888367,0.11944148689508438,0,0.0,test
sample_000542_0049,542,test,49,107,0,28,0,0,0,0,False,0,0.1850242018699646,0.16233308613300323,0,0.0,test
sample_000542_0065,542,test,65,143,0,28,0,0,0,0,False,0,0.17227694392204285,0.1696850210428238,0,0.0,test
sample_000542_0067,542,test,67,143,38,28,0,0,0,0,False,0,0.26272451877593994,0.11494538933038712,0,0.0,test
sample_000542_0094,542,test,94,178,264,0,0,0,0,0,False,0,0.057744961231946945,0.10890093445777893,0,0.0,test
sample_000542_0096,542,test,96,214,0,0,0,0,0,0,False,0,0.0855516716837883,0.15888994932174683,5,1.9073486328125e-05,test
sample_000542_0097,542,test,97,214,0,28,0,0,0,0,False,0,0.03601337596774101,0.1054394394159317,0,0.0,test
sample_000542_0111,542,test,111,214,264,28,0,0,0,0,False,0,0.022076746448874474,0.07004915922880173,0,0.0,test
sample_000542_0032,542,test,32,71,0,0,2,1,2,1,True,0,0.28923606872558594,0.1712416112422943,21,8.0108642578125e-05,test
sample_000542_0080,542,test,80,178,0,0,2,1,2,1,True,0,0.2300529032945633,0.1891607642173767,14,5.340576171875e-05,test
sample_000542_0083,542,test,83,178,38,28,2,1,2,1,True,0,0.22633454203605652,0.14844873547554016,21,8.0108642578125e-05,test
sample_000068_0110,68,test,110,215,38,0,3,2,3,2,True,0,0.11661387979984283,0.16015122830867767,10,3.814697265625e-05,test
sample_000542_0019,542,test,19,36,38,28,3,2,3,2,True,0,0.21558262407779694,0.16568419337272644,28,0.0001068115234375,test
sample_000068_0002,68,test,2,0,38,0,5,3,5,3,True,0,0.1303531378507614,0.16596584022045135,80,0.00030517578125,test
sample_000068_0036,68,test,36,72,0,0,5,4,5,4,False,0,0.2444007694721222,0.15800611674785614,90,0.00034332275390625,test
sample_000542_0109,542,test,109,214,226,28,6,4,6,4,True,0,0.07940522581338882,0.11849719285964966,67,0.000255584716796875,test
sample_000068_0016,68,test,16,0,308,0,7,6,7,6,True,0,0.02366364374756813,0.08451307564973831,41,0.000156402587890625,test
sample_000068_0043,68,test,43,72,116,36,7,5,7,5,True,0,0.3314560651779175,0.08507619053125381,282,0.00107574462890625,test
sample_000542_0099,542,test,99,214,38,28,7,5,7,5,True,0,0.12370511144399643,0.1625840961933136,179,0.000682830810546875,test
sample_000068_0017,68,test,17,0,308,36,9,8,9,8,True,0,0.026655253022909164,0.08963395655155182,108,0.0004119873046875,test
sample_000068_0072,68,test,72,143,0,0,9,8,9,8,True,0,0.25176411867141724,0.15737344324588776,278,0.00106048583984375,test
sample_000542_0046,542,test,46,71,264,0,9,6,9,6,True,0,0.10683633387088776,0.138113334774971,155,0.000591278076171875,test
sample_000068_0093,68,test,93,179,38,36,11,10,11,10,True,0,0.2357899248600006,0.16253098845481873,202,0.00077056884765625,test
sample_000542_0037,542,test,37,71,75,28,11,9,11,9,True,0,0.2830595374107361,0.07575781643390656,203,0.000774383544921875,test
sample_000542_0069,542,test,69,143,75,28,12,9,12,9,True,0,0.27217090129852295,0.07021297514438629,210,0.00080108642578125,test
sample_000068_0022,68,test,22,36,77,0,13,10,13,10,True,0,0.3353695869445801,0.07361388951539993,337,0.001285552978515625,test
sample_000068_0079,68,test,79,143,116,36,13,11,13,11,True,0,0.33239486813545227,0.08170506358146667,209,0.000797271728515625,test
sample_000068_0055,68,test,55,108,0,36,14,12,14,12,True,0,0.1716744601726532,0.1803276538848877,380,0.0014495849609375,test
sample_000542_0002,542,test,2,0,38,0,14,12,14,12,True,0,0.19230958819389343,0.20088927447795868,445,0.001697540283203125,test
sample_000542_0021,542,test,21,36,75,28,14,11,14,11,True,0,0.2681356370449066,0.12812970578670502,442,0.00168609619140625,test
sample_000068_0077,68,test,77,143,77,36,15,12,15,12,True,0,0.3386653959751129,0.07305803894996643,205,0.000782012939453125,test
sample_000542_0079,542,test,79,143,264,28,15,12,15,12,True,0,0.14569832384586334,0.12054941058158875,119,0.000453948974609375,test
sample_000068_0003,68,test,3,0,38,36,16,12,16,12,True,0,0.10350102186203003,0.1598169058561325,537,0.002048492431640625,test
sample_000068_0052,68,test,52,72,308,0,16,13,16,13,True,0,0.17056283354759216,0.17958593368530273,599,0.002285003662109375,test
sample_000068_0123,68,test,123,215,270,36,16,14,16,14,True,0,0.09120362997055054,0.15386390686035156,355,0.001354217529296875,test
sample_000542_0082,542,test,82,178,38,0,17,13,17,13,True,0,0.349524587392807,0.07970518618822098,438,0.00167083740234375,test
sample_000542_0085,542,test,85,178,75,28,17,13,17,13,True,0,0.2617194354534149,0.10466057062149048,249,0.000949859619140625,test
sample_000068_0105,68,test,105,179,270,36,19,17,19,17,True,0,0.2573194205760956,0.15635092556476593,595,0.002269744873046875,test
sample_000542_0098,542,test,98,214,38,0,20,17,20,17,True,0,0.23411811888217926,0.18052473664283752,684,0.0026092529296875,test
sample_000068_0039,68,test,39,72,38,36,21,19,21,19,True,0,0.30723538994789124,0.12720516324043274,552,0.002105712890625,test
sample_000068_0075,68,test,75,143,38,36,21,19,21,19,True,0,0.3030787408351898,0.12393631786108017,575,0.002193450927734375,test
sample_000068_0074,68,test,74,143,38,0,22,21,22,21,True,0,0.3411795198917389,0.07640974223613739,649,0.002475738525390625,test
sample_000068_0038,68,test,38,72,38,0,23,20,23,20,True,0,0.3384946882724762,0.07141096889972687,563,0.002147674560546875,test
sample_000542_0045,542,test,45,71,226,28,25,21,25,21,True,0,0.26466357707977295,0.07432382553815842,671,0.002559661865234375,test
sample_000542_0062,542,test,62,107,264,0,25,21,25,21,True,0,0.12446000427007675,0.1340348869562149,453,0.001728057861328125,test
sample_000542_0063,542,test,63,107,264,28,26,22,26,22,True,0,0.1859896332025528,0.11800139397382736,478,0.00182342529296875,test
sample_000068_0024,68,test,24,36,116,0,27,24,27,24,True,0,0.33653724193573,0.07552521675825119,845,0.003223419189453125,test
sample_000068_0096,68,test,96,179,116,0,27,23,27,23,True,0,0.3352758586406708,0.07526444643735886,792,0.003021240234375,test
sample_000068_0004,68,test,4,0,77,0,30,29,30,29,True,0,0.22594928741455078,0.16784627735614777,962,0.00366973876953125,test
sample_000068_0059,68,test,59,108,77,36,30,23,30,23,True,0,0.33636075258255005,0.08019812405109406,490,0.00186920166015625,test
sample_000542_0029,542,test,29,36,226,28,31,26,31,26,True,0,0.21193529665470123,0.12322413921356201,799,0.003047943115234375,test
sample_000542_0108,542,test,108,214,226,0,31,27,31,27,True,0,0.08970366418361664,0.12628181278705597,273,0.001041412353515625,test
sample_000068_0057,68,test,57,108,38,36,32,27,32,27,True,0,0.31329062581062317,0.12320954352617264,725,0.002765655517578125,test
sample_000068_0076,68,test,76,143,77,0,33,32,33,32,True,0,0.33315667510032654,0.08177510648965836,939,0.003582000732421875,test
sample_000068_0042,68,test,42,72,116,0,34,30,34,30,True,0,0.32372674345970154,0.09709600359201431,1345,0.005130767822265625,test
sample_000068_0047,68,test,47,72,192,36,34,27,34,27,True,0,0.33853960037231445,0.07886312901973724,797,0.003040313720703125,test
sample_000068_0122,68,test,122,215,270,0,34,33,34,33,True,0,0.086524598300457,0.15063907206058502,612,0.0023345947265625,test
sample_000068_0023,68,test,23,36,77,36,35,28,35,28,True,0,0.32519808411598206,0.09608256816864014,1079,0.004116058349609375,test
sample_000542_0066,542,test,66,143,38,0,35,38,35,38,True,0,0.35038188099861145,0.057743243873119354,738,0.00281524658203125,test
sample_000542_0043,542,test,43,71,189,28,36,30,36,30,True,0,0.2771715819835663,0.04810120910406113,919,0.003505706787109375,test
sample_000068_0014,68,test,14,0,270,0,39,33,39,33,True,0,0.08491840958595276,0.14869938790798187,473,0.001804351806640625,test
sample_000068_0104,68,test,104,179,270,0,39,38,39,38,True,0,0.2114308774471283,0.17234782874584198,924,0.0035247802734375,test
sample_000068_0113,68,test,113,215,77,36,39,37,39,37,True,0,0.2032386213541031,0.1757819652557373,1363,0.005199432373046875,test
sample_000542_0034,542,test,34,71,38,0,40,37,40,37,True,0,0.3589813709259033,0.05638888105750084,1163,0.004436492919921875,test
sample_000068_0061,68,test,61,108,116,36,41,40,41,40,True,0,0.3243943750858307,0.09582214057445526,977,0.003726959228515625,test
sample_000068_0114,68,test,114,215,116,0,41,35,41,35,True,0,0.28008896112442017,0.14207994937896729,1555,0.005931854248046875,test
sample_000542_0084,542,test,84,178,75,0,41,33,41,33,True,0,0.3295386731624603,0.04928765818476677,887,0.003383636474609375,test
sample_000068_0025,68,test,25,36,116,36,43,35,43,35,True,0,0.3381374180316925,0.07690361887216568,1029,0.003925323486328125,test
sample_000068_0040,68,test,40,72,77,0,43,42,43,42,True,0,0.33505162596702576,0.08461246639490128,1252,0.0047760009765625,test
sample_000542_0055,542,test,55,107,113,28,43,40,43,40,True,0,0.2514101266860962,0.055231235921382904,1640,0.006256103515625,test
sample_000542_0107,542,test,107,214,189,28,46,37,46,37,True,0,0.13307231664657593,0.1289205402135849,1007,0.003841400146484375,test
sample_000542_0020,542,test,20,36,75,0,49,43,49,43,True,0,0.35806286334991455,0.05492166057229042,1422,0.00542449951171875,test
sample_000542_0091,542,test,91,178,189,28,49,45,49,45,True,0,0.24182933568954468,0.07749027758836746,1355,0.005168914794921875,test
sample_000542_0038,542,test,38,71,113,0,50,46,50,46,True,0,0.3028104603290558,0.051793359220027924,1806,0.00688934326171875,test
sample_000068_0046,68,test,46,72,192,0,51,49,51,49,True,0,0.3385430872440338,0.12086818367242813,5446,0.02077484130859375,test
sample_000542_0057,542,test,57,107,151,28,51,50,51,50,True,0,0.24466687440872192,0.056592103093862534,2129,0.008121490478515625,test
sample_000068_0078,68,test,78,143,116,0,52,53,52,53,True,0,0.32455307245254517,0.09740126878023148,1600,0.006103515625,test
sample_000542_0044,542,test,44,71,226,0,53,50,53,50,True,0,0.2194945067167282,0.13451671600341797,3537,0.013492584228515625,test
sample_000542_0073,542,test,73,143,151,28,53,49,53,49,True,0,0.25117793679237366,0.05034805089235306,1607,0.006130218505859375,test
sample_000542_0092,542,test,92,178,226,0,54,59,54,59,True,0,0.19206751883029938,0.12972156703472137,1350,0.00514984130859375,test
sample_000068_0085,68,test,85,143,231,36,56,51,56,51,True,0,0.34056591987609863,0.08362260460853577,1766,0.00673675537109375,test
sample_000068_0098,68,test,98,179,154,0,56,51,56,51,True,0,0.3331601321697235,0.09521045535802841,2672,0.01019287109375,test
sample_000068_0050,68,test,50,72,270,0,58,49,58,49,True,0,0.25103405117988586,0.16439595818519592,1726,0.00658416748046875,test
sample_000542_0070,542,test,70,143,113,0,62,55,62,55,True,0,0.2851601243019104,0.04984276369214058,2007,0.007656097412109375,test
sample_000068_0051,68,test,51,72,270,36,64,56,64,56,True,0,0.3284431993961334,0.09922939538955688,1403,0.005352020263671875,test
sample_000068_0062,68,test,62,108,154,0,64,56,64,56,True,0,0.3251311480998993,0.1077490970492363,2469,0.009418487548828125,test
sample_000542_0056,542,test,56,107,151,0,65,63,65,63,True,0,0.26483798027038574,0.06665794551372528,3761,0.014347076416015625,test
sample_000068_0060,68,test,60,108,116,0,66,64,66,64,True,0,0.31951668858528137,0.10899117588996887,2279,0.008693695068359375,test
sample_000068_0063,68,test,63,108,154,36,66,63,66,63,True,0,0.32705771923065186,0.09982623159885406,2031,0.007747650146484375,test
sample_000542_0089,542,test,89,178,151,28,67,61,67,61,True,0,0.25135889649391174,0.06221465766429901,1709,0.006519317626953125,test
sample_000542_0103,542,test,103,214,113,28,69,65,69,65,True,0,0.18713131546974182,0.13749805092811584,2325,0.008869171142578125,test
sample_000068_0049,68,test,49,72,231,36,70,59,70,59,True,0,0.33768388628959656,0.07980760931968689,1182,0.00450897216796875,test
sample_000068_0084,68,test,84,143,231,0,72,75,72,75,True,0,0.314336895942688,0.16034547984600067,7789,0.029712677001953125,test
sample_000068_0103,68,test,103,179,231,36,73,66,73,66,True,0,0.31253570318222046,0.12101410329341888,2133,0.008136749267578125,test
sample_000542_0072,542,test,72,143,151,0,73,67,73,67,True,0,0.2711648941040039,0.05661378800868988,3231,0.012325286865234375,test
sample_000068_0064,68,test,64,108,192,0,76,74,76,74,True,0,0.32894548773765564,0.15643253922462463,9899,0.037761688232421875,test
sample_000068_0008,68,test,8,0,154,0,78,75,78,75,True,0,0.28658050298690796,0.1468563824892044,3281,0.012516021728515625,test
sample_000542_0105,542,test,105,214,151,28,79,72,79,72,True,0,0.16977433860301971,0.12778234481811523,2243,0.008556365966796875,test
sample_000068_0071,68,test,71,108,308,36,80,74,80,74,True,0,0.2665625512599945,0.16540755331516266,2267,0.008647918701171875,test
sample_000068_0065,68,test,65,108,192,36,82,83,82,83,True,0,0.33052074909210205,0.1068977415561676,3545,0.013523101806640625,test
sample_000542_0054,542,test,54,107,113,0,83,78,83,78,True,0,0.27368658781051636,0.05728071928024292,2854,0.01088714599609375,test
sample_000068_0029,68,test,29,36,192,36,85,79,85,79,True,0,0.33727675676345825,0.09056289494037628,2289,0.008731842041015625,test
sample_000542_0025,542,test,25,36,151,28,90,86,90,86,True,0,0.27884641289711,0.07870938628911972,3096,0.011810302734375,test
sample_000068_0007,68,test,7,0,116,36,92,88,92,88,True,0,0.26523342728614807,0.15952064096927643,3055,0.011653900146484375,test
sample_000068_0099,68,test,99,179,154,36,95,87,95,87,True,0,0.3454841673374176,0.08314692229032516,3104,0.0118408203125,test
sample_000542_0006,542,test,6,0,113,0,96,93,96,93,True,0,0.30650049448013306,0.1331346482038498,3884,0.0148162841796875,test
sample_000068_0048,68,test,48,72,231,0,97,95,97,95,True,0,0.32675763964653015,0.1489703357219696,7802,0.02976226806640625,test
sample_000068_0121,68,test,121,215,231,36,99,88,99,88,True,0,0.15382720530033112,0.17821596562862396,2337,0.008914947509765625,test
sample_000068_0115,68,test,115,215,116,36,103,100,103,100,True,0,0.2609630525112152,0.16259817779064178,3134,0.01195526123046875,test
sample_000542_0077,542,test,77,143,226,28,106,99,102,97,True,0,0.2414117008447647,0.07895907759666443,1924,0.0073394775390625,test
sample_000068_0011,68,test,11,0,192,36,108,101,108,101,True,0,0.22113443911075592,0.17641234397888184,2963,0.011302947998046875,test
sample_000068_0010,68,test,10,0,192,0,109,110,107,109,True,0,0.251094788312912,0.17184819281101227,3662,0.01396942138671875,test
sample_000542_0052,542,test,52,107,75,0,111,100,111,100,True,0,0.295171320438385,0.05956308916211128,2645,0.010089874267578125,test
sample_000068_0068,68,test,68,108,270,0,116,128,116,128,True,0,0.2552310526371002,0.17463979125022888,4545,0.017337799072265625,test
sample_000542_0102,542,test,102,214,113,0,116,114,116,114,True,0,0.2794457674026489,0.1035548523068428,4142,0.01580047607421875,test
sample_000542_0060,542,test,60,107,226,0,118,127,118,127,True,0,0.2021593600511551,0.13991856575012207,5914,0.02256011962890625,test
