sample_id,patient_id,split,patch_index,start_d,start_h,start_w,node_count,edge_count,legacy_node_count,legacy_edge_count,graph_crop_changed,tangent_contact_count,image_mean,image_std,foreground_voxels,foreground_fraction
sample_000005_0017,000005,train,17,0,310,36,2,1,2,1,True,0,0.028334718197584152,0.09691975265741348,27,0.000102996826171875
sample_000025_0031,000025,train,31,40,279,36,2,1,2,1,True,0,0.18855206668376923,0.16407902538776398,44,0.0001678466796875
sample_000053_0000,000053,train,0,0,0,0,2,1,2,1,True,0,0.009749936871230602,0.05355416610836983,9,3.4332275390625e-05
sample_000070_0037,000070,train,37,72,0,36,2,1,2,1,True,0,0.25223976373672485,0.19810333847999573,162,0.00061798095703125
sample_000106_0106,000106,train,106,193,308,0,2,1,2,1,True,0,0.06971514225006104,0.15469904243946075,6,2.288818359375e-05
sample_000125_0122,000125,train,122,228,268,0,2,1,2,1,True,0,0.10619130730628967,0.18445107340812683,1,3.814697265625e-06
sample_000145_0038,000145,train,38,35,325,0,2,1,2,1,True,0,0.2498416304588318,0.23823125660419464,51,0.000194549560546875
sample_000157_0000,000157,train,0,0,0,0,2,1,2,1,True,0,0.0324585884809494,0.11773459613323212,6,2.288818359375e-05
sample_000169_0018,000169,train,18,36,0,0,2,1,2,1,True,0,0.11028210818767548,0.18660619854927063,57,0.000217437744140625
sample_000018_0107,000018,train,107,179,308,36,3,2,3,2,True,0,0.13658854365348816,0.16708716750144958,30,0.00011444091796875
sample_000035_0006,000035,train,6,0,109,0,3,2,3,2,True,0,0.21072250604629517,0.1696530133485794,100,0.0003814697265625
sample_000055_0019,000055,train,19,35,0,36,3,2,3,2,True,0,0.12675908207893372,0.1981223076581955,73,0.000278472900390625
sample_000077_0018,000077,train,18,34,0,0,3,2,3,2,True,0,0.120328389108181,0.15328502655029297,61,0.000232696533203125
sample_000093_0035,000093,train,35,39,299,36,3,2,3,2,True,0,0.160736545920372,0.18737617135047913,69,0.000263214111328125
sample_000110_0108,000110,train,108,225,0,0,3,2,3,2,True,0,0.04534848779439926,0.1321495771408081,63,0.000240325927734375
sample_000128_0090,000128,train,90,186,0,0,3,2,3,2,True,0,0.19076286256313324,0.20561018586158752,42,0.00016021728515625
sample_000160_0019,000160,train,19,36,38,28,3,2,3,2,True,0,0.21558262407779694,0.16568419337272644,28,0.0001068115234375
sample_000013_0040,000013,train,40,78,0,0,4,3,4,3,True,0,0.24760091304779053,0.16552430391311646,76,0.0002899169921875
sample_000026_0098,000026,train,98,146,327,0,4,3,4,3,True,0,0.1640786975622177,0.17464330792427063,113,0.000431060791015625
sample_000045_0060,000045,train,60,118,0,0,4,3,4,3,True,0,0.2884136140346527,0.15741680562496185,38,0.00014495849609375
sample_000068_0036,000068,train,36,75,0,0,4,3,4,3,True,0,0.2265990972518921,0.16514098644256592,81,0.000308990478515625
sample_000085_0061,000085,train,61,116,0,36,4,3,4,3,True,0,0.27703991532325745,0.213723823428154,194,0.00074005126953125
sample_000105_0095,000105,train,95,176,277,36,4,3,4,3,True,0,0.1480470895767212,0.18567007780075073,109,0.000415802001953125
sample_000125_0055,000125,train,55,114,0,28,4,3,4,3,True,0,0.3749404549598694,0.1786746382713318,56,0.000213623046875
sample_000152_0055,000152,train,55,106,0,28,4,2,4,2,True,0,0.2966409921646118,0.20628193020820618,39,0.000148773193359375
sample_000008_0022,000008,train,22,38,37,0,5,3,5,3,True,0,0.36700087785720825,0.15718060731887817,37,0.000141143798828125
sample_000029_0065,000029,train,65,140,0,36,5,4,5,4,False,0,0.22914676368236542,0.17541570961475372,83,0.000316619873046875
sample_000055_0107,000055,train,107,176,316,36,5,3,5,3,True,0,0.14762046933174133,0.20405367016792297,21,8.0108642578125e-05
sample_000070_0088,000070,train,88,144,288,0,5,4,5,4,True,0,0.14484314620494843,0.1947045922279358,71,0.000270843505859375
sample_000097_0109,000097,train,109,215,0,36,5,3,5,3,True,0,0.030305568128824234,0.10924309492111206,192,0.000732421875
sample_000114_0143,000114,train,143,243,292,36,5,4,5,4,True,0,0.011933613568544388,0.0591437891125679,75,0.000286102294921875
sample_000142_0003,000142,train,3,0,37,28,5,4,5,4,True,0,0.11908257752656937,0.19452573359012604,123,0.000469207763671875
sample_000168_0036,000168,train,36,76,0,0,5,4,5,4,True,0,0.2679251730442047,0.2249489277601242,61,0.000232696533203125
sample_000014_0024,000014,train,24,39,72,0,6,5,6,5,True,0,0.3261571228504181,0.058396417647600174,173,0.000659942626953125
sample_000037_0041,000037,train,41,70,0,36,6,5,6,5,True,0,0.17859512567520142,0.20783130824565887,158,0.00060272216796875
sample_000062_0004,000062,train,4,0,75,0,6,4,6,4,True,0,0.25682246685028076,0.20255102217197418,83,0.000316619873046875
sample_000097_0072,000097,train,72,143,0,0,6,5,6,5,True,0,0.2978841960430145,0.1975557655096054,82,0.00031280517578125
sample_000125_0021,000125,train,21,38,38,28,6,4,6,4,True,0,0.3769744336605072,0.17244671285152435,88,0.000335693359375
sample_000148_0058,000148,train,58,77,331,0,6,4,4,3,True,0,0.08734744787216187,0.15808740258216858,123,0.000469207763671875
sample_000165_0061,000165,train,61,108,117,28,6,4,6,4,True,0,0.318489134311676,0.07058495283126831,275,0.001049041748046875
sample_000025_0048,000025,train,48,120,0,0,7,6,7,6,True,0,0.23976613581180573,0.14705076813697815,81,0.000308990478515625
sample_000059_0052,000059,train,52,73,311,0,7,6,7,6,True,0,0.09919041395187378,0.1748199611902237,151,0.000576019287109375
sample_000083_0072,000083,train,72,151,0,0,7,4,7,4,True,0,0.27617207169532776,0.15881118178367615,154,0.00058746337890625
sample_000109_0091,000109,train,91,176,0,36,7,5,7,5,True,0,0.15829966962337494,0.2042185664176941,154,0.00058746337890625
sample_000130_0123,000130,train,123,227,274,28,7,6,7,6,True,0,0.09323228895664215,0.1732202172279358,200,0.000762939453125
sample_000161_0092,000161,train,92,186,37,0,7,5,7,5,True,0,0.3450937569141388,0.13240396976470947,186,0.00070953369140625
sample_000024_0033,000024,train,33,38,270,36,8,6,8,6,True,0,0.2360355705022812,0.13516806066036224,88,0.000335693359375
sample_000042_0054,000042,train,54,108,0,0,8,6,8,6,True,0,0.2719411253929138,0.15130798518657684,112,0.00042724609375
sample_000070_0052,000070,train,52,72,288,0,8,7,8,7,True,0,0.15892474353313446,0.19677500426769257,256,0.0009765625
sample_000099_0052,000099,train,52,77,297,0,8,7,8,7,True,0,0.15310117602348328,0.18906931579113007,218,0.00083160400390625
sample_000129_0091,000129,train,91,147,178,28,8,6,8,6,True,0,0.3460003733634949,0.0696144849061966,195,0.000743865966796875
sample_000151_0077,000151,train,77,155,78,28,8,6,8,6,True,0,0.31793907284736633,0.07262782007455826,155,0.000591278076171875
sample_000015_0017,000015,train,17,0,285,36,9,7,9,7,True,0,0.060493696480989456,0.12215206772089005,225,0.000858306884765625
sample_000034_0020,000034,train,20,36,39,0,9,7,9,7,True,0,0.3777390122413635,0.11117272078990936,180,0.0006866455078125
sample_000062_0036,000062,train,36,78,0,0,9,8,9,8,True,0,0.2589900493621826,0.20266859233379364,164,0.0006256103515625
sample_000099_0105,000099,train,105,192,260,28,9,7,9,7,True,0,0.25203871726989746,0.1697372943162918,105,0.000400543212890625
sample_000125_0020,000125,train,20,38,38,0,9,6,9,6,True,0,0.37401288747787476,0.19255125522613525,149,0.000568389892578125
sample_000152_0051,000152,train,51,71,274,28,9,7,9,7,True,0,0.4128585755825043,0.08967955410480499,191,0.000728607177734375
sample_000008_0058,000008,train,58,75,331,0,10,8,10,8,True,0,0.18314418196678162,0.21351130306720734,431,0.001644134521484375
sample_000025_0019,000025,train,19,40,40,36,10,8,10,8,True,0,0.287018358707428,0.11937583982944489,214,0.00081634521484375
sample_000059_0072,000059,train,72,147,0,0,10,8,10,8,True,0,0.2733922600746155,0.19020840525627136,159,0.000606536865234375
sample_000074_0003,000074,train,3,0,37,36,10,8,10,8,True,0,0.1204204335808754,0.16945695877075195,363,0.001384735107421875
sample_000103_0004,000103,train,4,0,72,0,10,8,10,8,True,0,0.26493018865585327,0.1837673932313919,460,0.0017547607421875
sample_000125_0105,000125,train,105,190,268,28,10,9,10,9,True,0,0.3305676281452179,0.1628204882144928,285,0.001087188720703125
sample_000151_0079,000151,train,79,155,117,28,10,7,10,7,True,0,0.2785332202911377,0.073518767952919,223,0.000850677490234375
sample_000002_0073,000002,train,73,145,0,36,11,9,11,9,True,0,0.2783125042915344,0.14294923841953278,531,0.002025604248046875
sample_000020_0079,000020,train,79,144,117,36,11,9,11,9,True,0,0.35648083686828613,0.07669814676046371,355,0.001354217529296875
sample_000047_0051,000047,train,51,71,253,36,11,9,11,9,True,0,0.32519444823265076,0.1249917671084404,163,0.000621795654296875
sample_000073_0023,000073,train,23,39,37,36,11,10,11,10,True,0,0.3489226996898651,0.18309804797172546,394,0.00150299072265625
sample_000103_0107,000103,train,107,172,290,36,11,9,11,9,True,0,0.16141241788864136,0.18834979832172394,188,0.0007171630859375
sample_000126_0021,000126,train,21,38,40,28,11,10,11,10,True,0,0.3853609263896942,0.1631438285112381,326,0.00124359130859375
sample_000146_0073,000146,train,73,155,0,28,11,9,11,9,True,0,0.2757602035999298,0.14264217019081116,115,0.000438690185546875
sample_000004_0005,000004,train,5,0,78,36,12,10,12,10,True,0,0.18784469366073608,0.14056839048862457,366,0.00139617919921875
sample_000041_0116,000041,train,116,176,292,0,12,10,12,10,True,0,0.14444725215435028,0.19426704943180084,164,0.0006256103515625
sample_000064_0032,000064,train,32,35,252,0,12,11,12,11,True,0,0.1946365088224411,0.1854487657546997,404,0.0015411376953125
sample_000088_0091,000088,train,91,172,0,36,12,11,12,11,True,0,0.16769549250602722,0.20446741580963135,612,0.0023345947265625
sample_000103_0112,000103,train,112,206,72,0,12,10,12,10,True,0,0.3006977438926697,0.16688142716884613,665,0.002536773681640625
sample_000134_0022,000134,train,22,37,37,0,12,10,12,10,True,0,0.35356631875038147,0.1629813015460968,240,0.00091552734375
sample_000162_0116,000162,train,116,199,294,0,12,9,12,9,True,0,0.272204726934433,0.21266323328018188,320,0.001220703125
sample_000014_0081,000014,train,81,157,0,36,13,11,13,11,True,0,0.12057454138994217,0.15965120494365692,285,0.001087188720703125
sample_000042_0039,000042,train,39,72,38,36,13,12,13,12,True,0,0.32102900743484497,0.10231504589319229,471,0.001796722412109375
sample_000070_0070,000070,train,70,108,288,0,13,11,13,11,True,0,0.177714005112648,0.20052650570869446,332,0.0012664794921875
sample_000097_0014,000097,train,14,0,276,0,13,9,13,9,True,0,0.0876166895031929,0.1717902272939682,222,0.00084686279296875
sample_000114_0107,000114,train,107,174,292,36,13,10,13,10,True,0,0.1947566717863083,0.16797180473804474,352,0.0013427734375
sample_000141_0092,000141,train,92,172,38,0,13,10,13,10,True,0,0.34735924005508423,0.12506653368473053,418,0.00159454345703125
sample_000162_0062,000162,train,62,120,37,0,13,10,13,10,True,0,0.4115504324436188,0.06498858332633972,109,0.000415802001953125
sample_000017_0003,000017,train,3,0,40,36,14,12,14,12,True,0,0.12100203335285187,0.16602447628974915,402,0.00153350830078125
sample_000033_0116,000033,train,116,195,293,0,14,12,14,12,True,0,0.18925251066684723,0.20474755764007568,326,0.00124359130859375
sample_000063_0088,000063,train,88,143,289,0,14,10,14,10,True,0,0.14602360129356384,0.17670488357543945,286,0.00109100341796875
sample_000097_0047,000097,train,47,72,198,36,14,12,14,12,True,0,0.4275759756565094,0.06060032546520233,420,0.0016021728515625
sample_000122_0114,000122,train,114,216,118,0,14,13,14,13,True,0,0.2388354390859604,0.19140197336673737,517,0.001972198486328125
sample_000146_0074,000146,train,74,155,40,0,14,10,14,10,True,0,0.2740634083747864,0.10262762755155563,374,0.00142669677734375
sample_000009_0003,000009,train,3,0,40,36,15,13,15,13,True,0,0.053144048899412155,0.11964964866638184,268,0.0010223388671875
sample_000030_0099,000030,train,99,158,321,36,15,12,15,12,True,0,0.1428450644016266,0.1669304519891739,340,0.0012969970703125
sample_000055_0104,000055,train,104,176,276,0,15,12,15,12,True,0,0.196748286485672,0.2167363166809082,460,0.0017547607421875
sample_000072_0049,000072,train,49,73,143,36,15,12,15,12,True,0,0.4322160482406616,0.07537910342216492,625,0.002384185791015625
sample_000093_0092,000093,train,92,193,37,0,15,10,15,10,True,0,0.33110013604164124,0.1378602683544159,270,0.00102996826171875
sample_000124_0020,000124,train,20,38,39,0,15,12,15,12,True,0,0.4425923824310303,0.1383485645055771,362,0.00138092041015625
sample_000146_0093,000146,train,93,194,40,28,15,12,15,12,True,0,0.297829806804657,0.0697794184088707,442,0.00168609619140625
sample_000004_0025,000004,train,25,38,78,36,16,13,16,13,True,0,0.28979766368865967,0.04341288283467293,408,0.001556396484375
sample_000026_0117,000026,train,117,182,291,36,16,14,16,14,True,0,0.24974900484085083,0.16319242119789124,141,0.000537872314453125
sample_000050_0083,000050,train,83,171,39,36,16,12,16,12,True,0,0.29106059670448303,0.14475774765014648,829,0.003162384033203125
sample_000072_0024,000072,train,24,36,71,0,16,14,16,14,True,0,0.43160274624824524,0.06515790522098541,375,0.001430511474609375
sample_000103_0015,000103,train,15,0,254,36,16,14,16,14,True,0,0.14161190390586853,0.18702861666679382,352,0.0013427734375
sample_000138_0070,000138,train,70,114,312,0,16,13,16,13,True,0,0.22691655158996582,0.2218712866306305,475,0.001811981201171875
sample_000165_0110,000165,train,110,216,39,0,16,13,16,13,True,0,0.17328065633773804,0.21775563061237335,392,0.001495361328125
sample_000018_0088,000018,train,88,143,308,0,17,15,17,15,True,0,0.16096757352352142,0.17493754625320435,298,0.00113677978515625
sample_000047_0110,000047,train,110,212,36,0,17,12,13,10,True,0,0.2739813029766083,0.16016070544719696,163,0.000621795654296875
sample_000082_0057,000082,train,57,78,297,36,17,15,17,15,True,0,0.34547024965286255,0.09462779760360718,509,0.001941680908203125
sample_000109_0051,000109,train,51,70,256,36,17,11,17,11,True,0,0.4061552584171295,0.09613446146249771,369,0.001407623291015625
sample_000141_0004,000141,train,4,0,76,0,17,14,17,14,True,0,0.2591789662837982,0.17923051118850708,809,0.003086090087890625
sample_000167_0092,000167,train,92,192,38,0,17,16,17,16,True,0,0.3946475386619568,0.15344181656837463,347,0.001323699951171875
sample_000029_0091,000029,train,91,175,199,36,18,14,18,14,True,0,0.35716336965560913,0.07115013152360916,388,0.0014801025390625
sample_000067_0012,000067,train,12,0,233,0,18,14,18,14,True,0,0.0803130716085434,0.16743595898151398,329,0.001255035400390625
sample_000099_0051,000099,train,51,77,260,28,18,14,18,14,True,0,0.3390951156616211,0.09325123578310013,583,0.002223968505859375
sample_000124_0085,000124,train,85,150,235,28,18,14,18,14,True,0,0.3533875644207001,0.08145644515752792,448,0.001708984375
sample_000145_0062,000145,train,62,105,36,0,18,14,18,14,True,0,0.4160311222076416,0.07450394332408905,440,0.001678466796875
sample_000164_0005,000164,train,5,0,74,28,18,16,18,16,True,0,0.2656409442424774,0.1834309697151184,448,0.001708984375
sample_000022_0044,000022,train,44,73,231,0,19,14,19,14,True,0,0.21738611161708832,0.1609707921743393,261,0.000995635986328125
sample_000047_0092,000047,train,92,176,36,0,19,16,19,16,True,0,0.35375916957855225,0.08502425998449326,389,0.001483917236328125
sample_000069_0111,000069,train,111,212,38,36,19,16,19,16,True,0,0.15336205065250397,0.1892937868833542,481,0.001834869384765625
sample_000095_0111,000095,train,111,228,38,36,19,18,19,18,True,0,0.04764140769839287,0.11353279650211334,479,0.001827239990234375
sample_000124_0043,000124,train,43,75,117,28,19,19,19,19,True,0,0.3409542143344879,0.0830104798078537,914,0.00348663330078125
sample_000162_0036,000162,train,36,40,294,0,19,17,17,16,True,0,0.16855096817016602,0.19496820867061615,847,0.003231048583984375
sample_000020_0022,000020,train,22,36,78,0,20,17,20,17,True,0,0.35080522298812866,0.07552441209554672,573,0.002185821533203125
sample_000044_0024,000044,train,24,38,116,0,20,15,20,15,True,0,0.3880728483200073,0.11563391983509064,483,0.001842498779296875
sample_000061_0087,000061,train,87,160,272,36,20,17,20,17,True,0,0.44407692551612854,0.07898401468992233,468,0.0017852783203125
sample_000087_0037,000087,train,37,70,0,36,20,17,20,17,True,0,0.1414279043674469,0.16528071463108063,432,0.00164794921875
sample_000125_0074,000125,train,74,152,38,0,20,18,20,18,True,0,0.4307272732257843,0.09654942899942398,603,0.002300262451171875
sample_000150_0123,000150,train,123,222,269,28,20,18,20,18,True,0,0.10516884177923203,0.15396040678024292,548,0.0020904541015625
sample_000005_0061,000005,train,61,118,116,36,21,18,21,18,True,0,0.35003164410591125,0.10456094890832901,568,0.002166748046875
sample_000033_0091,000033,train,91,156,183,36,21,19,21,19,True,0,0.40866538882255554,0.05918236821889877,364,0.0013885498046875
sample_000061_0075,000061,train,75,160,39,36,21,19,21,19,True,0,0.445881187915802,0.07073663920164108,765,0.002918243408203125
sample_000091_0081,000091,train,81,153,147,36,21,18,21,18,True,0,0.3125975728034973,0.07269246876239777,583,0.002223968505859375
sample_000129_0060,000129,train,60,110,0,0,21,17,21,17,True,0,0.40024954080581665,0.19870063662528992,402,0.00153350830078125
sample_000156_0097,000156,train,97,195,120,28,21,19,21,19,True,0,0.34108251333236694,0.08001058548688889,833,0.003177642822265625
sample_000011_0029,000011,train,29,38,234,36,22,17,22,17,True,0,0.3103729486465454,0.13230915367603302,557,0.002124786376953125
sample_000037_0087,000037,train,87,141,107,36,22,16,22,16,True,0,0.4127286970615387,0.07616335153579712,406,0.00154876708984375
sample_000075_0099,000075,train,99,150,332,36,22,19,22,19,True,0,0.25096407532691956,0.1876646876335144,496,0.00189208984375
sample_000102_0105,000102,train,105,177,267,36,22,19,22,19,True,0,0.34647655487060547,0.1696901172399521,588,0.0022430419921875
sample_000125_0086,000125,train,86,152,268,0,22,17,22,17,True,0,0.34442880749702454,0.14542458951473236,757,0.002887725830078125
sample_000148_0137,000148,train,137,231,294,28,22,17,22,17,True,0,0.09345486015081406,0.16108746826648712,576,0.002197265625
sample_000007_0105,000007,train,105,174,270,36,23,20,23,20,True,0,0.28231263160705566,0.14620468020439148,487,0.001857757568359375
sample_000033_0102,000033,train,102,195,37,0,23,18,23,18,True,0,0.338581383228302,0.15753237903118134,583,0.002223968505859375
sample_000069_0052,000069,train,52,71,300,0,23,20,23,20,True,0,0.14234139025211334,0.1859811693429947,550,0.00209808349609375
sample_000098_0056,000098,train,56,114,39,0,23,22,23,22,True,0,0.41998210549354553,0.07683780044317245,356,0.0013580322265625
sample_000119_0046,000119,train,46,74,277,0,23,19,23,19,True,0,0.19648019969463348,0.20762182772159576,403,0.001537322998046875
sample_000151_0089,000151,train,89,155,313,28,23,21,23,21,True,0,0.25115829706192017,0.16071626543998718,862,0.00328826904296875
sample_000014_0103,000014,train,103,197,36,36,24,22,24,22,True,0,0.1933182179927826,0.17017239332199097,837,0.003192901611328125
sample_000044_0057,000044,train,57,115,39,36,24,22,24,22,True,0,0.4148794710636139,0.07076874375343323,680,0.002593994140625
sample_000075_0124,000075,train,124,225,74,0,24,22,24,22,True,0,0.26646658778190613,0.1826733499765396,223,0.000850677490234375
sample_000103_0021,000103,train,21,34,36,36,24,21,24,21,True,0,0.3013090193271637,0.1698593646287918,921,0.003513336181640625
sample_000134_0027,000134,train,27,37,111,28,24,21,24,21,True,0,0.35315412282943726,0.06646056473255157,1315,0.005016326904296875
sample_000168_0057,000168,train,57,114,39,28,24,18,24,18,True,0,0.3751397728919983,0.09855452924966812,462,0.00176239013671875
sample_000017_0068,000017,train,68,160,80,0,25,21,25,21,True,0,0.33050817251205444,0.07627376168966293,506,0.00193023681640625
sample_000061_0021,000061,train,21,40,39,36,25,20,25,20,True,0,0.39007657766342163,0.15672029554843903,429,0.001636505126953125
sample_000096_0051,000096,train,51,103,39,36,25,20,25,20,True,0,0.33084818720817566,0.1159009337425232,658,0.00251007080078125
sample_000142_0070,000142,train,70,112,295,0,25,25,25,25,True,0,0.22168883681297302,0.20881253480911255,2218,0.00846099853515625
sample_000167_0076,000167,train,76,154,76,0,25,23,25,23,True,0,0.39758291840553284,0.05711444094777107,726,0.00276947021484375
sample_000035_0082,000035,train,82,148,36,0,26,23,26,23,True,0,0.3137561082839966,0.10291103273630142,495,0.001888275146484375
sample_000065_0047,000065,train,47,78,192,36,26,21,26,21,True,0,0.4487697184085846,0.06179388612508774,598,0.00228118896484375
sample_000091_0050,000091,train,50,77,257,0,26,20,26,20,True,0,0.20459023118019104,0.15762490034103394,742,0.00283050537109375
sample_000126_0022,000126,train,22,38,80,0,26,23,26,23,True,0,0.42902612686157227,0.054808422923088074,1212,0.0046234130859375
sample_000145_0051,000145,train,51,70,181,28,26,21,26,21,True,0,0.3454434275627136,0.07182689011096954,887,0.003383636474609375
sample_000007_0074,000007,train,74,139,39,0,27,27,27,27,True,0,0.3470500111579895,0.07114223390817642,595,0.002269744873046875
sample_000030_0063,000030,train,63,118,36,36,27,21,27,21,True,0,0.29871782660484314,0.12230922281742096,444,0.0016937255859375
sample_000055_0041,000055,train,41,70,79,36,27,23,27,23,True,0,0.44303062558174133,0.06277556717395782,1169,0.004459381103515625
sample_000075_0090,000075,train,90,150,184,0,27,24,27,24,True,0,0.3718179166316986,0.12585631012916565,4285,0.016345977783203125
sample_000110_0045,000110,train,45,75,153,36,27,25,27,25,True,0,0.4455612003803253,0.060299284756183624,323,0.001232147216796875
sample_000136_0047,000136,train,47,69,112,28,27,21,27,21,True,0,0.3489454388618469,0.07324647903442383,915,0.003490447998046875
sample_000168_0083,000168,train,83,153,196,28,27,21,27,21,True,0,0.3398732542991638,0.0808623805642128,1617,0.006168365478515625
sample_000036_0033,000036,train,33,36,278,36,28,24,26,23,True,0,0.34804388880729675,0.1574518233537674,586,0.00223541259765625
sample_000064_0055,000064,train,55,106,0,36,28,26,28,26,True,0,0.24628393352031708,0.18363574147224426,804,0.0030670166015625
sample_000092_0122,000092,train,122,223,262,0,28,26,28,26,True,0,0.06375826150178909,0.1550949066877365,507,0.001934051513671875
sample_000108_0053,000108,train,53,78,313,36,28,24,28,24,True,0,0.2963310778141022,0.21956601738929749,702,0.00267791748046875
sample_000145_0078,000145,train,78,105,325,0,28,25,28,25,True,0,0.32000261545181274,0.2053118497133255,946,0.00360870361328125
sample_000013_0055,000013,train,55,78,251,36,29,23,29,23,True,0,0.349077969789505,0.07580744475126266,949,0.003620147705078125
sample_000044_0096,000044,train,96,192,116,0,29,24,29,24,True,0,0.38693830370903015,0.11664129793643951,535,0.002040863037109375
sample_000074_0074,000074,train,74,143,37,0,29,25,29,25,True,0,0.34942626953125,0.07044728845357895,1024,0.00390625
sample_000100_0075,000100,train,75,145,36,36,29,25,29,25,True,0,0.36033013463020325,0.07153691351413727,880,0.00335693359375
sample_000135_0049,000135,train,49,78,228,28,29,23,29,23,True,0,0.3913539946079254,0.054053932428359985,1403,0.005352020263671875
sample_000164_0120,000164,train,120,230,224,0,29,24,29,24,True,0,0.07187411189079285,0.11986851692199707,758,0.00289154052734375
sample_000027_0083,000027,train,83,158,194,36,30,23,30,23,True,0,0.4039101302623749,0.06938488781452179,975,0.003719329833984375
sample_000068_0025,000068,train,25,37,120,36,30,27,30,27,True,0,0.3341459631919861,0.08552603423595428,1441,0.005496978759765625
sample_000102_0075,000102,train,75,141,38,36,30,27,30,27,True,0,0.41279137134552,0.08994286507368088,1124,0.0042877197265625
sample_000148_0102,000148,train,102,192,37,0,30,25,30,25,True,0,0.36677342653274536,0.15275515615940094,469,0.001789093017578125
sample_000014_0013,000014,train,13,0,215,36,31,26,29,25,True,0,0.1455664187669754,0.16662472486495972,812,0.0030975341796875
sample_000037_0154,000037,train,154,246,250,0,31,25,31,25,True,0,0.11904728412628174,0.18896739184856415,895,0.003414154052734375
sample_000082_0005,000082,train,5,0,74,36,31,29,31,29,True,0,0.1998656690120697,0.18450522422790527,1233,0.004703521728515625
sample_000107_0015,000107,train,15,0,265,36,31,27,31,27,True,0,0.0895693376660347,0.16452550888061523,697,0.002658843994140625
sample_000139_0095,000139,train,95,187,72,28,31,25,31,25,True,0,0.3856821358203888,0.3691096007823944,1010,0.00385284423828125
sample_000160_0108,000160,train,108,214,226,0,31,27,31,27,True,0,0.08970366418361664,0.12628181278705597,273,0.001041412353515625
sample_000018_0057,000018,train,57,108,38,36,32,27,32,27,True,0,0.31329062581062317,0.12320954352617264,725,0.002765655517578125
sample_000045_0085,000045,train,85,157,74,36,32,29,32,29,True,0,0.3618701100349426,0.08095815777778625,943,0.003597259521484375
sample_000078_0019,000078,train,19,36,0,36,32,30,32,30,True,0,0.18185120820999146,0.20295606553554535,237,0.000904083251953125
sample_000114_0014,000114,train,14,0,256,0,32,28,32,28,True,0,0.06245347484946251,0.12926264107227325,763,0.002910614013671875
sample_000161_0012,000161,train,12,0,224,0,32,30,32,30,True,0,0.12955325841903687,0.18520976603031158,1361,0.005191802978515625
sample_000026_0005,000026,train,5,0,73,36,33,30,33,30,True,0,0.2060440331697464,0.17682555317878723,1162,0.00443267822265625
sample_000067_0028,000067,train,28,36,233,0,33,29,33,29,True,0,0.22318525612354279,0.22074037790298462,725,0.002765655517578125
sample_000103_0074,000103,train,74,137,36,0,33,31,33,31,True,0,0.37658679485321045,0.08102956414222717,964,0.0036773681640625
sample_000135_0096,000135,train,96,196,114,0,33,29,31,28,True,0,0.391775906085968,0.07490682601928711,1458,0.00556182861328125
sample_000168_0032,000168,train,32,38,275,0,33,29,33,29,True,0,0.3171802759170532,0.18851976096630096,1323,0.005046844482421875
sample_000029_0040,000029,train,40,70,159,0,34,27,32,26,True,0,0.35432329773902893,0.10343995690345764,2844,0.0108489990234375
sample_000065_0049,000065,train,49,78,231,36,34,29,34,29,True,0,0.44982895255088806,0.06050694361329079,1050,0.00400543212890625
sample_000093_0114,000093,train,114,232,112,0,34,28,34,28,True,0,0.27162060141563416,0.17559705674648285,1486,0.00566864013671875
sample_000129_0055,000129,train,55,73,250,28,34,27,32,26,True,0,0.39413660764694214,0.08759988844394684,1852,0.0070648193359375
sample_000000_0123,000000,train,123,218,36,36,35,35,35,35,True,0,0.12437698245048523,0.20522913336753845,920,0.003509521484375
sample_000033_0107,000033,train,107,195,110,36,35,27,35,27,True,0,0.4109983742237091,0.048950210213661194,827,0.003154754638671875
sample_000063_0051,000063,train,51,71,253,36,35,32,35,32,True,0,0.3383456766605377,0.09698211401700974,709,0.002704620361328125
sample_000100_0096,000100,train,96,182,107,0,35,29,35,29,True,0,0.3340844511985779,0.11288359761238098,1666,0.00635528564453125
sample_000135_0080,000135,train,80,157,152,0,35,34,35,34,True,0,0.3589642643928528,0.06348759680986404,2205,0.008411407470703125
sample_000165_0115,000165,train,115,216,117,28,35,33,35,33,True,0,0.26608869433403015,0.170273557305336,2241,0.008548736572265625
sample_000022_0004,000022,train,4,0,77,0,36,31,36,31,True,0,0.2499176263809204,0.14974522590637207,1354,0.00516510009765625
sample_000055_0050,000055,train,50,70,276,0,36,31,36,31,True,0,0.25271233916282654,0.22022105753421783,1020,0.0038909912109375
sample_000085_0107,000085,train,107,192,110,36,36,29,36,29,True,0,0.43874987959861755,0.05508628115057945,747,0.002849578857421875
sample_000114_0015,000114,train,15,0,256,36,36,32,36,32,True,0,0.06563600897789001,0.13320177793502808,938,0.00357818603515625
sample_000139_0067,000139,train,67,112,214,28,36,37,36,37,True,0,0.32668793201446533,0.32582950592041016,3307,0.012615203857421875
sample_000002_0012,000002,train,12,0,240,0,37,35,37,35,True,0,0.07767540961503983,0.14523835480213165,806,0.00307464599609375
sample_000034_0058,000034,train,58,108,78,0,37,34,37,34,True,0,0.40004798769950867,0.08229421824216843,1215,0.004634857177734375
sample_000075_0097,000075,train,97,150,295,36,37,29,37,29,True,0,0.38000574707984924,0.09607954323291779,1185,0.004520416259765625
sample_000105_0020,000105,train,20,35,79,0,37,32,37,32,True,0,0.385339617729187,0.06657999753952026,1233,0.004703521728515625
sample_000134_0053,000134,train,53,74,222,28,37,32,37,32,True,0,0.3247063159942627,0.08191519230604172,3347,0.012767791748046875
sample_000168_0051,000168,train,51,76,275,28,37,33,37,33,True,0,0.4080789387226105,0.09215563535690308,1786,0.00681304931640625
sample_000042_0078,000042,train,78,145,112,0,38,33,38,33,True,0,0.3135193884372711,0.10438301414251328,1216,0.004638671875
sample_000091_0058,000091,train,58,115,74,0,38,32,38,32,True,0,0.3019964098930359,0.08756356686353683,1307,0.004985809326171875
sample_000122_0123,000122,train,123,216,276,36,38,35,38,35,True,0,0.12194971740245819,0.18070688843727112,704,0.002685546875
sample_000151_0071,000151,train,71,116,313,28,38,33,38,33,True,0,0.28621920943260193,0.1564759910106659,1497,0.005710601806640625
sample_000030_0079,000030,train,79,118,321,36,39,35,39,35,True,0,0.1886860877275467,0.1822364181280136,1011,0.003856658935546875
sample_000072_0085,000072,train,85,146,71,36,39,36,36,35,True,1,0.43435126543045044,0.07149401307106018,1157,0.004413604736328125
sample_000110_0049,000110,train,49,75,230,36,39,38,39,38,True,0,0.4470508396625519,0.057196710258722305,827,0.003154754638671875
sample_000135_0114,000135,train,114,235,114,0,39,37,39,37,True,0,0.35541999340057373,0.15992741286754608,2766,0.01055145263671875
sample_000008_0047,000008,train,47,75,110,36,40,36,40,36,True,0,0.4294387102127075,0.06835667788982391,946,0.00360870361328125
sample_000045_0048,000045,train,48,78,148,0,40,38,40,38,True,0,0.35548266768455505,0.10246147960424423,1902,0.00725555419921875
sample_000077_0048,000077,train,48,69,226,0,40,33,40,33,True,0,0.25290676951408386,0.15706199407577515,5117,0.019519805908203125
sample_000102_0044,000102,train,44,71,152,0,40,38,40,38,True,0,0.3738076090812683,0.15640699863433838,3502,0.01335906982421875
sample_000133_0040,000133,train,40,76,74,0,40,37,40,37,True,0,0.39280226826667786,0.06817904114723206,1407,0.005367279052734375
sample_000165_0040,000165,train,40,72,78,0,40,36,40,36,True,0,0.4023178517818451,0.06027769669890404,1459,0.005565643310546875
sample_000034_0096,000034,train,96,181,117,0,41,37,41,37,True,0,0.40169772505760193,0.07271772623062134,1270,0.00484466552734375
sample_000073_0069,000073,train,69,118,148,36,41,37,41,37,True,0,0.43291133642196655,0.08871478587388992,1906,0.00727081298828125
sample_000108_0095,000108,train,95,195,78,36,41,33,41,33,True,0,0.45727476477622986,0.05978160351514816,1014,0.00386810302734375
sample_000148_0095,000148,train,95,154,257,28,41,35,41,35,True,0,0.3085348606109619,0.08845988661050797,2718,0.01036834716796875
sample_000169_0038,000169,train,38,73,38,0,41,37,41,37,True,0,0.37520235776901245,0.12179037928581238,1156,0.0044097900390625
sample_000029_0086,000029,train,86,175,120,0,42,37,42,37,True,0,0.34216049313545227,0.10474992543458939,2122,0.00809478759765625
sample_000067_0019,000067,train,19,36,39,36,42,36,42,36,True,0,0.417396605014801,0.10521835833787918,1143,0.004360198974609375
sample_000095_0078,000095,train,78,152,112,0,42,39,42,39,True,0,0.30013197660446167,0.08616425096988678,1369,0.005222320556640625
sample_000132_0095,000132,train,95,155,258,28,42,34,40,33,True,0,0.35421493649482727,0.06507660448551178,2043,0.007793426513671875
sample_000161_0025,000161,train,25,37,112,28,42,36,40,35,True,0,0.3600439429283142,0.06362265348434448,1358,0.00518035888671875
sample_000030_0078,000030,train,78,118,321,0,43,39,43,39,True,0,0.23430117964744568,0.16072221100330353,963,0.003673553466796875
sample_000064_0061,000064,train,61,106,108,36,43,35,43,35,True,0,0.35300660133361816,0.09530811756849289,1123,0.004283905029296875
sample_000100_0057,000100,train,57,109,36,36,43,40,43,40,True,0,0.36320555210113525,0.06694653630256653,1247,0.004756927490234375
sample_000136_0147,000136,train,147,243,112,28,43,39,43,39,True,0,0.3242003917694092,0.13047119975090027,2150,0.00820159912109375
sample_000014_0033,000014,train,33,39,215,36,44,39,44,39,True,0,0.29759466648101807,0.11625353246927261,1539,0.005870819091796875
sample_000049_0056,000049,train,56,102,36,0,44,38,44,38,True,0,0.33904436230659485,0.08200283348560333,909,0.003467559814453125
sample_000077_0005,000077,train,5,0,76,36,44,39,44,39,True,0,0.15599967539310455,0.1618591696023941,1300,0.0049591064453125
sample_000103_0070,000103,train,70,103,290,0,44,40,44,40,True,0,0.20085789263248444,0.19791536033153534,1671,0.006374359130859375
sample_000132_0051,000132,train,51,77,184,28,44,40,44,40,True,0,0.3214423358440399,0.052091989666223526,1696,0.0064697265625
sample_000009_0132,000009,train,132,242,119,0,45,40,45,40,True,0,0.25697386264801025,0.13542206585407257,1463,0.005580902099609375
sample_000033_0083,000033,train,83,156,37,36,45,44,45,44,True,0,0.39633291959762573,0.08757228404283524,968,0.003692626953125
sample_000079_0029,000079,train,29,36,231,36,45,42,45,42,True,0,0.327152281999588,0.17141447961330414,798,0.00304412841796875
sample_000103_0098,000103,train,98,172,145,0,45,41,45,41,True,0,0.37113088369369507,0.10570550709962845,2036,0.0077667236328125
sample_000154_0097,000154,train,97,198,117,28,45,42,45,42,True,0,0.3499264419078827,0.07456252723932266,2384,0.00909423828125
sample_000026_0050,000026,train,50,73,182,0,46,41,46,41,True,0,0.33001405000686646,0.10592912882566452,2564,0.0097808837890625
sample_000059_0040,000059,train,40,73,78,0,46,46,46,46,True,0,0.40758639574050903,0.06649088859558105,1432,0.005462646484375
sample_000090_0120,000090,train,120,232,216,0,46,45,46,45,True,0,0.15140211582183838,0.20668931305408478,1416,0.005401611328125
sample_000122_0023,000122,train,23,36,79,36,46,40,46,40,True,0,0.39525896310806274,0.052299853414297104,898,0.00342559814453125
sample_000142_0096,000142,train,96,187,111,0,46,44,46,44,True,0,0.3885762691497803,0.056397732347249985,2777,0.010593414306640625
sample_000032_0027,000032,train,27,40,109,36,47,37,47,37,True,0,0.3422326147556305,0.07564781606197357,1264,0.00482177734375
sample_000078_0114,000078,train,114,216,114,0,47,41,47,41,True,0,0.27909478545188904,0.19450713694095612,1539,0.005870819091796875
sample_000121_0095,000121,train,95,174,72,36,47,38,47,38,True,0,0.40141987800598145,0.048947807401418686,1363,0.005199432373046875
sample_000142_0059,000142,train,59,112,74,28,47,41,47,41,True,0,0.3410361707210541,0.07507182657718658,1898,0.00724029541015625
sample_000007_0026,000007,train,26,35,154,0,48,49,48,49,True,0,0.3170725405216217,0.12749938666820526,2717,0.010364532470703125
sample_000049_0053,000049,train,53,68,292,36,48,38,46,37,True,0,0.21566341817378998,0.17818258702754974,1389,0.005298614501953125
sample_000082_0094,000082,train,94,157,260,0,48,43,48,43,True,0,0.3002210557460785,0.1595567762851715,3753,0.014316558837890625
sample_000111_0056,000111,train,56,115,36,0,48,41,48,41,True,0,0.396995484828949,0.08654877543449402,1079,0.004116058349609375
sample_000144_0065,000144,train,65,118,74,28,48,43,48,43,True,0,0.32467442750930786,0.06318993121385574,1669,0.006366729736328125
sample_000009_0138,000009,train,138,242,238,0,49,41,49,41,True,0,0.1397748589515686,0.1621403992176056,1518,0.00579071044921875
sample_000056_0044,000056,train,44,74,76,0,49,47,49,47,True,0,0.3760988116264343,0.08419861644506454,1398,0.00533294677734375
sample_000100_0049,000100,train,49,73,214,36,49,42,49,42,True,0,0.36331623792648315,0.07399587333202362,1997,0.007617950439453125
sample_000139_0013,000139,train,13,0,214,28,49,46,49,46,True,0,0.14073245227336884,0.25970837473869324,1607,0.006130218505859375
sample_000164_0115,000164,train,115,230,112,28,49,47,49,47,True,0,0.2921792268753052,0.10682155191898346,2462,0.00939178466796875
sample_000036_0040,000036,train,40,72,80,0,50,46,50,46,True,0,0.4124612808227539,0.06289390474557877,1417,0.005405426025390625
sample_000079_0100,000079,train,100,214,77,0,50,48,50,48,True,0,0.3041599690914154,0.1838199496269226,1513,0.005771636962890625
sample_000133_0115,000133,train,115,228,110,28,50,48,50,48,True,0,0.3050973117351532,0.15650351345539093,1902,0.00725555419921875
sample_000004_0074,000004,train,74,114,271,0,51,50,51,50,True,0,0.13132615387439728,0.15666303038597107,2574,0.00981903076171875
sample_000061_0113,000061,train,113,240,78,36,51,48,51,48,True,0,0.3649752736091614,0.18086828291416168,1181,0.004505157470703125
sample_000121_0105,000121,train,105,174,253,36,51,46,51,46,True,0,0.32287633419036865,0.15880204737186432,1140,0.0043487548828125
sample_000152_0065,000152,train,65,106,196,28,51,52,51,52,True,0,0.33292022347450256,0.07600298523902893,2108,0.0080413818359375
sample_000005_0084,000005,train,84,157,232,0,52,48,52,48,True,0,0.31315386295318604,0.16229309141635895,4461,0.017017364501953125
sample_000056_0035,000056,train,35,37,265,36,52,43,52,43,True,0,0.3515867292881012,0.12304044514894485,1485,0.005664825439453125
sample_000098_0116,000098,train,116,229,156,0,52,48,52,48,True,0,0.3334351181983948,0.14960423111915588,3796,0.0144805908203125
sample_000136_0034,000136,train,34,35,261,0,52,51,52,51,True,0,0.2970774173736572,0.1609058380126953,3646,0.01390838623046875
sample_000025_0013,000025,train,13,0,239,36,53,50,53,50,True,0,0.15599115192890167,0.16803006827831268,1078,0.00411224365234375
sample_000055_0059,000055,train,59,106,79,36,53,45,51,44,True,0,0.44151604175567627,0.07350175827741623,1605,0.006122589111328125
sample_000093_0084,000093,train,84,155,224,0,53,57,53,57,True,0,0.2896471917629242,0.20346255600452423,7616,0.029052734375
sample_000134_0052,000134,train,52,74,222,0,53,53,53,53,True,0,0.30179136991500854,0.11557207256555557,8466,0.03229522705078125
sample_000015_0070,000015,train,70,118,178,0,54,47,54,47,True,0,0.28735774755477905,0.12030661851167679,3772,0.0143890380859375
sample_000061_0116,000061,train,116,240,156,0,54,52,54,52,True,0,0.32428881525993347,0.20526067912578583,1582,0.00603485107421875
sample_000099_0046,000099,train,46,77,186,0,54,51,54,51,True,0,0.3320024013519287,0.10347820818424225,7434,0.02835845947265625
sample_000138_0043,000138,train,43,76,117,28,54,50,54,50,True,0,0.35707610845565796,0.07559244334697723,1883,0.007183074951171875
sample_000008_0105,000008,train,105,188,74,36,55,50,55,50,True,0,0.41957223415374756,0.0931519940495491,1501,0.005725860595703125
sample_000056_0008,000056,train,8,0,152,0,55,54,55,54,True,0,0.3316071629524231,0.14115941524505615,1811,0.006908416748046875
sample_000095_0046,000095,train,46,76,188,0,55,58,55,58,True,0,0.30660346150398254,0.12686143815517426,6657,0.025394439697265625
sample_000130_0068,000130,train,68,114,274,0,55,53,55,53,True,0,0.30862411856651306,0.17910706996917725,3141,0.011981964111328125
sample_000164_0012,000164,train,12,0,224,0,55,53,55,53,True,0,0.10908041894435883,0.1505909264087677,1673,0.006381988525390625
sample_000029_0006,000029,train,6,0,120,0,56,48,56,48,True,0,0.3084297776222229,0.14170557260513306,2375,0.009059906005859375
sample_000068_0048,000068,train,48,75,240,0,56,49,56,49,True,0,0.31385982036590576,0.1314660608768463,4034,0.01538848876953125
sample_000107_0056,000107,train,56,108,38,0,56,55,56,55,True,0,0.38165247440338135,0.09023308753967285,1000,0.003814697265625
sample_000146_0075,000146,train,75,155,40,28,56,55,56,55,True,0,0.30169877409935,0.04665583744645119,1402,0.00534820556640625
sample_000024_0050,000024,train,50,75,270,0,57,50,57,50,True,0,0.21270380914211273,0.15425674617290497,1736,0.006622314453125
sample_000072_0014,000072,train,14,0,250,0,57,49,57,49,True,0,0.16064834594726562,0.21396341919898987,1421,0.005420684814453125
sample_000106_0074,000106,train,74,155,38,0,57,54,57,54,True,0,0.38806650042533875,0.12023407965898514,1192,0.004547119140625
sample_000142_0098,000142,train,98,187,148,0,57,58,57,58,True,0,0.37228071689605713,0.05404434725642204,4755,0.018138885498046875
sample_000011_0038,000011,train,38,76,117,0,58,60,58,60,True,0,0.3417462706565857,0.09874137490987778,1882,0.00717926025390625
sample_000049_0101,000049,train,101,171,182,36,58,53,58,53,True,0,0.33794593811035156,0.09844769537448883,2508,0.0095672607421875
sample_000112_0065,000112,train,65,113,189,36,58,60,58,60,True,0,0.36480969190597534,0.09687107801437378,2094,0.00798797607421875
sample_000154_0024,000154,train,24,40,117,0,58,52,58,52,True,0,0.3674861192703247,0.05693422257900238,2198,0.00838470458984375
sample_000025_0005,000025,train,5,0,80,36,59,57,59,57,True,0,0.2335890829563141,0.15571050345897675,1056,0.0040283203125
sample_000064_0006,000064,train,6,0,108,0,59,59,59,59,True,0,0.30070340633392334,0.1520606279373169,1847,0.007045745849609375
sample_000110_0071,000110,train,71,112,306,36,59,53,59,53,True,0,0.37657639384269714,0.18174423277378082,2832,0.01080322265625
sample_000154_0068,000154,train,68,119,273,0,59,59,59,59,True,0,0.25470566749572754,0.17025727033615112,3487,0.013301849365234375
sample_000027_0049,000027,train,49,79,233,36,60,52,60,52,True,0,0.4000653922557831,0.06500046700239182,1607,0.006130218505859375
sample_000072_0048,000072,train,48,73,143,0,60,62,60,62,True,0,0.4277215600013733,0.11054298281669617,2831,0.010799407958984375
sample_000099_0084,000099,train,84,153,223,0,60,60,60,60,True,0,0.3019023537635803,0.1418134719133377,7188,0.0274200439453125
sample_000134_0034,000134,train,34,37,259,0,60,57,60,57,True,0,0.2641332149505615,0.16711479425430298,2943,0.011226654052734375
sample_000008_0108,000008,train,108,188,147,0,61,59,61,59,True,0,0.4066268801689148,0.1182592511177063,2401,0.009159088134765625
sample_000045_0073,000045,train,73,118,223,36,61,64,61,64,True,0,0.34494465589523315,0.11153125762939453,2408,0.009185791015625
sample_000087_0096,000087,train,96,176,110,0,61,57,61,57,True,0,0.3237784206867218,0.07527978718280792,1762,0.00672149658203125
sample_000126_0121,000126,train,121,231,239,28,61,57,61,57,True,0,0.17033138871192932,0.19783270359039307,1698,0.00647735595703125
sample_000013_0109,000013,train,109,195,144,36,62,62,62,62,True,0,0.3540763258934021,0.07881253212690353,2474,0.00943756103515625
sample_000062_0062,000062,train,62,116,150,0,62,59,62,59,True,0,0.41382738947868347,0.11551199853420258,5703,0.021755218505859375
sample_000102_0046,000102,train,46,71,191,0,62,61,62,61,True,0,0.3734164834022522,0.19227126240730286,10140,0.0386810302734375
sample_000135_0027,000135,train,27,39,152,28,62,58,62,58,True,0,0.40387630462646484,0.058743495494127274,3194,0.01218414306640625
sample_000021_0096,000021,train,96,173,106,0,63,62,63,62,True,0,0.3153819441795349,0.11029867827892303,1332,0.0050811767578125
sample_000073_0044,000073,train,44,78,74,0,63,62,63,62,True,0,0.4407691955566406,0.07253937423229218,1741,0.006641387939453125
sample_000110_0046,000110,train,46,75,191,0,63,61,63,61,True,0,0.41844767332077026,0.15633487701416016,7647,0.029170989990234375
sample_000157_0115,000157,train,115,222,119,28,63,56,63,56,True,0,0.340766966342926,0.13780464231967926,3302,0.01259613037109375
sample_000026_0067,000026,train,67,110,109,36,64,59,64,59,True,0,0.3298160135746002,0.10182589292526245,1467,0.005596160888671875
sample_000065_0076,000065,train,76,157,77,0,64,62,64,62,True,0,0.44736525416374207,0.08049992471933365,2293,0.008747100830078125
sample_000110_0061,000110,train,61,112,115,36,64,62,64,62,True,0,0.438812255859375,0.0836460068821907,1750,0.00667572021484375
sample_000151_0116,000151,train,116,233,156,0,64,59,64,59,True,0,0.28412890434265137,0.11891122907400131,2694,0.01027679443359375
sample_000030_0033,000030,train,33,40,214,36,65,60,65,60,True,0,0.32952484488487244,0.0838373526930809,1763,0.006725311279296875
sample_000088_0076,000088,train,76,137,73,0,65,61,65,61,True,0,0.41050323843955994,0.06426401436328888,1877,0.007160186767578125
sample_000142_0069,000142,train,69,112,258,28,65,66,65,66,True,0,0.3868029713630676,0.0813470184803009,7366,0.02809906005859375
sample_000013_0009,000013,train,9,0,144,36,66,61,66,61,True,0,0.2894706130027771,0.15333279967308044,2621,0.009998321533203125
sample_000053_0027,000053,train,27,36,144,36,66,57,66,57,True,0,0.3254320025444031,0.07807150483131409,2192,0.00836181640625
sample_000105_0067,000105,train,67,141,40,36,66,61,66,61,True,0,0.39076030254364014,0.05840511992573738,1851,0.007061004638671875
sample_000139_0041,000139,train,41,75,72,28,66,66,66,66,True,0,0.3607637882232666,0.35127195715904236,2755,0.010509490966796875
sample_000168_0099,000168,train,99,191,157,28,66,69,66,69,True,0,0.3476039171218872,0.07568193227052689,4281,0.016330718994140625
sample_000044_0046,000044,train,46,77,194,0,67,69,67,69,True,0,0.39830294251441956,0.1769762486219406,12580,0.0479888916015625
sample_000091_0065,000091,train,65,115,184,36,67,64,67,64,True,0,0.2999517321586609,0.09739919006824493,2657,0.010135650634765625
sample_000132_0009,000132,train,9,0,148,28,67,62,67,62,True,0,0.31514811515808105,0.14536961913108826,3856,0.01470947265625
sample_000167_0068,000167,train,68,116,264,0,67,70,67,70,True,0,0.24467135965824127,0.15946954488754272,4032,0.015380859375
sample_000049_0027,000049,train,27,34,146,36,68,65,68,65,True,0,0.34846216440200806,0.08014415204524994,2203,0.008403778076171875
sample_000106_0118,000106,train,118,232,192,0,68,67,68,67,True,0,0.22836852073669434,0.21855896711349487,2822,0.01076507568359375
sample_000142_0044,000142,train,44,75,148,0,68,65,68,65,True,0,0.3600221574306488,0.0866396352648735,4344,0.016571044921875
sample_000002_0046,000002,train,46,73,200,0,69,65,69,65,True,0,0.2714460790157318,0.2003386914730072,10756,0.0410308837890625
sample_000060_0097,000060,train,97,190,111,36,69,65,69,65,True,0,0.34640970826148987,0.08015500009059906,1799,0.006862640380859375
sample_000102_0097,000102,train,97,177,114,36,69,63,68,63,True,1,0.4304516911506653,0.06541211903095245,2608,0.00994873046875
sample_000145_0052,000145,train,52,70,217,0,69,66,69,66,True,0,0.369846910238266,0.09912081062793732,7892,0.0301055908203125
sample_000015_0033,000015,train,33,39,214,36,70,63,70,63,True,0,0.30090534687042236,0.09175137430429459,2335,0.008907318115234375
sample_000050_0005,000050,train,5,0,77,36,70,66,70,66,True,0,0.23215751349925995,0.17816217243671417,2590,0.00988006591796875
sample_000100_0025,000100,train,25,36,107,36,70,67,70,67,True,0,0.36573919653892517,0.060928475111722946,1830,0.00698089599609375
sample_000150_0012,000150,train,12,0,230,0,70,70,68,69,True,0,0.14133469760417938,0.16534806787967682,2858,0.01090240478515625
sample_000022_0027,000022,train,27,36,192,36,71,64,71,64,True,0,0.30544671416282654,0.10495647042989731,1866,0.00711822509765625
sample_000078_0026,000078,train,26,36,152,0,71,68,71,68,True,0,0.36283954977989197,0.15460091829299927,4345,0.016574859619140625
sample_000139_0026,000139,train,26,37,143,0,71,68,71,68,True,0,0.5434911847114563,0.2538575828075409,2923,0.011150360107421875
sample_000165_0031,000165,train,31,36,235,28,71,66,71,66,True,0,0.34799090027809143,0.09532088786363602,2232,0.008514404296875
sample_000063_0027,000063,train,27,36,144,36,72,67,72,67,True,0,0.3421380817890167,0.10188861936330795,2453,0.009357452392578125
sample_000109_0057,000109,train,57,106,37,36,72,71,72,71,True,0,0.42162349820137024,0.07511724531650543,1776,0.00677490234375
sample_000167_0007,000167,train,7,0,113,28,72,70,72,70,True,0,0.30116820335388184,0.16386494040489197,2534,0.00966644287109375
sample_000055_0051,000055,train,51,70,276,36,73,67,73,67,True,0,0.4366473853588104,0.08611355721950531,2439,0.009304046630859375
sample_000128_0065,000128,train,65,112,190,28,73,76,73,76,True,0,0.25446829199790955,0.07396257668733597,2592,0.0098876953125
sample_000165_0008,000165,train,8,0,156,0,73,70,71,69,True,0,0.32511642575263977,0.14059452712535858,3280,0.01251220703125
sample_000037_0088,000037,train,88,141,143,0,74,73,74,73,True,0,0.40912556648254395,0.10381323099136353,3719,0.014186859130859375
sample_000087_0114,000087,train,114,211,110,0,74,68,74,68,True,0,0.286876916885376,0.12373276054859161,2116,0.0080718994140625
sample_000116_0101,000116,train,101,240,80,36,74,71,74,71,True,0,0.2649993598461151,0.16834934055805206,3275,0.012493133544921875
sample_000167_0099,000167,train,99,192,151,28,74,69,74,69,True,0,0.3328167498111725,0.06273029744625092,2307,0.008800506591796875
sample_000091_0115,000091,train,115,230,110,36,75,71,75,71,True,0,0.19842013716697693,0.16226716339588165,2654,0.01012420654296875
sample_000139_0044,000139,train,44,75,143,0,75,74,75,74,True,0,0.5583593249320984,0.2014697939157486,4043,0.015422821044921875
sample_000020_0028,000020,train,28,36,196,0,76,78,76,78,True,0,0.35683831572532654,0.11278554052114487,5261,0.020069122314453125
sample_000073_0065,000073,train,65,118,74,36,76,67,76,67,True,0,0.440517395734787,0.08480966091156006,1918,0.00731658935546875
sample_000126_0040,000126,train,40,77,80,0,76,75,76,75,True,0,0.39421215653419495,0.06075277552008629,3072,0.01171875
sample_000164_0103,000164,train,103,192,224,28,76,74,76,74,True,0,0.27366915345191956,0.08758072555065155,2759,0.010524749755859375
sample_000073_0014,000073,train,14,0,260,0,77,73,77,73,True,0,0.12336814403533936,0.20166762173175812,1619,0.006175994873046875
sample_000129_0030,000129,train,30,37,178,0,77,79,77,79,True,0,0.40954315662384033,0.06302803009748459,4957,0.018909454345703125
sample_000004_0132,000004,train,132,227,233,0,78,82,78,82,True,0,0.11104291677474976,0.15389838814735413,3308,0.0126190185546875
sample_000049_0007,000049,train,7,0,110,36,78,72,78,72,True,0,0.2820073068141937,0.15233877301216125,2739,0.010448455810546875
sample_000105_0053,000105,train,53,106,79,36,78,72,76,71,True,0,0.38264572620391846,0.08130121231079102,2617,0.009983062744140625
sample_000148_0070,000148,train,70,116,184,0,78,74,74,72,True,0,0.2838415801525116,0.09005200862884521,5582,0.02129364013671875
sample_000047_0096,000047,train,96,176,108,0,79,82,79,82,True,0,0.3490247428417206,0.09658170491456985,1942,0.00740814208984375
sample_000125_0009,000125,train,9,0,153,28,79,80,79,80,True,0,0.3370116651058197,0.1636689305305481,3512,0.013397216796875
sample_000162_0092,000162,train,92,159,221,0,79,79,79,79,True,0,0.32591190934181213,0.12934131920337677,11621,0.044330596923828125
sample_000055_0064,000055,train,64,106,198,0,80,80,80,80,True,0,0.4132179915904999,0.1786973774433136,13656,0.052093505859375
sample_000109_0078,000109,train,78,141,110,0,80,84,80,84,True,0,0.4147718846797943,0.08430203795433044,2900,0.0110626220703125
sample_000136_0077,000136,train,77,104,299,28,80,89,80,89,True,0,0.3819115161895752,0.09188228845596313,5594,0.02133941650390625
sample_000008_0053,000008,train,53,75,221,36,81,88,81,88,True,0,0.43248671293258667,0.0818837359547615,3295,0.012569427490234375
sample_000059_0064,000059,train,64,110,194,0,81,82,81,82,True,0,0.3562030494213104,0.20199404656887054,14134,0.05391693115234375
sample_000111_0066,000111,train,66,115,216,0,81,86,81,86,True,0,0.2444002330303192,0.23451213538646698,8653,0.033008575439453125
sample_000153_0082,000153,train,82,147,183,0,81,81,81,81,True,0,0.35998064279556274,0.09680303931236267,7838,0.02989959716796875
sample_000041_0014,000041,train,14,0,256,0,82,84,82,84,True,0,0.13078559935092926,0.19463561475276947,2017,0.007694244384765625
sample_000122_0099,000122,train,99,180,158,36,82,76,82,76,True,0,0.39981764554977417,0.0718812644481659,3653,0.013935089111328125
sample_000004_0031,000004,train,31,38,194,36,83,91,83,91,True,0,0.29938414692878723,0.07643046230077744,5022,0.01915740966796875
sample_000065_0118,000065,train,118,235,192,0,83,78,83,78,True,0,0.29990652203559875,0.21976238489151,2111,0.008052825927734375
sample_000114_0012,000114,train,12,0,219,0,83,80,83,80,True,0,0.14977501332759857,0.1710357666015625,2445,0.009326934814453125
sample_000002_0061,000002,train,61,109,120,36,84,84,84,84,True,0,0.3502265512943268,0.08087357133626938,3311,0.012630462646484375
sample_000053_0007,000053,train,7,0,108,36,84,78,84,78,True,0,0.20667481422424316,0.1678040623664856,2895,0.011043548583984375
sample_000111_0039,000111,train,39,77,36,36,84,82,84,82,True,0,0.41173118352890015,0.055700723081827164,1572,0.0059967041015625
sample_000026_0012,000026,train,12,0,218,0,85,85,85,85,True,0,0.20860350131988525,0.18425755202770233,3280,0.01251220703125
sample_000114_0065,000114,train,65,104,182,36,85,87,85,87,True,0,0.3168568015098572,0.10192378610372543,3312,0.01263427734375
sample_000161_0098,000161,train,98,186,149,0,85,90,85,90,True,0,0.3171064555644989,0.0883355513215065,3782,0.01442718505859375
sample_000044_0084,000044,train,84,153,232,0,86,92,86,92,True,0,0.3251039981842041,0.20651182532310486,6955,0.026531219482421875
sample_000112_0084,000112,train,84,151,226,0,86,90,86,90,True,0,0.3277071714401245,0.17146050930023193,6774,0.02584075927734375
sample_000169_0116,000169,train,116,218,152,0,86,79,86,79,True,0,0.2556724548339844,0.149750754237175,3601,0.013736724853515625
sample_000098_0120,000098,train,120,229,233,0,87,89,87,89,True,0,0.20354385673999786,0.20665243268013,3221,0.012287139892578125
sample_000159_0098,000159,train,98,187,150,0,87,85,87,85,True,0,0.35160940885543823,0.07727456092834473,3580,0.0136566162109375
sample_000037_0135,000037,train,135,211,250,36,88,86,88,86,True,0,0.36166855692863464,0.15386822819709778,2299,0.008769989013671875
sample_000106_0012,000106,train,12,0,231,0,88,84,88,84,True,0,0.16858196258544922,0.21102620661258698,2555,0.009746551513671875
sample_000153_0060,000153,train,60,110,110,0,88,89,88,89,True,0,0.3669244349002838,0.06633605062961578,3302,0.01259613037109375
sample_000029_0073,000029,train,73,140,159,36,89,91,89,91,True,0,0.3433147668838501,0.11017859727144241,3188,0.0121612548828125
sample_000108_0007,000108,train,7,0,117,36,89,95,89,95,True,0,0.3844451904296875,0.17818661034107208,2919,0.011135101318359375
sample_000017_0008,000017,train,8,0,160,0,90,88,90,88,True,0,0.26039108633995056,0.15887489914894104,2761,0.010532379150390625
sample_000107_0081,000107,train,81,143,152,36,90,91,90,91,True,0,0.3957078456878662,0.07243091613054276,2603,0.009929656982421875
sample_000167_0119,000167,train,119,231,189,28,90,90,90,90,True,0,0.23288466036319733,0.16277307271957397,4720,0.01800537109375
sample_000072_0111,000072,train,111,182,178,36,91,94,91,94,True,0,0.44235876202583313,0.07796066254377365,3282,0.01251983642578125
sample_000146_0101,000146,train,101,194,199,28,91,93,91,93,True,0,0.24349439144134521,0.04837661236524582,5424,0.02069091796875
sample_000059_0068,000059,train,68,110,272,0,92,95,92,95,True,0,0.21314476430416107,0.21013127267360687,1940,0.0074005126953125
sample_000105_0056,000105,train,56,106,158,0,92,94,92,94,True,0,0.35933399200439453,0.15861912071704865,8644,0.0329742431640625
sample_000167_0118,000167,train,118,231,189,0,92,92,92,92,True,0,0.27883344888687134,0.15974605083465576,4968,0.018951416015625
sample_000069_0083,000069,train,83,141,188,36,93,89,91,88,True,0,0.38908636569976807,0.06718314439058304,2331,0.008892059326171875
sample_000112_0121,000112,train,121,226,226,36,93,87,93,87,True,0,0.1992979645729065,0.19600719213485718,3143,0.011989593505859375
sample_000017_0009,000017,train,9,0,160,36,94,87,94,87,True,0,0.23544636368751526,0.17074355483055115,2691,0.010265350341796875
sample_000098_0121,000098,train,121,229,233,28,94,97,94,97,True,0,0.22060945630073547,0.19620265066623688,3436,0.0131072998046875
sample_000018_0099,000018,train,99,179,154,36,95,87,95,87,True,0,0.3454841673374176,0.08314692229032516,3104,0.0118408203125
sample_000087_0102,000087,train,102,176,219,0,95,97,95,97,True,0,0.2859479486942291,0.12767069041728973,2647,0.010097503662109375
sample_000145_0130,000145,train,130,211,181,0,95,99,95,99,True,0,0.31894955039024353,0.1200820803642273,4445,0.016956329345703125
sample_000055_0030,000055,train,30,35,237,0,96,94,96,94,True,0,0.3691394031047821,0.17728213965892792,3384,0.012908935546875
sample_000113_0027,000113,train,27,34,148,36,96,94,96,94,True,0,0.4121302366256714,0.06951440870761871,3765,0.014362335205078125
sample_000018_0048,000018,train,48,72,231,0,97,95,97,95,True,0,0.32675763964653015,0.1489703357219696,7802,0.02976226806640625
sample_000096_0024,000096,train,24,34,155,0,97,97,97,97,True,0,0.3478609025478363,0.09789848327636719,4109,0.015674591064453125
sample_000161_0117,000161,train,117,223,149,28,97,103,97,103,True,0,0.31042689085006714,0.12351155281066895,4056,0.015472412109375
sample_000078_0078,000078,train,78,144,114,0,98,94,98,94,True,0,0.39911529421806335,0.09692909568548203,2993,0.011417388916015625
sample_000135_0100,000135,train,100,196,190,0,98,98,98,98,True,0,0.38606637716293335,0.07581012696027756,6340,0.0241851806640625
sample_000032_0007,000032,train,7,0,109,36,99,96,99,96,True,0,0.257697194814682,0.1654750257730484,2828,0.0107879638671875
sample_000132_0048,000132,train,48,77,148,0,99,104,99,104,True,0,0.3149203062057495,0.08421681076288223,3685,0.014057159423828125
sample_000036_0067,000036,train,67,108,238,36,100,114,100,114,True,0,0.4155547022819519,0.08705343306064606,4583,0.017482757568359375
sample_000102_0027,000102,train,27,35,152,36,100,100,100,100,True,0,0.4324709177017212,0.0754014104604721,4073,0.015537261962890625
sample_000153_0080,000153,train,80,147,146,0,100,107,100,107,True,0,0.3694160282611847,0.05941501632332802,3881,0.014804840087890625
sample_000063_0028,000063,train,28,36,181,0,101,108,101,108,True,0,0.35460373759269714,0.103158138692379,4651,0.017742156982421875
sample_000112_0064,000112,train,64,113,189,0,101,108,99,107,True,0,0.3477315902709961,0.18821202218532562,13382,0.05104827880859375
sample_000026_0111,000026,train,111,182,182,36,102,106,102,106,True,0,0.34534960985183716,0.08502639830112457,2760,0.010528564453125
sample_000113_0136,000113,train,136,241,186,0,102,103,102,103,True,0,0.2208584100008011,0.21045951545238495,3023,0.011531829833984375
sample_000018_0115,000018,train,115,215,116,36,103,100,103,100,True,0,0.2609630525112152,0.16259817779064178,3134,0.01195526123046875
sample_000111_0069,000111,train,69,115,252,36,103,106,103,106,True,0,0.41070133447647095,0.0854443907737732,4392,0.016754150390625
sample_000000_0095,000000,train,95,145,252,36,104,105,104,105,True,0,0.466371089220047,0.0815163105726242,3098,0.01181793212890625
sample_000093_0013,000093,train,13,0,224,36,104,95,104,95,True,0,0.23415608704090118,0.1897074580192566,2605,0.009937286376953125
sample_000164_0067,000164,train,67,115,224,28,104,117,102,116,True,0,0.2985225021839142,0.08049844205379486,6094,0.02324676513671875
sample_000106_0044,000106,train,44,77,154,0,105,108,105,108,True,0,0.3749653995037079,0.15105125308036804,4189,0.015979766845703125
sample_000007_0029,000007,train,29,35,193,36,106,102,106,102,True,0,0.35437020659446716,0.08508555591106415,3727,0.014217376708984375
sample_000098_0067,000098,train,67,114,233,28,106,114,106,114,True,0,0.3729925751686096,0.09100672602653503,6639,0.025325775146484375
sample_000064_0115,000064,train,115,212,108,36,107,101,107,101,True,0,0.3216702938079834,0.14628224074840546,3904,0.014892578125
sample_000004_0048,000004,train,48,76,155,0,108,109,108,109,True,0,0.24232450127601624,0.1432761698961258,6370,0.02429962158203125
sample_000130_0011,000130,train,11,0,196,28,108,104,108,104,True,0,0.30119848251342773,0.16987301409244537,3918,0.01494598388671875
sample_000065_0042,000065,train,42,78,116,0,109,114,109,114,True,0,0.44682157039642334,0.0908331573009491,2869,0.010944366455078125
sample_000020_0101,000020,train,101,180,196,36,110,101,110,101,True,0,0.3600730895996094,0.08670508861541748,3184,0.01214599609375
sample_000085_0110,000085,train,110,192,183,0,110,115,110,115,True,0,0.412460595369339,0.13091450929641724,3385,0.012912750244140625
sample_000037_0094,000037,train,94,141,250,0,111,124,109,123,True,0,0.34138548374176025,0.19501662254333496,7298,0.02783966064453125
sample_000037_0097,000037,train,97,141,285,36,112,124,112,124,True,0,0.4221894443035126,0.09650639444589615,4696,0.017913818359375
sample_000100_0062,000100,train,62,109,143,0,112,111,112,111,True,0,0.35594868659973145,0.11764436215162277,6474,0.02469635009765625
sample_000037_0052,000037,train,52,70,214,0,113,117,113,117,True,0,0.42589616775512695,0.12396367639303207,9087,0.034664154052734375
sample_000157_0011,000157,train,11,0,199,28,113,107,113,107,True,0,0.24550586938858032,0.1827005296945572,4396,0.0167694091796875
sample_000097_0029,000097,train,29,36,198,36,114,112,114,112,True,0,0.43348953127861023,0.07164881378412247,3223,0.012294769287109375
sample_000030_0130,000030,train,130,237,178,0,115,114,115,114,True,0,0.265944242477417,0.1573026329278946,3950,0.01506805419921875
sample_000119_0006,000119,train,6,0,119,0,115,109,113,108,True,0,0.350871205329895,0.1660262793302536,3851,0.014690399169921875
sample_000077_0067,000077,train,67,104,226,36,116,125,116,125,True,0,0.3056340515613556,0.09836237877607346,3966,0.01512908935546875
sample_000160_0102,000160,train,102,214,113,0,116,114,116,114,True,0,0.2794457674026489,0.1035548523068428,4142,0.01580047607421875
sample_000136_0134,000136,train,134,208,261,0,117,126,117,126,True,0,0.3001270592212677,0.1671796590089798,4544,0.017333984375
sample_000100_0119,000100,train,119,218,179,36,118,109,116,108,True,0,0.261883944272995,0.1771545112133026,4747,0.018108367919921875
sample_000041_0029,000041,train,29,35,146,36,119,114,119,114,True,0,0.41805583238601685,0.06878083199262619,3571,0.013622283935546875
sample_000151_0102,000151,train,102,194,235,0,119,127,119,127,True,0,0.340772420167923,0.08277605473995209,6455,0.024623870849609375
sample_000107_0117,000107,train,117,215,152,36,120,117,118,116,True,0,0.32290980219841003,0.17218944430351257,4955,0.018901824951171875
sample_000088_0028,000088,train,28,34,182,0,121,130,121,130,True,0,0.4035090208053589,0.11395131796598434,5248,0.02001953125
sample_000068_0009,000068,train,9,0,160,36,122,122,122,122,True,0,0.24762758612632751,0.16849571466445923,4235,0.016155242919921875
sample_000033_0075,000033,train,75,117,257,36,123,140,123,140,True,0,0.41105952858924866,0.09087137877941132,5698,0.02173614501953125
sample_000138_0118,000138,train,118,228,195,0,123,122,121,121,True,0,0.2755218744277954,0.18006323277950287,5438,0.02074432373046875
sample_000121_0027,000121,train,27,35,144,36,124,124,124,124,True,0,0.4033263623714447,0.06563354283571243,4077,0.015552520751953125
sample_000107_0080,000107,train,80,143,152,0,125,136,125,136,True,0,0.36107486486434937,0.14548859000205994,5689,0.021701812744140625
sample_000077_0009,000077,train,9,0,151,36,126,128,126,128,True,0,0.21861225366592407,0.1634925752878189,5071,0.019344329833984375
sample_000050_0026,000050,train,26,34,194,0,127,138,127,138,True,0,0.3304300308227539,0.12737701833248138,4475,0.017070770263671875
sample_000096_0105,000096,train,105,206,155,36,128,121,128,121,True,0,0.2764282822608948,0.16169659793376923,4466,0.01703643798828125
sample_000056_0074,000056,train,74,111,265,0,129,153,129,153,True,0,0.31958892941474915,0.15931715071201324,3839,0.014644622802734375
sample_000106_0062,000106,train,62,116,154,0,130,137,130,137,True,0,0.3948049545288086,0.14410512149333954,6898,0.02631378173828125
sample_000103_0010,000103,train,10,0,181,0,131,142,131,142,True,0,0.27858424186706543,0.19319866597652435,4851,0.018505096435546875
sample_000134_0013,000134,train,13,0,222,28,132,133,130,132,True,0,0.23631514608860016,0.17252665758132935,5096,0.019439697265625
sample_000065_0066,000065,train,66,118,231,0,134,158,134,158,True,0,0.38778093457221985,0.19696375727653503,8511,0.032466888427734375
sample_000107_0118,000107,train,118,215,189,0,135,139,135,139,True,0,0.2349880188703537,0.20600298047065735,4091,0.015605926513671875
sample_000059_0030,000059,train,30,37,233,0,137,144,137,144,True,0,0.32374459505081177,0.1860368847846985,4328,0.016510009765625
sample_000097_0100,000097,train,100,179,198,0,138,155,138,155,True,0,0.429850310087204,0.09816525131464005,4208,0.01605224609375
sample_000070_0031,000070,train,31,36,216,36,140,138,140,138,True,0,0.3973863422870636,0.09212685376405716,2996,0.0114288330078125
sample_000106_0029,000106,train,29,39,192,36,141,133,141,133,True,0,0.4313754141330719,0.08047261834144592,5641,0.021518707275390625
sample_000088_0069,000088,train,69,103,256,36,143,156,143,156,True,0,0.41167089343070984,0.09182091802358627,4256,0.0162353515625
sample_000069_0117,000069,train,117,212,150,36,145,139,145,139,True,0,0.31357836723327637,0.16952472925186157,6110,0.02330780029296875
sample_000088_0066,000088,train,66,103,219,0,147,170,147,170,True,0,0.32303428649902344,0.22581595182418823,12606,0.04808807373046875
sample_000060_0068,000060,train,68,114,259,0,149,175,149,175,True,0,0.24412594735622406,0.17980247735977173,3863,0.014736175537109375
sample_000034_0011,000034,train,11,0,195,36,151,154,151,154,True,0,0.31527984142303467,0.18453170359134674,5394,0.02057647705078125
sample_000150_0100,000150,train,100,185,192,0,153,173,153,173,True,0,0.3169874846935272,0.07169437408447266,8738,0.03333282470703125
sample_000088_0067,000088,train,67,103,219,36,156,177,156,177,True,0,0.41490933299064636,0.08736273646354675,4402,0.01679229736328125
sample_000150_0067,000150,train,67,111,230,28,159,192,159,192,True,0,0.26821473240852356,0.10777049511671066,7179,0.027385711669921875
sample_000070_0102,000070,train,102,180,216,0,163,189,163,189,True,0,0.3171025514602661,0.18614991009235382,5109,0.019489288330078125
sample_000121_0103,000121,train,103,174,217,36,166,169,164,168,True,0,0.38742145895957947,0.09429138898849487,4164,0.0158843994140625
sample_000004_0013,000004,train,13,0,233,36,172,182,172,182,True,0,0.1907517910003662,0.15309131145477295,5404,0.0206146240234375
sample_000121_0101,000121,train,101,174,181,36,178,180,176,179,True,0,0.4033285975456238,0.07208338379859924,5075,0.019359588623046875
sample_000121_0117,000121,train,117,209,144,36,192,205,190,204,True,0,0.3442423641681671,0.15680651366710663,6247,0.023830413818359375
sample_000001_0016,000001,val,16,0,285,0,2,1,2,1,True,0,0.037703368812799454,0.10715160518884659,90,0.00034332275390625
sample_000084_0019,000084,val,19,35,0,36,2,1,2,1,True,0,0.04357375204563141,0.1075003445148468,9,3.4332275390625e-05
sample_000149_0140,000149,val,140,251,257,0,2,1,2,1,True,0,0.04449817165732384,0.10735547542572021,61,0.000232696533203125
sample_000115_0001,000115,val,1,0,0,36,3,2,3,2,True,0,0.023587116971611977,0.09164571762084961,62,0.00023651123046875
sample_000166_0108,000166,val,108,229,0,0,3,2,3,2,True,0,0.027429211884737015,0.10079049319028854,68,0.0002593994140625
sample_000071_0056,000071,val,56,118,37,0,4,3,4,3,True,0,0.4427828788757324,0.07983279973268509,69,0.000263214111328125
sample_000012_0051,000012,val,51,75,186,36,5,4,5,4,True,0,0.3527940809726715,0.08459235727787018,245,0.000934600830078125
sample_000115_0090,000115,val,90,173,0,0,5,4,5,4,True,0,0.2868656814098358,0.177077054977417,122,0.00046539306640625
sample_000038_0091,000038,val,91,178,0,36,6,5,6,5,True,0,0.1735176146030426,0.21029752492904663,105,0.000400543212890625
sample_000120_0035,000120,val,35,36,303,36,6,5,6,5,True,0,0.18050235509872437,0.20610076189041138,111,0.000423431396484375
sample_000039_0044,000039,val,44,70,73,0,7,5,7,5,True,0,0.335371732711792,0.06592196971178055,174,0.00066375732421875
sample_000115_0051,000115,val,51,69,254,36,7,5,7,5,True,0,0.37790346145629883,0.09547963738441467,207,0.000789642333984375
sample_000039_0080,000039,val,80,139,0,0,8,6,8,6,True,0,0.2593001127243042,0.14642968773841858,208,0.00079345703125
sample_000084_0105,000084,val,105,175,257,36,8,5,8,5,True,0,0.27773556113243103,0.10292517393827438,135,0.000514984130859375
sample_000046_0094,000046,val,94,192,70,0,9,7,9,7,True,0,0.32541486620903015,0.06302789598703384,162,0.00061798095703125
sample_000006_0004,000006,val,4,0,73,0,10,8,10,8,True,0,0.2403094619512558,0.16905570030212402,149,0.000568389892578125
sample_000120_0112,000120,val,112,213,76,0,10,8,10,8,True,0,0.41693004965782166,0.05997156724333763,252,0.0009613037109375
sample_000039_0049,000039,val,49,70,146,36,11,9,11,9,True,0,0.33387839794158936,0.07649417966604233,593,0.002262115478515625
sample_000117_0109,000117,val,109,209,0,36,11,8,11,8,True,0,0.042475953698158264,0.11287742108106613,154,0.00058746337890625
sample_000039_0061,000039,val,61,105,0,36,12,10,12,10,True,0,0.15065167844295502,0.1767876148223877,139,0.000530242919921875
sample_000147_0036,000147,val,36,71,0,0,12,9,12,9,True,0,0.3524026870727539,0.2057955414056778,308,0.0011749267578125
sample_000071_0014,000071,val,14,0,257,0,13,11,13,11,True,0,0.10373828560113907,0.18818169832229614,314,0.00119781494140625
sample_000012_0037,000012,val,37,37,297,36,14,12,14,12,True,0,0.28316977620124817,0.15793362259864807,249,0.000949859619140625
sample_000149_0095,000149,val,95,179,74,28,14,12,14,12,True,0,0.25111013650894165,0.07113908976316452,640,0.00244140625
sample_000040_0042,000040,val,42,78,112,0,15,15,15,15,True,0,0.3249412775039673,0.08278810232877731,790,0.00301361083984375
sample_000001_0026,000001,val,26,38,107,0,16,14,16,14,True,0,0.3048248589038849,0.11842089891433716,441,0.001682281494140625
sample_000080_0053,000080,val,53,69,315,36,16,13,16,13,True,0,0.28519517183303833,0.21282510459423065,629,0.002399444580078125
sample_000038_0032,000038,val,32,36,277,0,17,13,17,13,True,0,0.21406695246696472,0.2153971940279007,435,0.001659393310546875
sample_000006_0086,000006,val,86,145,255,0,18,15,18,15,True,0,0.22906160354614258,0.1701454371213913,378,0.00144195556640625
sample_000076_0053,000076,val,53,72,221,36,18,13,16,12,True,0,0.4440723657608032,0.07437893748283386,947,0.003612518310546875
sample_000012_0095,000012,val,95,149,260,36,19,15,18,15,True,1,0.3585740625858307,0.07509627193212509,502,0.00191497802734375
sample_000149_0012,000149,val,12,0,220,0,19,17,19,17,True,0,0.060186967253685,0.10817406326532364,599,0.002285003662109375
sample_000040_0089,000040,val,89,157,299,36,20,18,20,18,True,0,0.22640591859817505,0.16238796710968018,607,0.002315521240234375
sample_000039_0051,000039,val,51,70,182,36,21,17,21,17,True,0,0.3367300033569336,0.07209517061710358,375,0.001430511474609375
sample_000155_0023,000155,val,23,35,76,28,21,16,21,16,True,0,0.4010883569717407,0.10034555941820145,533,0.002033233642578125
sample_000115_0041,000115,val,41,69,72,36,22,20,21,20,True,1,0.3904182016849518,0.07283808290958405,763,0.002910614013671875
sample_000058_0075,000058,val,75,139,40,36,23,20,23,20,True,0,0.407303124666214,0.0687919482588768,389,0.001483917236328125
sample_000006_0074,000006,val,74,145,36,0,24,22,24,22,True,0,0.3433414697647095,0.08242975175380707,725,0.002765655517578125
sample_000080_0089,000080,val,89,137,315,36,24,21,24,21,True,0,0.2847540080547333,0.21270577609539032,714,0.00272369384765625
sample_000051_0042,000051,val,42,79,111,0,25,22,25,22,True,0,0.3059568703174591,0.10133180767297745,1157,0.004413604736328125
sample_000001_0057,000001,val,57,75,285,36,26,20,26,20,True,0,0.339239239692688,0.07571078091859818,951,0.003627777099609375
sample_000147_0015,000147,val,15,0,251,28,26,24,26,24,True,0,0.12416785955429077,0.17897140979766846,764,0.0029144287109375
sample_000084_0024,000084,val,24,35,110,0,27,26,27,26,True,0,0.30441728234291077,0.07035087049007416,1546,0.00589752197265625
sample_000038_0015,000038,val,15,0,277,36,28,26,28,26,True,0,0.15288497507572174,0.20573650300502777,828,0.0031585693359375
sample_000001_0095,000001,val,95,151,250,36,29,28,29,28,True,0,0.3458544611930847,0.06774072349071503,1495,0.005702972412109375
sample_000140_0021,000140,val,21,37,74,28,29,24,27,23,True,0,0.34700503945350647,0.07925587147474289,947,0.003612518310546875
sample_000084_0062,000084,val,62,105,147,0,30,27,30,27,True,0,0.28174108266830444,0.11192131787538528,3056,0.01165771484375
sample_000058_0116,000058,val,116,208,160,0,31,25,31,25,True,0,0.3575567305088043,0.15232700109481812,2644,0.0100860595703125
sample_000019_0070,000019,val,70,104,284,0,32,28,32,28,True,0,0.16790248453617096,0.1665622889995575,1122,0.00428009033203125
sample_000163_0022,000163,val,22,39,77,0,32,27,32,27,True,0,0.4157414138317108,0.06635688990354538,848,0.00323486328125
sample_000155_0065,000155,val,65,106,189,28,33,32,33,32,True,0,0.3099098801612854,0.09544648230075836,1779,0.006786346435546875
sample_000158_0006,000158,val,6,0,118,0,34,31,34,31,True,0,0.2710515558719635,0.16450323164463043,1329,0.005069732666015625
sample_000115_0033,000115,val,33,35,254,36,35,31,35,31,True,0,0.3040454089641571,0.1717066466808319,1155,0.004405975341796875
sample_000058_0038,000058,val,38,69,40,0,36,33,36,33,True,0,0.3975403308868408,0.08893062174320221,749,0.002857208251953125
sample_000039_0070,000039,val,70,105,182,0,37,36,37,36,True,0,0.3155834376811981,0.13846787810325623,5886,0.02245330810546875
sample_000023_0113,000023,val,113,215,73,36,38,32,38,32,True,0,0.21767988801002502,0.17378897964954376,1953,0.007450103759765625
sample_000163_0070,000163,val,70,116,309,0,38,33,38,33,True,0,0.24784059822559357,0.19680114090442657,1409,0.005374908447265625
sample_000147_0021,000147,val,21,36,36,28,39,34,39,34,True,0,0.3637118637561798,0.1614062637090683,878,0.00334930419921875
sample_000147_0079,000147,val,79,142,108,28,40,35,40,35,True,0,0.33128559589385986,0.07948258519172668,1540,0.0058746337890625
sample_000086_0006,000086,val,6,0,117,0,41,37,41,37,True,0,0.27669745683670044,0.14988844096660614,1407,0.005367279052734375
sample_000051_0114,000051,val,114,238,111,0,42,37,42,37,True,0,0.28543952107429504,0.12598511576652527,1224,0.004669189453125
sample_000117_0094,000117,val,94,174,74,0,43,38,43,38,True,0,0.3401506543159485,0.07081787288188934,1328,0.00506591796875
sample_000120_0088,000120,val,88,142,303,0,44,38,44,38,True,0,0.17753735184669495,0.2095508873462677,1003,0.003826141357421875
sample_000117_0045,000117,val,45,70,148,36,45,36,45,36,True,0,0.3500130772590637,0.05716089531779289,1046,0.00399017333984375
sample_000120_0026,000120,val,26,36,152,0,46,49,46,49,True,0,0.3416842222213745,0.16749243438243866,989,0.003772735595703125
sample_000120_0075,000120,val,75,142,38,36,47,43,47,43,True,0,0.4131070673465729,0.07635772228240967,1320,0.005035400390625
sample_000071_0065,000071,val,65,118,184,36,48,42,48,42,True,0,0.44465428590774536,0.10148344188928604,4024,0.015350341796875
sample_000040_0120,000040,val,120,235,224,0,49,43,49,43,True,0,0.14792156219482422,0.17114421725273132,1251,0.004772186279296875
sample_000012_0126,000012,val,126,224,111,0,50,44,50,44,True,0,0.30573949217796326,0.1424219161272049,1522,0.00580596923828125
sample_000019_0071,000019,val,71,104,284,36,51,46,51,46,True,0,0.23613595962524414,0.16258536279201508,1564,0.0059661865234375
sample_000071_0115,000071,val,115,235,110,36,52,48,52,48,True,0,0.40969040989875793,0.14251147210597992,1983,0.007564544677734375
sample_000040_0121,000040,val,121,235,224,36,53,45,51,44,True,0,0.15727461874485016,0.16844907402992249,1298,0.00495147705078125
sample_000115_0063,000115,val,63,104,145,36,54,53,54,53,True,0,0.37785494327545166,0.0973188653588295,1326,0.00505828857421875
sample_000086_0044,000086,val,44,68,156,0,55,55,55,55,True,0,0.3290208876132965,0.10675522685050964,2206,0.00841522216796875
sample_000058_0043,000058,val,43,69,120,36,56,47,56,47,True,0,0.41346603631973267,0.06387469917535782,1921,0.007328033447265625
sample_000051_0005,000051,val,5,0,74,36,57,53,57,53,True,0,0.19060750305652618,0.17187851667404175,1867,0.007122039794921875
sample_000071_0082,000071,val,82,157,184,0,58,54,56,53,True,0,0.43635886907577515,0.16143099963665009,9592,0.036590576171875
sample_000080_0051,000080,val,51,69,276,36,59,52,59,52,True,0,0.420213907957077,0.10794416069984436,2454,0.00936126708984375
sample_000158_0048,000158,val,48,80,236,0,60,63,60,63,True,0,0.2826492488384247,0.1524878442287445,5859,0.022350311279296875
sample_000038_0058,000038,val,58,106,79,0,62,59,62,59,True,0,0.42420467734336853,0.0807928666472435,2011,0.007671356201171875
sample_000019_0044,000019,val,44,69,142,0,63,60,63,60,True,0,0.30540385842323303,0.11001238226890564,2551,0.009731292724609375
sample_000046_0048,000046,val,48,77,211,0,64,56,62,55,True,0,0.2911403179168701,0.14541198313236237,5326,0.02031707763671875
sample_000038_0059,000038,val,59,106,79,36,65,62,65,62,True,0,0.43104299902915955,0.07384682446718216,2066,0.00788116455078125
sample_000012_0010,000012,val,10,0,186,0,66,62,66,62,True,0,0.3031897246837616,0.15137051045894623,3414,0.01302337646484375
sample_000166_0008,000166,val,8,0,160,0,66,61,66,61,True,0,0.31466490030288696,0.15841683745384216,3959,0.015102386474609375
sample_000040_0084,000040,val,84,157,224,0,68,66,68,66,True,0,0.2963055670261383,0.16676950454711914,7218,0.02753448486328125
sample_000039_0030,000039,val,30,35,182,0,69,70,69,70,True,0,0.3373364210128784,0.08942433446645737,3515,0.013408660888671875
sample_000040_0027,000040,val,27,39,150,36,70,68,70,68,True,0,0.3336595892906189,0.08337147533893585,2536,0.009674072265625
sample_000086_0061,000086,val,61,102,117,36,71,67,71,67,True,0,0.32632309198379517,0.10675998032093048,1960,0.007476806640625
sample_000117_0086,000117,val,86,139,258,0,72,70,72,70,True,0,0.19497066736221313,0.18178381025791168,2286,0.00872039794921875
sample_000158_0060,000158,val,60,120,118,0,73,71,73,71,True,0,0.30753785371780396,0.05867089331150055,2319,0.008846282958984375
sample_000019_0046,000019,val,46,69,178,0,75,74,75,74,True,0,0.3144737482070923,0.13707014918327332,7418,0.02829742431640625
sample_000019_0040,000019,val,40,69,71,0,76,75,76,75,True,0,0.3226734697818756,0.07538653910160065,1987,0.007579803466796875
sample_000117_0096,000117,val,96,174,111,0,77,70,77,70,True,0,0.3097003996372223,0.12381575256586075,2737,0.010440826416015625
sample_000117_0084,000117,val,84,139,221,0,78,76,78,76,True,0,0.23258377611637115,0.1863861232995987,5352,0.020416259765625
sample_000006_0065,000006,val,65,109,182,36,80,83,80,83,True,0,0.33928075432777405,0.10880298167467117,2749,0.010486602783203125
sample_000120_0086,000120,val,86,142,265,0,81,81,81,81,True,0,0.2704240679740906,0.213039368391037,3386,0.01291656494140625
sample_000155_0040,000155,val,40,71,76,0,82,87,82,87,True,0,0.40790224075317383,0.062212809920310974,2236,0.0085296630859375
sample_000166_0011,000166,val,11,0,199,28,83,78,83,78,True,0,0.2763197422027588,0.16714239120483398,3622,0.01381683349609375
sample_000040_0066,000040,val,66,118,224,0,85,90,85,90,True,0,0.28114771842956543,0.21288985013961792,13997,0.053394317626953125
sample_000115_0083,000115,val,83,138,181,36,86,88,86,88,True,0,0.3774983882904053,0.1099730134010315,2668,0.0101776123046875
sample_000140_0009,000140,val,9,0,147,28,87,87,87,87,True,0,0.20163452625274658,0.16076989471912384,3208,0.012237548828125
sample_000149_0047,000149,val,47,72,184,28,88,80,88,80,True,0,0.2523527145385742,0.07620823383331299,6721,0.025638580322265625
sample_000019_0064,000019,val,64,104,178,0,90,92,90,92,True,0,0.30761420726776123,0.17235255241394043,13118,0.05004119873046875
sample_000120_0078,000120,val,78,142,114,0,91,85,91,85,True,0,0.4079751968383789,0.10776319354772568,4580,0.0174713134765625
sample_000040_0030,000040,val,30,39,224,0,93,95,93,95,True,0,0.2882270812988281,0.14929170906543732,4520,0.017242431640625
sample_000051_0009,000051,val,9,0,148,36,95,86,95,86,True,0,0.24628421664237976,0.16256386041641235,3225,0.012302398681640625
sample_000046_0051,000046,val,51,77,246,36,97,88,97,88,True,0,0.3052072525024414,0.1107013002038002,2315,0.008831024169921875
sample_000084_0084,000084,val,84,140,220,0,98,108,98,108,True,0,0.23932680487632751,0.17331139743328094,7915,0.030193328857421875
sample_000019_0068,000019,val,68,104,248,0,100,111,100,111,True,0,0.2253430336713791,0.16362164914608002,2900,0.0110626220703125
sample_000155_0009,000155,val,9,0,152,28,101,98,101,98,True,0,0.2982959747314453,0.1699388325214386,4796,0.0182952880859375
sample_000012_0075,000012,val,75,112,260,36,104,120,104,120,True,0,0.3607930839061737,0.11308333277702332,5220,0.0199127197265625
sample_000115_0066,000115,val,66,104,218,0,106,115,106,115,True,0,0.3160441219806671,0.20502252876758575,8382,0.03197479248046875
sample_000147_0008,000147,val,8,0,144,0,109,121,109,121,True,0,0.30593588948249817,0.1726517528295517,5653,0.021564483642578125
sample_000001_0035,000001,val,35,38,250,36,112,121,112,121,True,0,0.34316253662109375,0.09651674330234528,4605,0.017566680908203125
sample_000080_0119,000080,val,119,206,197,36,114,114,114,114,True,0,0.3038374185562134,0.2131572663784027,5058,0.01929473876953125
sample_000147_0119,000147,val,119,213,179,28,117,123,117,123,True,0,0.2200649231672287,0.1827419549226761,5674,0.02164459228515625
sample_000120_0030,000120,val,30,36,227,0,120,129,120,129,True,0,0.3320995569229126,0.19089658558368683,5108,0.0194854736328125
sample_000076_0077,000076,val,77,108,294,36,124,129,124,129,True,0,0.4553682208061218,0.09211835265159607,5472,0.0208740234375
sample_000023_0028,000023,val,28,36,182,0,127,142,127,142,True,0,0.3393738865852356,0.10661927610635757,5335,0.020351409912109375
sample_000163_0102,000163,val,102,193,232,0,129,141,129,141,True,0,0.33037763833999634,0.12888272106647491,4685,0.017871856689453125
sample_000149_0066,000149,val,66,108,220,0,133,154,133,154,True,0,0.15274202823638916,0.1360103189945221,8523,0.032512664794921875
sample_000155_0060,000155,val,60,106,114,0,137,148,137,148,True,0,0.355193555355072,0.08085648715496063,3668,0.0139923095703125
sample_000086_0087,000086,val,87,137,274,36,142,148,142,148,True,0,0.31917718052864075,0.13471437990665436,3421,0.013050079345703125
sample_000023_0011,000023,val,11,0,182,36,147,146,147,146,True,0,0.19338874518871307,0.1844608634710312,4327,0.016506195068359375
sample_000084_0087,000084,val,87,140,257,36,155,164,155,164,True,0,0.3015122711658478,0.1072358712553978,5823,0.022212982177734375
sample_000120_0087,000120,val,87,142,265,36,166,171,166,171,True,0,0.4259500503540039,0.0905240997672081,5792,0.0220947265625
sample_000076_0131,000076,val,131,216,184,36,192,204,192,204,True,0,0.3601984977722168,0.20467835664749146,5945,0.022678375244140625
