index,dataset,modality,split,subject,image,label,shape_x,shape_y,shape_z,spacing_x,spacing_y,spacing_z
0,ixi,mra,train,IXI013-HH-1212-MRA_IXI-HH,/lustre/fsn1/projects/rech/vnc/upz25mj/datasets/IXI/imagesTr/IXI013-HH-1212-MRA_IXI-HH.nii.gz,/lustre/fsn1/projects/rech/vnc/upz25mj/datasets/IXI/labelsTr/IXI013-HH-1212-MRA_IXI-HH.nii.gz,282,388,100,0.46874998,0.46874999,0.79999996
1,ixi,mra,train,IXI033-HH-1259-MRA_IXI-HH,/lustre/fsn1/projects/rech/vnc/upz25mj/datasets/IXI/imagesTr/IXI033-HH-1259-MRA_IXI-HH.nii.gz,/lustre/fsn1/projects/rech/vnc/upz25mj/datasets/IXI/labelsTr/IXI033-HH-1259-MRA_IXI-HH.nii.gz,290,385,100,0.46875002,0.46875001,0.80000001
2,ixi,mra,train,IXI034-HH-1260-MRA_IXI-HH,/lustre/fsn1/projects/rech/vnc/upz25mj/datasets/IXI/imagesTr/IXI034-HH-1260-MRA_IXI-HH.nii.gz,/lustre/fsn1/projects/rech/vnc/upz25mj/datasets/IXI/labelsTr/IXI034-HH-1260-MRA_IXI-HH.nii.gz,282,384,100,0.46874998,0.46875,0.8
3,ixi,mra,train,IXI035-IOP-0873-MRA_IXI-IOP,/lustre/fsn1/projects/rech/vnc/upz25mj/datasets/IXI/imagesTr/IXI035-IOP-0873-MRA_IXI-IOP.nii.gz,/lustre/fsn1/projects/rech/vnc/upz25mj/datasets/IXI/labelsTr/IXI035-IOP-0873-MRA_IXI-IOP.nii.gz,302,381,92,0.46000001,0.46000002,0.80000002
4,ixi,mra,train,IXI039-HH-1261-MRA_IXI-HH,/lustre/fsn1/projects/rech/vnc/upz25mj/datasets/IXI/imagesTr/IXI039-HH-1261-MRA_IXI-HH.nii.gz,/lustre/fsn1/projects/rech/vnc/upz25mj/datasets/IXI/labelsTr/IXI039-HH-1261-MRA_IXI-HH.nii.gz,291,413,100,0.46875002,0.46874999,0.8
5,ixi,mra,train,IXI041-Guys-0706-MRA_IXI-Guys,/lustre/fsn1/projects/rech/vnc/upz25mj/datasets/IXI/imagesTr/IXI041-Guys-0706-MRA_IXI-Guys.nii.gz,/lustre/fsn1/projects/rech/vnc/upz25mj/datasets/IXI/labelsTr/IXI041-Guys-0706-MRA_IXI-Guys.nii.gz,300,374,100,0.46875009,0.46875003,0.80000001
6,ixi,mra,train,IXI043-Guys-0714-MRA_IXI-Guys,/lustre/fsn1/projects/rech/vnc/upz25mj/datasets/IXI/imagesTr/IXI043-Guys-0714-MRA_IXI-Guys.nii.gz,/lustre/fsn1/projects/rech/vnc/upz25mj/datasets/IXI/labelsTr/IXI043-Guys-0714-MRA_IXI-Guys.nii.gz,282,355,100,0.46875003,0.46875003,0.80000001
7,ixi,mra,train,IXI046-Guys-0824-MRA_IXI-Guys,/lustre/fsn1/projects/rech/vnc/upz25mj/datasets/IXI/imagesTr/IXI046-Guys-0824-MRA_IXI-Guys.nii.gz,/lustre/fsn1/projects/rech/vnc/upz25mj/datasets/IXI/labelsTr/IXI046-Guys-0824-MRA_IXI-Guys.nii.gz,273,373,100,0.46875,0.46875,0.80000001
8,ixi,mra,train,IXI048-HH-1326-MRA_IXI-HH,/lustre/fsn1/projects/rech/vnc/upz25mj/datasets/IXI/imagesTr/IXI048-HH-1326-MRA_IXI-HH.nii.gz,/lustre/fsn1/projects/rech/vnc/upz25mj/datasets/IXI/labelsTr/IXI048-HH-1326-MRA_IXI-HH.nii.gz,289,395,100,0.46875,0.46875,0.80000001
9,ixi,mra,train,IXI050-Guys-0711-MRA_IXI-Guys,/lustre/fsn1/projects/rech/vnc/upz25mj/datasets/IXI/imagesTr/IXI050-Guys-0711-MRA_IXI-Guys.nii.gz,/lustre/fsn1/projects/rech/vnc/upz25mj/datasets/IXI/labelsTr/IXI050-Guys-0711-MRA_IXI-Guys.nii.gz,306,381,100,0.46875009,0.46874997,0.80000001
10,ixi,mra,train,IXI054-Guys-0707-MRA_IXI-Guys,/lustre/fsn1/projects/rech/vnc/upz25mj/datasets/IXI/imagesTr/IXI054-Guys-0707-MRA_IXI-Guys.nii.gz,/lustre/fsn1/projects/rech/vnc/upz25mj/datasets/IXI/labelsTr/IXI054-Guys-0707-MRA_IXI-Guys.nii.gz,277,360,100,0.46875012,0.46874997,0.80000001
11,ixi,mra,train,IXI055-Guys-0730-MRA_IXI-Guys,/lustre/fsn1/projects/rech/vnc/upz25mj/datasets/IXI/imagesTr/IXI055-Guys-0730-MRA_IXI-Guys.nii.gz,/lustre/fsn1/projects/rech/vnc/upz25mj/datasets/IXI/labelsTr/IXI055-Guys-0730-MRA_IXI-Guys.nii.gz,293,337,100,0.4882808,0.48828098,0.80000001
12,ixi,mra,train,IXI058-Guys-0726-MRA_IXI-Guys,/lustre/fsn1/projects/rech/vnc/upz25mj/datasets/IXI/imagesTr/IXI058-Guys-0726-MRA_IXI-Guys.nii.gz,/lustre/fsn1/projects/rech/vnc/upz25mj/datasets/IXI/labelsTr/IXI058-Guys-0726-MRA_IXI-Guys.nii.gz,288,398,100,0.46874985,0.46874985,0.80000001
13,ixi,mra,train,IXI060-Guys-0709-MRA_IXI-Guys,/lustre/fsn1/projects/rech/vnc/upz25mj/datasets/IXI/imagesTr/IXI060-Guys-0709-MRA_IXI-Guys.nii.gz,/lustre/fsn1/projects/rech/vnc/upz25mj/datasets/IXI/labelsTr/IXI060-Guys-0709-MRA_IXI-Guys.nii.gz,298,387,100,0.46875006,0.46875009,0.80000001
14,ixi,mra,train,IXI062-Guys-0740-MRA_IXI-Guys,/lustre/fsn1/projects/rech/vnc/upz25mj/datasets/IXI/imagesTr/IXI062-Guys-0740-MRA_IXI-Guys.nii.gz,/lustre/fsn1/projects/rech/vnc/upz25mj/datasets/IXI/labelsTr/IXI062-Guys-0740-MRA_IXI-Guys.nii.gz,300,386,100,0.46875009,0.46875,0.80000001
15,ixi,mra,train,IXI064-Guys-0743-MRA_IXI-Guys,/lustre/fsn1/projects/rech/vnc/upz25mj/datasets/IXI/imagesTr/IXI064-Guys-0743-MRA_IXI-Guys.nii.gz,/lustre/fsn1/projects/rech/vnc/upz25mj/datasets/IXI/labelsTr/IXI064-Guys-0743-MRA_IXI-Guys.nii.gz,299,385,100,0.46874997,0.46875009,0.80000001
16,ixi,mra,train,IXI065-Guys-0744-MRA_IXI-Guys,/lustre/fsn1/projects/rech/vnc/upz25mj/datasets/IXI/imagesTr/IXI065-Guys-0744-MRA_IXI-Guys.nii.gz,/lustre/fsn1/projects/rech/vnc/upz25mj/datasets/IXI/labelsTr/IXI065-Guys-0744-MRA_IXI-Guys.nii.gz,293,375,100,0.46875009,0.46875021,0.80000001
17,ixi,mra,train,IXI066-Guys-0731-MRA_IXI-Guys,/lustre/fsn1/projects/rech/vnc/upz25mj/datasets/IXI/imagesTr/IXI066-Guys-0731-MRA_IXI-Guys.nii.gz,/lustre/fsn1/projects/rech/vnc/upz25mj/datasets/IXI/labelsTr/IXI066-Guys-0731-MRA_IXI-Guys.nii.gz,264,344,100,0.48828077,0.48828104,0.80000001
18,ixi,mra,train,IXI068-Guys-0756-MRA_IXI-Guys,/lustre/fsn1/projects/rech/vnc/upz25mj/datasets/IXI/imagesTr/IXI068-Guys-0756-MRA_IXI-Guys.nii.gz,/lustre/fsn1/projects/rech/vnc/upz25mj/datasets/IXI/labelsTr/IXI068-Guys-0756-MRA_IXI-Guys.nii.gz,279,372,100,0.46874997,0.46874997,0.80000001
19,ixi,mra,train,IXI069-Guys-0769-MRA_IXI-Guys,/lustre/fsn1/projects/rech/vnc/upz25mj/datasets/IXI/imagesTr/IXI069-Guys-0769-MRA_IXI-Guys.nii.gz,/lustre/fsn1/projects/rech/vnc/upz25mj/datasets/IXI/labelsTr/IXI069-Guys-0769-MRA_IXI-Guys.nii.gz,272,348,100,0.46874991,0.46875018,0.80000001
20,ixi,mra,train,IXI070-Guys-0767-MRA_IXI-Guys,/lustre/fsn1/projects/rech/vnc/upz25mj/datasets/IXI/imagesTr/IXI070-Guys-0767-MRA_IXI-Guys.nii.gz,/lustre/fsn1/projects/rech/vnc/upz25mj/datasets/IXI/labelsTr/IXI070-Guys-0767-MRA_IXI-Guys.nii.gz,280,377,100,0.46874991,0.46875015,0.80000001
21,ixi,mra,train,IXI071-Guys-0770-MRA_IXI-Guys,/lustre/fsn1/projects/rech/vnc/upz25mj/datasets/IXI/imagesTr/IXI071-Guys-0770-MRA_IXI-Guys.nii.gz,/lustre/fsn1/projects/rech/vnc/upz25mj/datasets/IXI/labelsTr/IXI071-Guys-0770-MRA_IXI-Guys.nii.gz,272,348,100,0.46875018,0.46875006,0.80000001
22,ixi,mra,train,IXI073-Guys-0755-MRA_IXI-Guys,/lustre/fsn1/projects/rech/vnc/upz25mj/datasets/IXI/imagesTr/IXI073-Guys-0755-MRA_IXI-Guys.nii.gz,/lustre/fsn1/projects/rech/vnc/upz25mj/datasets/IXI/labelsTr/IXI073-Guys-0755-MRA_IXI-Guys.nii.gz,282,333,100,0.46874985,0.46875018,0.80000001
23,ixi,mra,train,IXI074-Guys-0771-MRA_IXI-Guys,/lustre/fsn1/projects/rech/vnc/upz25mj/datasets/IXI/imagesTr/IXI074-Guys-0771-MRA_IXI-Guys.nii.gz,/lustre/fsn1/projects/rech/vnc/upz25mj/datasets/IXI/labelsTr/IXI074-Guys-0771-MRA_IXI-Guys.nii.gz,279,356,100,0.46874982,0.46874994,0.80000001
24,ixi,mra,train,IXI076-Guys-0753-MRA_IXI-Guys,/lustre/fsn1/projects/rech/vnc/upz25mj/datasets/IXI/imagesTr/IXI076-Guys-0753-MRA_IXI-Guys.nii.gz,/lustre/fsn1/projects/rech/vnc/upz25mj/datasets/IXI/labelsTr/IXI076-Guys-0753-MRA_IXI-Guys.nii.gz,289,372,100,0.46874994,0.46875,0.80000001
25,ixi,mra,train,IXI077-Guys-0752-MRA_IXI-Guys,/lustre/fsn1/projects/rech/vnc/upz25mj/datasets/IXI/imagesTr/IXI077-Guys-0752-MRA_IXI-Guys.nii.gz,/lustre/fsn1/projects/rech/vnc/upz25mj/datasets/IXI/labelsTr/IXI077-Guys-0752-MRA_IXI-Guys.nii.gz,264,343,100,0.48828101,0.48828089,0.80000001
26,ixi,mra,train,IXI078-Guys-0751-MRA_IXI-Guys,/lustre/fsn1/projects/rech/vnc/upz25mj/datasets/IXI/imagesTr/IXI078-Guys-0751-MRA_IXI-Guys.nii.gz,/lustre/fsn1/projects/rech/vnc/upz25mj/datasets/IXI/labelsTr/IXI078-Guys-0751-MRA_IXI-Guys.nii.gz,283,391,100,0.46874985,0.46875003,0.80000001
27,ixi,mra,train,IXI083-HH-1357-MRA_IXI-HH,/lustre/fsn1/projects/rech/vnc/upz25mj/datasets/IXI/imagesTr/IXI083-HH-1357-MRA_IXI-HH.nii.gz,/lustre/fsn1/projects/rech/vnc/upz25mj/datasets/IXI/labelsTr/IXI083-HH-1357-MRA_IXI-HH.nii.gz,301,375,100,0.46875,0.46875,0.80000001
28,ixi,mra,train,IXI084-Guys-0741-MRA_IXI-Guys,/lustre/fsn1/projects/rech/vnc/upz25mj/datasets/IXI/imagesTr/IXI084-Guys-0741-MRA_IXI-Guys.nii.gz,/lustre/fsn1/projects/rech/vnc/upz25mj/datasets/IXI/labelsTr/IXI084-Guys-0741-MRA_IXI-Guys.nii.gz,287,353,100,0.46874994,0.46874997,0.80000001
29,ixi,mra,train,IXI085-Guys-0759-MRA_IXI-Guys,/lustre/fsn1/projects/rech/vnc/upz25mj/datasets/IXI/imagesTr/IXI085-Guys-0759-MRA_IXI-Guys.nii.gz,/lustre/fsn1/projects/rech/vnc/upz25mj/datasets/IXI/labelsTr/IXI085-Guys-0759-MRA_IXI-Guys.nii.gz,309,343,100,0.46875009,0.46874994,0.80000001
30,ixi,mra,train,IXI086-Guys-0728-MRA_IXI-Guys,/lustre/fsn1/projects/rech/vnc/upz25mj/datasets/IXI/imagesTr/IXI086-Guys-0728-MRA_IXI-Guys.nii.gz,/lustre/fsn1/projects/rech/vnc/upz25mj/datasets/IXI/labelsTr/IXI086-Guys-0728-MRA_IXI-Guys.nii.gz,301,385,100,0.46874994,0.46874985,0.80000001
31,ixi,mra,train,IXI087-Guys-0768-MRA_IXI-Guys,/lustre/fsn1/projects/rech/vnc/upz25mj/datasets/IXI/imagesTr/IXI087-Guys-0768-MRA_IXI-Guys.nii.gz,/lustre/fsn1/projects/rech/vnc/upz25mj/datasets/IXI/labelsTr/IXI087-Guys-0768-MRA_IXI-Guys.nii.gz,273,376,100,0.46875009,0.46875006,0.80000001
32,ixi,mra,train,IXI091-Guys-0762-MRA_IXI-Guys,/lustre/fsn1/projects/rech/vnc/upz25mj/datasets/IXI/imagesTr/IXI091-Guys-0762-MRA_IXI-Guys.nii.gz,/lustre/fsn1/projects/rech/vnc/upz25mj/datasets/IXI/labelsTr/IXI091-Guys-0762-MRA_IXI-Guys.nii.gz,302,390,100,0.46874988,0.46874997,0.80000001
33,ixi,mra,train,IXI092-HH-1436-MRA_IXI-HH,/lustre/fsn1/projects/rech/vnc/upz25mj/datasets/IXI/imagesTr/IXI092-HH-1436-MRA_IXI-HH.nii.gz,/lustre/fsn1/projects/rech/vnc/upz25mj/datasets/IXI/labelsTr/IXI092-HH-1436-MRA_IXI-HH.nii.gz,298,394,100,0.46875,0.46875,0.80000001
34,ixi,mra,train,IXI093-HH-1359-MRA_IXI-HH,/lustre/fsn1/projects/rech/vnc/upz25mj/datasets/IXI/imagesTr/IXI093-HH-1359-MRA_IXI-HH.nii.gz,/lustre/fsn1/projects/rech/vnc/upz25mj/datasets/IXI/labelsTr/IXI093-HH-1359-MRA_IXI-HH.nii.gz,281,376,100,0.46875,0.46875,0.80000001
35,ixi,mra,train,IXI094-HH-1355-MRA_IXI-HH,/lustre/fsn1/projects/rech/vnc/upz25mj/datasets/IXI/imagesTr/IXI094-HH-1355-MRA_IXI-HH.nii.gz,/lustre/fsn1/projects/rech/vnc/upz25mj/datasets/IXI/labelsTr/IXI094-HH-1355-MRA_IXI-HH.nii.gz,286,390,100,0.46875,0.46875,0.80000001
36,ixi,mra,train,IXI095-HH-1390-MRA_IXI-HH,/lustre/fsn1/projects/rech/vnc/upz25mj/datasets/IXI/imagesTr/IXI095-HH-1390-MRA_IXI-HH.nii.gz,/lustre/fsn1/projects/rech/vnc/upz25mj/datasets/IXI/labelsTr/IXI095-HH-1390-MRA_IXI-HH.nii.gz,280,382,100,0.46875,0.46875,0.80000001
37,ixi,mra,train,IXI096-HH-1391-MRA_IXI-HH,/lustre/fsn1/projects/rech/vnc/upz25mj/datasets/IXI/imagesTr/IXI096-HH-1391-MRA_IXI-HH.nii.gz,/lustre/fsn1/projects/rech/vnc/upz25mj/datasets/IXI/labelsTr/IXI096-HH-1391-MRA_IXI-HH.nii.gz,310,385,100,0.46875,0.46875,0.80000001
38,ixi,mra,train,IXI097-HH-1619-MRA_IXI-HH,/lustre/fsn1/projects/rech/vnc/upz25mj/datasets/IXI/imagesTr/IXI097-HH-1619-MRA_IXI-HH.nii.gz,/lustre/fsn1/projects/rech/vnc/upz25mj/datasets/IXI/labelsTr/IXI097-HH-1619-MRA_IXI-HH.nii.gz,277,381,100,0.46875,0.46875,0.80000001
39,ixi,mra,train,IXI099-Guys-0748-MRA_IXI-Guys,/lustre/fsn1/projects/rech/vnc/upz25mj/datasets/IXI/imagesTr/IXI099-Guys-0748-MRA_IXI-Guys.nii.gz,/lustre/fsn1/projects/rech/vnc/upz25mj/datasets/IXI/labelsTr/IXI099-Guys-0748-MRA_IXI-Guys.nii.gz,308,392,100,0.46875015,0.46875021,0.80000001
40,ixi,mra,train,IXI100-Guys-0747-MRA_IXI-Guys,/lustre/fsn1/projects/rech/vnc/upz25mj/datasets/IXI/imagesTr/IXI100-Guys-0747-MRA_IXI-Guys.nii.gz,/lustre/fsn1/projects/rech/vnc/upz25mj/datasets/IXI/labelsTr/IXI100-Guys-0747-MRA_IXI-Guys.nii.gz,299,363,100,0.46875003,0.46874985,0.80000001
41,ixi,mra,train,IXI102-HH-1416-MRA_IXI-HH,/lustre/fsn1/projects/rech/vnc/upz25mj/datasets/IXI/imagesTr/IXI102-HH-1416-MRA_IXI-HH.nii.gz,/lustre/fsn1/projects/rech/vnc/upz25mj/datasets/IXI/labelsTr/IXI102-HH-1416-MRA_IXI-HH.nii.gz,275,393,100,0.46875,0.46875,0.80000001
42,ixi,mra,train,IXI103-Guys-0750-MRA_IXI-Guys,/lustre/fsn1/projects/rech/vnc/upz25mj/datasets/IXI/imagesTr/IXI103-Guys-0750-MRA_IXI-Guys.nii.gz,/lustre/fsn1/projects/rech/vnc/upz25mj/datasets/IXI/labelsTr/IXI103-Guys-0750-MRA_IXI-Guys.nii.gz,281,364,100,0.48828077,0.48828074,0.80000001
43,ixi,mra,train,IXI104-HH-1450-MRA_IXI-HH,/lustre/fsn1/projects/rech/vnc/upz25mj/datasets/IXI/imagesTr/IXI104-HH-1450-MRA_IXI-HH.nii.gz,/lustre/fsn1/projects/rech/vnc/upz25mj/datasets/IXI/labelsTr/IXI104-HH-1450-MRA_IXI-HH.nii.gz,298,339,100,0.46875,0.46875,0.80000001
44,ixi,mra,train,IXI105-HH-1471-MRA_IXI-HH,/lustre/fsn1/projects/rech/vnc/upz25mj/datasets/IXI/imagesTr/IXI105-HH-1471-MRA_IXI-HH.nii.gz,/lustre/fsn1/projects/rech/vnc/upz25mj/datasets/IXI/labelsTr/IXI105-HH-1471-MRA_IXI-HH.nii.gz,294,374,100,0.46875,0.46875,0.80000001
45,ixi,mra,train,IXI106-Guys-0760-MRA_IXI-Guys,/lustre/fsn1/projects/rech/vnc/upz25mj/datasets/IXI/imagesTr/IXI106-Guys-0760-MRA_IXI-Guys.nii.gz,/lustre/fsn1/projects/rech/vnc/upz25mj/datasets/IXI/labelsTr/IXI106-Guys-0760-MRA_IXI-Guys.nii.gz,299,398,100,0.46875012,0.46874979,0.80000001
46,ixi,mra,train,IXI107-Guys-0761-MRA_IXI-Guys,/lustre/fsn1/projects/rech/vnc/upz25mj/datasets/IXI/imagesTr/IXI107-Guys-0761-MRA_IXI-Guys.nii.gz,/lustre/fsn1/projects/rech/vnc/upz25mj/datasets/IXI/labelsTr/IXI107-Guys-0761-MRA_IXI-Guys.nii.gz,295,345,100,0.46874991,0.46875009,0.80000001
47,ixi,mra,train,IXI111-Guys-0734-MRA_IXI-Guys,/lustre/fsn1/projects/rech/vnc/upz25mj/datasets/IXI/imagesTr/IXI111-Guys-0734-MRA_IXI-Guys.nii.gz,/lustre/fsn1/projects/rech/vnc/upz25mj/datasets/IXI/labelsTr/IXI111-Guys-0734-MRA_IXI-Guys.nii.gz,311,353,100,0.46874991,0.46875006,0.80000001
48,ixi,mra,train,IXI112-Guys-0735-MRA_IXI-Guys,/lustre/fsn1/projects/rech/vnc/upz25mj/datasets/IXI/imagesTr/IXI112-Guys-0735-MRA_IXI-Guys.nii.gz,/lustre/fsn1/projects/rech/vnc/upz25mj/datasets/IXI/labelsTr/IXI112-Guys-0735-MRA_IXI-Guys.nii.gz,312,353,100,0.46874997,0.46875,0.80000001
49,ixi,mra,train,IXI113-Guys-0776-MRA_IXI-Guys,/lustre/fsn1/projects/rech/vnc/upz25mj/datasets/IXI/imagesTr/IXI113-Guys-0776-MRA_IXI-Guys.nii.gz,/lustre/fsn1/projects/rech/vnc/upz25mj/datasets/IXI/labelsTr/IXI113-Guys-0776-MRA_IXI-Guys.nii.gz,269,356,100,0.46874997,0.46874994,0.80000001
50,ixi,mra,train,IXI119-Guys-0765-MRA_IXI-Guys,/lustre/fsn1/projects/rech/vnc/upz25mj/datasets/IXI/imagesTr/IXI119-Guys-0765-MRA_IXI-Guys.nii.gz,/lustre/fsn1/projects/rech/vnc/upz25mj/datasets/IXI/labelsTr/IXI119-Guys-0765-MRA_IXI-Guys.nii.gz,269,335,100,0.46875009,0.46875024,0.80000001
51,ixi,mra,train,IXI121-Guys-0772-MRA_IXI-Guys,/lustre/fsn1/projects/rech/vnc/upz25mj/datasets/IXI/imagesTr/IXI121-Guys-0772-MRA_IXI-Guys.nii.gz,/lustre/fsn1/projects/rech/vnc/upz25mj/datasets/IXI/labelsTr/IXI121-Guys-0772-MRA_IXI-Guys.nii.gz,302,360,100,0.46874982,0.46874982,0.80000001
52,ixi,mra,train,IXI122-Guys-0773-MRA_IXI-Guys,/lustre/fsn1/projects/rech/vnc/upz25mj/datasets/IXI/imagesTr/IXI122-Guys-0773-MRA_IXI-Guys.nii.gz,/lustre/fsn1/projects/rech/vnc/upz25mj/datasets/IXI/labelsTr/IXI122-Guys-0773-MRA_IXI-Guys.nii.gz,296,368,100,0.46874994,0.46874994,0.80000001
53,ixi,mra,train,IXI123-Guys-0774-MRA_IXI-Guys,/lustre/fsn1/projects/rech/vnc/upz25mj/datasets/IXI/imagesTr/IXI123-Guys-0774-MRA_IXI-Guys.nii.gz,/lustre/fsn1/projects/rech/vnc/upz25mj/datasets/IXI/labelsTr/IXI123-Guys-0774-MRA_IXI-Guys.nii.gz,282,351,100,0.46874976,0.46874988,0.80000001
54,ixi,mra,train,IXI127-HH-1451-MRA_IXI-HH,/lustre/fsn1/projects/rech/vnc/upz25mj/datasets/IXI/imagesTr/IXI127-HH-1451-MRA_IXI-HH.nii.gz,/lustre/fsn1/projects/rech/vnc/upz25mj/datasets/IXI/labelsTr/IXI127-HH-1451-MRA_IXI-HH.nii.gz,270,378,100,0.46875,0.46875,0.80000001
55,ixi,mra,train,IXI128-HH-1470-MRA_IXI-HH,/lustre/fsn1/projects/rech/vnc/upz25mj/datasets/IXI/imagesTr/IXI128-HH-1470-MRA_IXI-HH.nii.gz,/lustre/fsn1/projects/rech/vnc/upz25mj/datasets/IXI/labelsTr/IXI128-HH-1470-MRA_IXI-HH.nii.gz,275,380,100,0.46875,0.46875,0.80000001
56,ixi,mra,train,IXI129-Guys-0775-MRA_IXI-Guys,/lustre/fsn1/projects/rech/vnc/upz25mj/datasets/IXI/imagesTr/IXI129-Guys-0775-MRA_IXI-Guys.nii.gz,/lustre/fsn1/projects/rech/vnc/upz25mj/datasets/IXI/labelsTr/IXI129-Guys-0775-MRA_IXI-Guys.nii.gz,286,405,100,0.46874991,0.46874979,0.80000001
57,ixi,mra,train,IXI130-HH-1528-MRA_IXI-HH,/lustre/fsn1/projects/rech/vnc/upz25mj/datasets/IXI/imagesTr/IXI130-HH-1528-MRA_IXI-HH.nii.gz,/lustre/fsn1/projects/rech/vnc/upz25mj/datasets/IXI/labelsTr/IXI130-HH-1528-MRA_IXI-HH.nii.gz,292,396,100,0.46875,0.46875,0.80000001
58,ixi,mra,train,IXI131-HH-1527-MRA_IXI-HH,/lustre/fsn1/projects/rech/vnc/upz25mj/datasets/IXI/imagesTr/IXI131-HH-1527-MRA_IXI-HH.nii.gz,/lustre/fsn1/projects/rech/vnc/upz25mj/datasets/IXI/labelsTr/IXI131-HH-1527-MRA_IXI-HH.nii.gz,307,383,100,0.46875,0.46875,0.80000001
59,ixi,mra,train,IXI132-HH-1415-MRA_IXI-HH,/lustre/fsn1/projects/rech/vnc/upz25mj/datasets/IXI/imagesTr/IXI132-HH-1415-MRA_IXI-HH.nii.gz,/lustre/fsn1/projects/rech/vnc/upz25mj/datasets/IXI/labelsTr/IXI132-HH-1415-MRA_IXI-HH.nii.gz,284,375,100,0.46875,0.46875,0.80000001
60,ixi,mra,train,IXI135-Guys-0779-MRA_IXI-Guys,/lustre/fsn1/projects/rech/vnc/upz25mj/datasets/IXI/imagesTr/IXI135-Guys-0779-MRA_IXI-Guys.nii.gz,/lustre/fsn1/projects/rech/vnc/upz25mj/datasets/IXI/labelsTr/IXI135-Guys-0779-MRA_IXI-Guys.nii.gz,292,360,100,0.46874979,0.46875006,0.80000001
61,ixi,mra,train,IXI136-HH-1452-MRA_IXI-HH,/lustre/fsn1/projects/rech/vnc/upz25mj/datasets/IXI/imagesTr/IXI136-HH-1452-MRA_IXI-HH.nii.gz,/lustre/fsn1/projects/rech/vnc/upz25mj/datasets/IXI/labelsTr/IXI136-HH-1452-MRA_IXI-HH.nii.gz,304,375,100,0.46875,0.46875,0.80000001
62,ixi,mra,train,IXI137-HH-1472-MRA_IXI-HH,/lustre/fsn1/projects/rech/vnc/upz25mj/datasets/IXI/imagesTr/IXI137-HH-1472-MRA_IXI-HH.nii.gz,/lustre/fsn1/projects/rech/vnc/upz25mj/datasets/IXI/labelsTr/IXI137-HH-1472-MRA_IXI-HH.nii.gz,297,364,100,0.46875,0.46875,0.80000001
63,ixi,mra,train,IXI140-Guys-0787-MRA_IXI-Guys,/lustre/fsn1/projects/rech/vnc/upz25mj/datasets/IXI/imagesTr/IXI140-Guys-0787-MRA_IXI-Guys.nii.gz,/lustre/fsn1/projects/rech/vnc/upz25mj/datasets/IXI/labelsTr/IXI140-Guys-0787-MRA_IXI-Guys.nii.gz,278,353,100,0.46874991,0.46874979,0.80000001
64,ixi,mra,train,IXI144-Guys-0788-MRA_IXI-Guys,/lustre/fsn1/projects/rech/vnc/upz25mj/datasets/IXI/imagesTr/IXI144-Guys-0788-MRA_IXI-Guys.nii.gz,/lustre/fsn1/projects/rech/vnc/upz25mj/datasets/IXI/labelsTr/IXI144-Guys-0788-MRA_IXI-Guys.nii.gz,276,352,100,0.46875006,0.46874997,0.80000001
65,ixi,mra,train,IXI146-HH-1389-MRA_IXI-HH,/lustre/fsn1/projects/rech/vnc/upz25mj/datasets/IXI/imagesTr/IXI146-HH-1389-MRA_IXI-HH.nii.gz,/lustre/fsn1/projects/rech/vnc/upz25mj/datasets/IXI/labelsTr/IXI146-HH-1389-MRA_IXI-HH.nii.gz,299,372,100,0.46875,0.46875,0.80000001
66,ixi,mra,train,IXI148-HH-1453-MRA_IXI-HH,/lustre/fsn1/projects/rech/vnc/upz25mj/datasets/IXI/imagesTr/IXI148-HH-1453-MRA_IXI-HH.nii.gz,/lustre/fsn1/projects/rech/vnc/upz25mj/datasets/IXI/labelsTr/IXI148-HH-1453-MRA_IXI-HH.nii.gz,305,379,100,0.46875,0.46875,0.80000001
67,ixi,mra,train,IXI150-HH-1550-MRA_IXI-HH,/lustre/fsn1/projects/rech/vnc/upz25mj/datasets/IXI/imagesTr/IXI150-HH-1550-MRA_IXI-HH.nii.gz,/lustre/fsn1/projects/rech/vnc/upz25mj/datasets/IXI/labelsTr/IXI150-HH-1550-MRA_IXI-HH.nii.gz,277,336,100,0.46875,0.46875,0.80000001
68,ixi,mra,train,IXI156-Guys-0837-MRA_IXI-Guys,/lustre/fsn1/projects/rech/vnc/upz25mj/datasets/IXI/imagesTr/IXI156-Guys-0837-MRA_IXI-Guys.nii.gz,/lustre/fsn1/projects/rech/vnc/upz25mj/datasets/IXI/labelsTr/IXI156-Guys-0837-MRA_IXI-Guys.nii.gz,288,384,100,0.46875,0.46875,0.80000001
69,ixi,mra,train,IXI159-HH-1549-MRA_IXI-HH,/lustre/fsn1/projects/rech/vnc/upz25mj/datasets/IXI/imagesTr/IXI159-HH-1549-MRA_IXI-HH.nii.gz,/lustre/fsn1/projects/rech/vnc/upz25mj/datasets/IXI/labelsTr/IXI159-HH-1549-MRA_IXI-HH.nii.gz,276,364,100,0.46875,0.46875,0.80000001
70,ixi,mra,train,IXI160-HH-1637-MRA_IXI-HH,/lustre/fsn1/projects/rech/vnc/upz25mj/datasets/IXI/imagesTr/IXI160-HH-1637-MRA_IXI-HH.nii.gz,/lustre/fsn1/projects/rech/vnc/upz25mj/datasets/IXI/labelsTr/IXI160-HH-1637-MRA_IXI-HH.nii.gz,280,352,100,0.46875,0.46875,0.80000001
71,ixi,mra,train,IXI162-HH-1548-MRA_IXI-HH,/lustre/fsn1/projects/rech/vnc/upz25mj/datasets/IXI/imagesTr/IXI162-HH-1548-MRA_IXI-HH.nii.gz,/lustre/fsn1/projects/rech/vnc/upz25mj/datasets/IXI/labelsTr/IXI162-HH-1548-MRA_IXI-HH.nii.gz,299,358,100,0.46875,0.46875,0.80000001
72,ixi,mra,train,IXI163-HH-1621-MRA_IXI-HH,/lustre/fsn1/projects/rech/vnc/upz25mj/datasets/IXI/imagesTr/IXI163-HH-1621-MRA_IXI-HH.nii.gz,/lustre/fsn1/projects/rech/vnc/upz25mj/datasets/IXI/labelsTr/IXI163-HH-1621-MRA_IXI-HH.nii.gz,283,385,100,0.46875,0.46875,0.80000001
73,ixi,mra,train,IXI165-HH-1589-MRA_IXI-HH,/lustre/fsn1/projects/rech/vnc/upz25mj/datasets/IXI/imagesTr/IXI165-HH-1589-MRA_IXI-HH.nii.gz,/lustre/fsn1/projects/rech/vnc/upz25mj/datasets/IXI/labelsTr/IXI165-HH-1589-MRA_IXI-HH.nii.gz,299,398,100,0.46875,0.46875,0.80000001
74,ixi,mra,train,IXI166-Guys-0846-MRA_IXI-Guys,/lustre/fsn1/projects/rech/vnc/upz25mj/datasets/IXI/imagesTr/IXI166-Guys-0846-MRA_IXI-Guys.nii.gz,/lustre/fsn1/projects/rech/vnc/upz25mj/datasets/IXI/labelsTr/IXI166-Guys-0846-MRA_IXI-Guys.nii.gz,279,357,100,0.46875,0.46875,0.80000001
75,ixi,mra,train,IXI167-HH-1569-MRA_IXI-HH,/lustre/fsn1/projects/rech/vnc/upz25mj/datasets/IXI/imagesTr/IXI167-HH-1569-MRA_IXI-HH.nii.gz,/lustre/fsn1/projects/rech/vnc/upz25mj/datasets/IXI/labelsTr/IXI167-HH-1569-MRA_IXI-HH.nii.gz,289,396,100,0.46875,0.46875,0.80000001
76,ixi,mra,train,IXI168-HH-1607-MRA_IXI-HH,/lustre/fsn1/projects/rech/vnc/upz25mj/datasets/IXI/imagesTr/IXI168-HH-1607-MRA_IXI-HH.nii.gz,/lustre/fsn1/projects/rech/vnc/upz25mj/datasets/IXI/labelsTr/IXI168-HH-1607-MRA_IXI-HH.nii.gz,280,395,100,0.46875,0.46875,0.80000001
77,ixi,mra,train,IXI170-Guys-0843-MRA_IXI-Guys,/lustre/fsn1/projects/rech/vnc/upz25mj/datasets/IXI/imagesTr/IXI170-Guys-0843-MRA_IXI-Guys.nii.gz,/lustre/fsn1/projects/rech/vnc/upz25mj/datasets/IXI/labelsTr/IXI170-Guys-0843-MRA_IXI-Guys.nii.gz,271,366,100,0.46875,0.46875,0.80000001
78,ixi,mra,train,IXI173-HH-1590-MRA_IXI-HH,/lustre/fsn1/projects/rech/vnc/upz25mj/datasets/IXI/imagesTr/IXI173-HH-1590-MRA_IXI-HH.nii.gz,/lustre/fsn1/projects/rech/vnc/upz25mj/datasets/IXI/labelsTr/IXI173-HH-1590-MRA_IXI-HH.nii.gz,280,369,100,0.46875,0.46875,0.80000001
79,ixi,mra,train,IXI174-HH-1571-MRA_IXI-HH,/lustre/fsn1/projects/rech/vnc/upz25mj/datasets/IXI/imagesTr/IXI174-HH-1571-MRA_IXI-HH.nii.gz,/lustre/fsn1/projects/rech/vnc/upz25mj/datasets/IXI/labelsTr/IXI174-HH-1571-MRA_IXI-HH.nii.gz,278,333,100,0.46875,0.46875,0.80000001
80,ixi,mra,train,IXI176-HH-1604-MRA_IXI-HH,/lustre/fsn1/projects/rech/vnc/upz25mj/datasets/IXI/imagesTr/IXI176-HH-1604-MRA_IXI-HH.nii.gz,/lustre/fsn1/projects/rech/vnc/upz25mj/datasets/IXI/labelsTr/IXI176-HH-1604-MRA_IXI-HH.nii.gz,270,379,100,0.46875,0.46875,0.80000001
81,ixi,mra,train,IXI177-Guys-0831-MRA_IXI-Guys,/lustre/fsn1/projects/rech/vnc/upz25mj/datasets/IXI/imagesTr/IXI177-Guys-0831-MRA_IXI-Guys.nii.gz,/lustre/fsn1/projects/rech/vnc/upz25mj/datasets/IXI/labelsTr/IXI177-Guys-0831-MRA_IXI-Guys.nii.gz,295,384,100,0.46875,0.46875,0.80000001
82,ixi,mra,train,IXI179-Guys-0777-MRA_IXI-Guys,/lustre/fsn1/projects/rech/vnc/upz25mj/datasets/IXI/imagesTr/IXI179-Guys-0777-MRA_IXI-Guys.nii.gz,/lustre/fsn1/projects/rech/vnc/upz25mj/datasets/IXI/labelsTr/IXI179-Guys-0777-MRA_IXI-Guys.nii.gz,299,398,100,0.46874988,0.46875012,0.80000001
83,ixi,mra,train,IXI189-Guys-0799-MRA_IXI-Guys,/lustre/fsn1/projects/rech/vnc/upz25mj/datasets/IXI/imagesTr/IXI189-Guys-0799-MRA_IXI-Guys.nii.gz,/lustre/fsn1/projects/rech/vnc/upz25mj/datasets/IXI/labelsTr/IXI189-Guys-0799-MRA_IXI-Guys.nii.gz,291,346,100,0.46875,0.46875,0.80000001
84,ixi,mra,train,IXI194-Guys-0818-MRA_IXI-Guys,/lustre/fsn1/projects/rech/vnc/upz25mj/datasets/IXI/imagesTr/IXI194-Guys-0818-MRA_IXI-Guys.nii.gz,/lustre/fsn1/projects/rech/vnc/upz25mj/datasets/IXI/labelsTr/IXI194-Guys-0818-MRA_IXI-Guys.nii.gz,309,358,100,0.46875,0.46875,0.80000001
85,ixi,mra,train,IXI195-HH-1620-MRA_IXI-HH,/lustre/fsn1/projects/rech/vnc/upz25mj/datasets/IXI/imagesTr/IXI195-HH-1620-MRA_IXI-HH.nii.gz,/lustre/fsn1/projects/rech/vnc/upz25mj/datasets/IXI/labelsTr/IXI195-HH-1620-MRA_IXI-HH.nii.gz,295,394,100,0.46875,0.46875,0.80000001
86,ixi,mra,train,IXI196-Guys-0805-MRA_IXI-Guys,/lustre/fsn1/projects/rech/vnc/upz25mj/datasets/IXI/imagesTr/IXI196-Guys-0805-MRA_IXI-Guys.nii.gz,/lustre/fsn1/projects/rech/vnc/upz25mj/datasets/IXI/labelsTr/IXI196-Guys-0805-MRA_IXI-Guys.nii.gz,269,377,100,0.46875,0.46875,0.80000001
87,ixi,mra,train,IXI197-Guys-0811-MRA_IXI-Guys,/lustre/fsn1/projects/rech/vnc/upz25mj/datasets/IXI/imagesTr/IXI197-Guys-0811-MRA_IXI-Guys.nii.gz,/lustre/fsn1/projects/rech/vnc/upz25mj/datasets/IXI/labelsTr/IXI197-Guys-0811-MRA_IXI-Guys.nii.gz,275,356,100,0.46875,0.46875,0.80000001
88,ixi,mra,train,IXI201-HH-1588-MRA_IXI-HH,/lustre/fsn1/projects/rech/vnc/upz25mj/datasets/IXI/imagesTr/IXI201-HH-1588-MRA_IXI-HH.nii.gz,/lustre/fsn1/projects/rech/vnc/upz25mj/datasets/IXI/labelsTr/IXI201-HH-1588-MRA_IXI-HH.nii.gz,270,356,100,0.46875,0.46875,0.80000001
89,ixi,mra,train,IXI202-HH-1526-MRA_IXI-HH,/lustre/fsn1/projects/rech/vnc/upz25mj/datasets/IXI/imagesTr/IXI202-HH-1526-MRA_IXI-HH.nii.gz,/lustre/fsn1/projects/rech/vnc/upz25mj/datasets/IXI/labelsTr/IXI202-HH-1526-MRA_IXI-HH.nii.gz,288,346,100,0.46875,0.46875,0.80000001
90,ixi,mra,train,IXI205-HH-1649-MRA_IXI-HH,/lustre/fsn1/projects/rech/vnc/upz25mj/datasets/IXI/imagesTr/IXI205-HH-1649-MRA_IXI-HH.nii.gz,/lustre/fsn1/projects/rech/vnc/upz25mj/datasets/IXI/labelsTr/IXI205-HH-1649-MRA_IXI-HH.nii.gz,296,352,100,0.46875,0.46875,0.80000001
91,ixi,mra,train,IXI207-Guys-0809-MRA_IXI-Guys,/lustre/fsn1/projects/rech/vnc/upz25mj/datasets/IXI/imagesTr/IXI207-Guys-0809-MRA_IXI-Guys.nii.gz,/lustre/fsn1/projects/rech/vnc/upz25mj/datasets/IXI/labelsTr/IXI207-Guys-0809-MRA_IXI-Guys.nii.gz,294,358,100,0.46875,0.46875,0.80000001
92,ixi,mra,train,IXI214-HH-1636-MRA_IXI-HH,/lustre/fsn1/projects/rech/vnc/upz25mj/datasets/IXI/imagesTr/IXI214-HH-1636-MRA_IXI-HH.nii.gz,/lustre/fsn1/projects/rech/vnc/upz25mj/datasets/IXI/labelsTr/IXI214-HH-1636-MRA_IXI-HH.nii.gz,287,364,100,0.46875,0.46875,0.80000001
93,ixi,mra,train,IXI217-HH-1638-MRA_IXI-HH,/lustre/fsn1/projects/rech/vnc/upz25mj/datasets/IXI/imagesTr/IXI217-HH-1638-MRA_IXI-HH.nii.gz,/lustre/fsn1/projects/rech/vnc/upz25mj/datasets/IXI/labelsTr/IXI217-HH-1638-MRA_IXI-HH.nii.gz,296,363,100,0.46875,0.46875,0.80000001
94,ixi,mra,train,IXI218-HH-1815-MRA_IXI-HH,/lustre/fsn1/projects/rech/vnc/upz25mj/datasets/IXI/imagesTr/IXI218-HH-1815-MRA_IXI-HH.nii.gz,/lustre/fsn1/projects/rech/vnc/upz25mj/datasets/IXI/labelsTr/IXI218-HH-1815-MRA_IXI-HH.nii.gz,304,374,100,0.46875,0.46875,0.80000001
95,ixi,mra,train,IXI219-Guys-0894-MRA_IXI-Guys,/lustre/fsn1/projects/rech/vnc/upz25mj/datasets/IXI/imagesTr/IXI219-Guys-0894-MRA_IXI-Guys.nii.gz,/lustre/fsn1/projects/rech/vnc/upz25mj/datasets/IXI/labelsTr/IXI219-Guys-0894-MRA_IXI-Guys.nii.gz,292,364,100,0.46875,0.46875,0.80000001
96,ixi,mra,train,IXI222-Guys-0819-MRA_IXI-Guys,/lustre/fsn1/projects/rech/vnc/upz25mj/datasets/IXI/imagesTr/IXI222-Guys-0819-MRA_IXI-Guys.nii.gz,/lustre/fsn1/projects/rech/vnc/upz25mj/datasets/IXI/labelsTr/IXI222-Guys-0819-MRA_IXI-Guys.nii.gz,270,336,100,0.46875,0.46875,0.80000001
97,ixi,mra,train,IXI226-HH-1618-MRA_IXI-HH,/lustre/fsn1/projects/rech/vnc/upz25mj/datasets/IXI/imagesTr/IXI226-HH-1618-MRA_IXI-HH.nii.gz,/lustre/fsn1/projects/rech/vnc/upz25mj/datasets/IXI/labelsTr/IXI226-HH-1618-MRA_IXI-HH.nii.gz,279,380,100,0.46875,0.46875,0.80000001
98,ixi,mra,train,IXI234-IOP-0870-MRA_IXI-IOP,/lustre/fsn1/projects/rech/vnc/upz25mj/datasets/IXI/imagesTr/IXI234-IOP-0870-MRA_IXI-IOP.nii.gz,/lustre/fsn1/projects/rech/vnc/upz25mj/datasets/IXI/labelsTr/IXI234-IOP-0870-MRA_IXI-IOP.nii.gz,293,375,92,0.45999999,0.46,0.80000003
99,ixi,mra,train,IXI238-IOP-0883-MRA_IXI-IOP,/lustre/fsn1/projects/rech/vnc/upz25mj/datasets/IXI/imagesTr/IXI238-IOP-0883-MRA_IXI-IOP.nii.gz,/lustre/fsn1/projects/rech/vnc/upz25mj/datasets/IXI/labelsTr/IXI238-IOP-0883-MRA_IXI-IOP.nii.gz,294,361,92,0.46,0.46000001,0.80000003
100,ixi,mra,train,IXI239-HH-2296-MRA_IXI-HH,/lustre/fsn1/projects/rech/vnc/upz25mj/datasets/IXI/imagesTr/IXI239-HH-2296-MRA_IXI-HH.nii.gz,/lustre/fsn1/projects/rech/vnc/upz25mj/datasets/IXI/labelsTr/IXI239-HH-2296-MRA_IXI-HH.nii.gz,282,350,100,0.46875,0.46875,0.80000001
101,ixi,mra,train,IXI241-Guys-0833-MRA_IXI-Guys,/lustre/fsn1/projects/rech/vnc/upz25mj/datasets/IXI/imagesTr/IXI241-Guys-0833-MRA_IXI-Guys.nii.gz,/lustre/fsn1/projects/rech/vnc/upz25mj/datasets/IXI/labelsTr/IXI241-Guys-0833-MRA_IXI-Guys.nii.gz,295,385,100,0.46875,0.46875,0.80000001
102,ixi,mra,train,IXI242-HH-1722-MRA_IXI-HH,/lustre/fsn1/projects/rech/vnc/upz25mj/datasets/IXI/imagesTr/IXI242-HH-1722-MRA_IXI-HH.nii.gz,/lustre/fsn1/projects/rech/vnc/upz25mj/datasets/IXI/labelsTr/IXI242-HH-1722-MRA_IXI-HH.nii.gz,276,369,100,0.46875,0.46875,0.80000001
103,ixi,mra,train,IXI246-Guys-0840-MRA_IXI-Guys,/lustre/fsn1/projects/rech/vnc/upz25mj/datasets/IXI/imagesTr/IXI246-Guys-0840-MRA_IXI-Guys.nii.gz,/lustre/fsn1/projects/rech/vnc/upz25mj/datasets/IXI/labelsTr/IXI246-Guys-0840-MRA_IXI-Guys.nii.gz,270,354,100,0.46875,0.46875,0.80000001
104,ixi,mra,train,IXI248-HH-1972-MRA_IXI-HH,/lustre/fsn1/projects/rech/vnc/upz25mj/datasets/IXI/imagesTr/IXI248-HH-1972-MRA_IXI-HH.nii.gz,/lustre/fsn1/projects/rech/vnc/upz25mj/datasets/IXI/labelsTr/IXI248-HH-1972-MRA_IXI-HH.nii.gz,276,350,100,0.46875,0.46875,0.80000001
105,ixi,mra,train,IXI252-HH-1693-MRA_IXI-HH,/lustre/fsn1/projects/rech/vnc/upz25mj/datasets/IXI/imagesTr/IXI252-HH-1693-MRA_IXI-HH.nii.gz,/lustre/fsn1/projects/rech/vnc/upz25mj/datasets/IXI/labelsTr/IXI252-HH-1693-MRA_IXI-HH.nii.gz,275,341,100,0.46875,0.46875,0.80000001
106,ixi,mra,train,IXI253-HH-1694-MRA_IXI-HH,/lustre/fsn1/projects/rech/vnc/upz25mj/datasets/IXI/imagesTr/IXI253-HH-1694-MRA_IXI-HH.nii.gz,/lustre/fsn1/projects/rech/vnc/upz25mj/datasets/IXI/labelsTr/IXI253-HH-1694-MRA_IXI-HH.nii.gz,296,372,100,0.46875,0.46875,0.80000001
107,ixi,mra,train,IXI254-HH-1705-MRA_IXI-HH,/lustre/fsn1/projects/rech/vnc/upz25mj/datasets/IXI/imagesTr/IXI254-HH-1705-MRA_IXI-HH.nii.gz,/lustre/fsn1/projects/rech/vnc/upz25mj/datasets/IXI/labelsTr/IXI254-HH-1705-MRA_IXI-HH.nii.gz,279,367,100,0.46875,0.46875,0.80000001
108,ixi,mra,train,IXI256-HH-1723-MRA_IXI-HH,/lustre/fsn1/projects/rech/vnc/upz25mj/datasets/IXI/imagesTr/IXI256-HH-1723-MRA_IXI-HH.nii.gz,/lustre/fsn1/projects/rech/vnc/upz25mj/datasets/IXI/labelsTr/IXI256-HH-1723-MRA_IXI-HH.nii.gz,298,377,100,0.46875,0.46875,0.80000001
109,ixi,mra,train,IXI258-HH-1769-MRA_IXI-HH,/lustre/fsn1/projects/rech/vnc/upz25mj/datasets/IXI/imagesTr/IXI258-HH-1769-MRA_IXI-HH.nii.gz,/lustre/fsn1/projects/rech/vnc/upz25mj/datasets/IXI/labelsTr/IXI258-HH-1769-MRA_IXI-HH.nii.gz,275,357,100,0.46875,0.46875,0.80000001
110,ixi,mra,train,IXI262-HH-1861-MRA_IXI-HH,/lustre/fsn1/projects/rech/vnc/upz25mj/datasets/IXI/imagesTr/IXI262-HH-1861-MRA_IXI-HH.nii.gz,/lustre/fsn1/projects/rech/vnc/upz25mj/datasets/IXI/labelsTr/IXI262-HH-1861-MRA_IXI-HH.nii.gz,289,370,100,0.46875,0.46875,0.80000001
111,ixi,mra,train,IXI263-HH-1684-MRA_IXI-HH,/lustre/fsn1/projects/rech/vnc/upz25mj/datasets/IXI/imagesTr/IXI263-HH-1684-MRA_IXI-HH.nii.gz,/lustre/fsn1/projects/rech/vnc/upz25mj/datasets/IXI/labelsTr/IXI263-HH-1684-MRA_IXI-HH.nii.gz,294,352,100,0.46875,0.46875,0.80000001
112,ixi,mra,train,IXI265-Guys-0845-MRA_IXI-Guys,/lustre/fsn1/projects/rech/vnc/upz25mj/datasets/IXI/imagesTr/IXI265-Guys-0845-MRA_IXI-Guys.nii.gz,/lustre/fsn1/projects/rech/vnc/upz25mj/datasets/IXI/labelsTr/IXI265-Guys-0845-MRA_IXI-Guys.nii.gz,290,366,100,0.46875,0.46875,0.80000001
113,ixi,mra,train,IXI267-HH-1772-MRA_IXI-HH,/lustre/fsn1/projects/rech/vnc/upz25mj/datasets/IXI/imagesTr/IXI267-HH-1772-MRA_IXI-HH.nii.gz,/lustre/fsn1/projects/rech/vnc/upz25mj/datasets/IXI/labelsTr/IXI267-HH-1772-MRA_IXI-HH.nii.gz,305,361,100,0.46875,0.46875,0.80000001
114,ixi,mra,train,IXI268-Guys-0858-MRA_IXI-Guys,/lustre/fsn1/projects/rech/vnc/upz25mj/datasets/IXI/imagesTr/IXI268-Guys-0858-MRA_IXI-Guys.nii.gz,/lustre/fsn1/projects/rech/vnc/upz25mj/datasets/IXI/labelsTr/IXI268-Guys-0858-MRA_IXI-Guys.nii.gz,307,356,100,0.46875,0.46875,0.80000001
115,ixi,mra,train,IXI269-Guys-0839-MRA_IXI-Guys,/lustre/fsn1/projects/rech/vnc/upz25mj/datasets/IXI/imagesTr/IXI269-Guys-0839-MRA_IXI-Guys.nii.gz,/lustre/fsn1/projects/rech/vnc/upz25mj/datasets/IXI/labelsTr/IXI269-Guys-0839-MRA_IXI-Guys.nii.gz,306,354,100,0.46875,0.46875,0.80000001
116,ixi,mra,train,IXI270-Guys-0847-MRA_IXI-Guys,/lustre/fsn1/projects/rech/vnc/upz25mj/datasets/IXI/imagesTr/IXI270-Guys-0847-MRA_IXI-Guys.nii.gz,/lustre/fsn1/projects/rech/vnc/upz25mj/datasets/IXI/labelsTr/IXI270-Guys-0847-MRA_IXI-Guys.nii.gz,304,344,100,0.46875,0.46875,0.80000001
117,ixi,mra,train,IXI274-HH-2294-MRA_IXI-HH,/lustre/fsn1/projects/rech/vnc/upz25mj/datasets/IXI/imagesTr/IXI274-HH-2294-MRA_IXI-HH.nii.gz,/lustre/fsn1/projects/rech/vnc/upz25mj/datasets/IXI/labelsTr/IXI274-HH-2294-MRA_IXI-HH.nii.gz,273,359,100,0.46875,0.46875,0.80000001
118,ixi,mra,train,IXI276-HH-1840-MRA_IXI-HH,/lustre/fsn1/projects/rech/vnc/upz25mj/datasets/IXI/imagesTr/IXI276-HH-1840-MRA_IXI-HH.nii.gz,/lustre/fsn1/projects/rech/vnc/upz25mj/datasets/IXI/labelsTr/IXI276-HH-1840-MRA_IXI-HH.nii.gz,288,368,100,0.46875,0.46875,0.80000001
119,ixi,mra,train,IXI277-HH-1770-MRA_IXI-HH,/lustre/fsn1/projects/rech/vnc/upz25mj/datasets/IXI/imagesTr/IXI277-HH-1770-MRA_IXI-HH.nii.gz,/lustre/fsn1/projects/rech/vnc/upz25mj/datasets/IXI/labelsTr/IXI277-HH-1770-MRA_IXI-HH.nii.gz,287,341,100,0.46875,0.46875,0.80000001
120,ixi,mra,train,IXI278-HH-1771-MRA_IXI-HH,/lustre/fsn1/projects/rech/vnc/upz25mj/datasets/IXI/imagesTr/IXI278-HH-1771-MRA_IXI-HH.nii.gz,/lustre/fsn1/projects/rech/vnc/upz25mj/datasets/IXI/labelsTr/IXI278-HH-1771-MRA_IXI-HH.nii.gz,313,367,100,0.46875,0.46875,0.80000001
121,ixi,mra,train,IXI280-HH-1860-MRA_IXI-HH,/lustre/fsn1/projects/rech/vnc/upz25mj/datasets/IXI/imagesTr/IXI280-HH-1860-MRA_IXI-HH.nii.gz,/lustre/fsn1/projects/rech/vnc/upz25mj/datasets/IXI/labelsTr/IXI280-HH-1860-MRA_IXI-HH.nii.gz,273,353,100,0.46875,0.46875,0.80000001
122,ixi,mra,train,IXI282-HH-2025-MRA_IXI-HH,/lustre/fsn1/projects/rech/vnc/upz25mj/datasets/IXI/imagesTr/IXI282-HH-2025-MRA_IXI-HH.nii.gz,/lustre/fsn1/projects/rech/vnc/upz25mj/datasets/IXI/labelsTr/IXI282-HH-2025-MRA_IXI-HH.nii.gz,280,380,100,0.46875,0.46875,0.80000001
123,ixi,mra,train,IXI290-IOP-0874-MRA_IXI-IOP,/lustre/fsn1/projects/rech/vnc/upz25mj/datasets/IXI/imagesTr/IXI290-IOP-0874-MRA_IXI-IOP.nii.gz,/lustre/fsn1/projects/rech/vnc/upz25mj/datasets/IXI/labelsTr/IXI290-IOP-0874-MRA_IXI-IOP.nii.gz,289,349,92,0.46000002,0.46000001,0.8
124,ixi,mra,train,IXI291-IOP-0882-MRA_IXI-IOP,/lustre/fsn1/projects/rech/vnc/upz25mj/datasets/IXI/imagesTr/IXI291-IOP-0882-MRA_IXI-IOP.nii.gz,/lustre/fsn1/projects/rech/vnc/upz25mj/datasets/IXI/labelsTr/IXI291-IOP-0882-MRA_IXI-IOP.nii.gz,289,377,92,0.45999999,0.46000001,0.80000002
125,ixi,mra,train,IXI292-IOP-0877-MRA_IXI-IOP,/lustre/fsn1/projects/rech/vnc/upz25mj/datasets/IXI/imagesTr/IXI292-IOP-0877-MRA_IXI-IOP.nii.gz,/lustre/fsn1/projects/rech/vnc/upz25mj/datasets/IXI/labelsTr/IXI292-IOP-0877-MRA_IXI-IOP.nii.gz,292,370,92,0.46000001,0.46000001,0.79999999
126,ixi,mra,train,IXI293-IOP-0876-MRA_IXI-IOP,/lustre/fsn1/projects/rech/vnc/upz25mj/datasets/IXI/imagesTr/IXI293-IOP-0876-MRA_IXI-IOP.nii.gz,/lustre/fsn1/projects/rech/vnc/upz25mj/datasets/IXI/labelsTr/IXI293-IOP-0876-MRA_IXI-IOP.nii.gz,295,383,92,0.46000001,0.46,0.79999999
127,ixi,mra,train,IXI294-IOP-0868-MRA_IXI-IOP,/lustre/fsn1/projects/rech/vnc/upz25mj/datasets/IXI/imagesTr/IXI294-IOP-0868-MRA_IXI-IOP.nii.gz,/lustre/fsn1/projects/rech/vnc/upz25mj/datasets/IXI/labelsTr/IXI294-IOP-0868-MRA_IXI-IOP.nii.gz,272,358,92,0.46,0.45999999,0.8
128,ixi,mra,train,IXI305-IOP-0871-MRA_IXI-IOP,/lustre/fsn1/projects/rech/vnc/upz25mj/datasets/IXI/imagesTr/IXI305-IOP-0871-MRA_IXI-IOP.nii.gz,/lustre/fsn1/projects/rech/vnc/upz25mj/datasets/IXI/labelsTr/IXI305-IOP-0871-MRA_IXI-IOP.nii.gz,287,368,92,0.46000002,0.46000001,0.79999997
129,ixi,mra,train,IXI306-IOP-0867-MRA_IXI-IOP,/lustre/fsn1/projects/rech/vnc/upz25mj/datasets/IXI/imagesTr/IXI306-IOP-0867-MRA_IXI-IOP.nii.gz,/lustre/fsn1/projects/rech/vnc/upz25mj/datasets/IXI/labelsTr/IXI306-IOP-0867-MRA_IXI-IOP.nii.gz,284,385,92,0.46000002,0.46,0.80000006
130,ixi,mra,train,IXI307-IOP-0872-MRA_IXI-IOP,/lustre/fsn1/projects/rech/vnc/upz25mj/datasets/IXI/imagesTr/IXI307-IOP-0872-MRA_IXI-IOP.nii.gz,/lustre/fsn1/projects/rech/vnc/upz25mj/datasets/IXI/labelsTr/IXI307-IOP-0872-MRA_IXI-IOP.nii.gz,291,377,92,0.46,0.46000001,0.79999997
131,ixi,mra,train,IXI315-IOP-0888-MRA_IXI-IOP,/lustre/fsn1/projects/rech/vnc/upz25mj/datasets/IXI/imagesTr/IXI315-IOP-0888-MRA_IXI-IOP.nii.gz,/lustre/fsn1/projects/rech/vnc/upz25mj/datasets/IXI/labelsTr/IXI315-IOP-0888-MRA_IXI-IOP.nii.gz,299,384,92,0.46000002,0.46000002,0.80000001
132,ixi,mra,train,IXI322-IOP-0891-MRA_IXI-IOP,/lustre/fsn1/projects/rech/vnc/upz25mj/datasets/IXI/imagesTr/IXI322-IOP-0891-MRA_IXI-IOP.nii.gz,/lustre/fsn1/projects/rech/vnc/upz25mj/datasets/IXI/labelsTr/IXI322-IOP-0891-MRA_IXI-IOP.nii.gz,296,396,92,0.46000002,0.46000001,0.79999996
133,ixi,mra,train,IXI332-IOP-1134-MRA_IXI-IOP,/lustre/fsn1/projects/rech/vnc/upz25mj/datasets/IXI/imagesTr/IXI332-IOP-1134-MRA_IXI-IOP.nii.gz,/lustre/fsn1/projects/rech/vnc/upz25mj/datasets/IXI/labelsTr/IXI332-IOP-1134-MRA_IXI-IOP.nii.gz,292,358,92,0.45999998,0.46000002,0.80000001
134,ixi,mra,train,IXI333-IOP-0926-MRA_IXI-IOP,/lustre/fsn1/projects/rech/vnc/upz25mj/datasets/IXI/imagesTr/IXI333-IOP-0926-MRA_IXI-IOP.nii.gz,/lustre/fsn1/projects/rech/vnc/upz25mj/datasets/IXI/labelsTr/IXI333-IOP-0926-MRA_IXI-IOP.nii.gz,287,397,92,0.46,0.46000001,0.80000002
135,ixi,mra,train,IXI337-IOP-0929-MRA_IXI-IOP,/lustre/fsn1/projects/rech/vnc/upz25mj/datasets/IXI/imagesTr/IXI337-IOP-0929-MRA_IXI-IOP.nii.gz,/lustre/fsn1/projects/rech/vnc/upz25mj/datasets/IXI/labelsTr/IXI337-IOP-0929-MRA_IXI-IOP.nii.gz,299,368,92,0.46000002,0.46000004,0.80000002
136,ixi,mra,train,IXI340-IOP-0915-MRA_IXI-IOP,/lustre/fsn1/projects/rech/vnc/upz25mj/datasets/IXI/imagesTr/IXI340-IOP-0915-MRA_IXI-IOP.nii.gz,/lustre/fsn1/projects/rech/vnc/upz25mj/datasets/IXI/labelsTr/IXI340-IOP-0915-MRA_IXI-IOP.nii.gz,307,400,92,0.45999999,0.45999999,0.8
137,ixi,mra,train,IXI345-IOP-0928-MRA_IXI-IOP,/lustre/fsn1/projects/rech/vnc/upz25mj/datasets/IXI/imagesTr/IXI345-IOP-0928-MRA_IXI-IOP.nii.gz,/lustre/fsn1/projects/rech/vnc/upz25mj/datasets/IXI/labelsTr/IXI345-IOP-0928-MRA_IXI-IOP.nii.gz,308,355,92,0.46000001,0.46,0.80000003
138,ixi,mra,train,IXI347-IOP-0927-MRA_IXI-IOP,/lustre/fsn1/projects/rech/vnc/upz25mj/datasets/IXI/imagesTr/IXI347-IOP-0927-MRA_IXI-IOP.nii.gz,/lustre/fsn1/projects/rech/vnc/upz25mj/datasets/IXI/labelsTr/IXI347-IOP-0927-MRA_IXI-IOP.nii.gz,292,376,92,0.46000002,0.46000002,0.80000006
139,ixi,mra,train,IXI371-IOP-0970-MRA_IXI-IOP,/lustre/fsn1/projects/rech/vnc/upz25mj/datasets/IXI/imagesTr/IXI371-IOP-0970-MRA_IXI-IOP.nii.gz,/lustre/fsn1/projects/rech/vnc/upz25mj/datasets/IXI/labelsTr/IXI371-IOP-0970-MRA_IXI-IOP.nii.gz,288,350,92,0.46000001,0.46000002,0.8
140,ixi,mra,train,IXI373-IOP-0967-MRA_IXI-IOP,/lustre/fsn1/projects/rech/vnc/upz25mj/datasets/IXI/imagesTr/IXI373-IOP-0967-MRA_IXI-IOP.nii.gz,/lustre/fsn1/projects/rech/vnc/upz25mj/datasets/IXI/labelsTr/IXI373-IOP-0967-MRA_IXI-IOP.nii.gz,286,322,92,0.46000001,0.45999999,0.8
141,ixi,mra,train,IXI378-IOP-0972-MRA_IXI-IOP,/lustre/fsn1/projects/rech/vnc/upz25mj/datasets/IXI/imagesTr/IXI378-IOP-0972-MRA_IXI-IOP.nii.gz,/lustre/fsn1/projects/rech/vnc/upz25mj/datasets/IXI/labelsTr/IXI378-IOP-0972-MRA_IXI-IOP.nii.gz,270,367,92,0.46000001,0.45999999,0.79999998
142,ixi,mra,train,IXI382-IOP-1135-MRA_IXI-IOP,/lustre/fsn1/projects/rech/vnc/upz25mj/datasets/IXI/imagesTr/IXI382-IOP-1135-MRA_IXI-IOP.nii.gz,/lustre/fsn1/projects/rech/vnc/upz25mj/datasets/IXI/labelsTr/IXI382-IOP-1135-MRA_IXI-IOP.nii.gz,288,359,92,0.46000004,0.46000002,0.80000002
143,ixi,mra,train,IXI388-IOP-0973-MRA_IXI-IOP,/lustre/fsn1/projects/rech/vnc/upz25mj/datasets/IXI/imagesTr/IXI388-IOP-0973-MRA_IXI-IOP.nii.gz,/lustre/fsn1/projects/rech/vnc/upz25mj/datasets/IXI/labelsTr/IXI388-IOP-0973-MRA_IXI-IOP.nii.gz,313,370,92,0.46,0.46000001,0.80000002
144,ixi,mra,train,IXI395-IOP-0969-MRA_IXI-IOP,/lustre/fsn1/projects/rech/vnc/upz25mj/datasets/IXI/imagesTr/IXI395-IOP-0969-MRA_IXI-IOP.nii.gz,/lustre/fsn1/projects/rech/vnc/upz25mj/datasets/IXI/labelsTr/IXI395-IOP-0969-MRA_IXI-IOP.nii.gz,299,399,92,0.46000004,0.46000002,0.80000001
145,ixi,mra,train,IXI423-IOP-0974-MRA_IXI-IOP,/lustre/fsn1/projects/rech/vnc/upz25mj/datasets/IXI/imagesTr/IXI423-IOP-0974-MRA_IXI-IOP.nii.gz,/lustre/fsn1/projects/rech/vnc/upz25mj/datasets/IXI/labelsTr/IXI423-IOP-0974-MRA_IXI-IOP.nii.gz,310,389,92,0.46000002,0.46000003,0.80000002
146,ixi,mra,train,IXI424-IOP-0991-MRA_IXI-IOP,/lustre/fsn1/projects/rech/vnc/upz25mj/datasets/IXI/imagesTr/IXI424-IOP-0991-MRA_IXI-IOP.nii.gz,/lustre/fsn1/projects/rech/vnc/upz25mj/datasets/IXI/labelsTr/IXI424-IOP-0991-MRA_IXI-IOP.nii.gz,297,383,92,0.46,0.45999999,0.79999998
147,ixi,mra,train,IXI425-IOP-0988-MRA_IXI-IOP,/lustre/fsn1/projects/rech/vnc/upz25mj/datasets/IXI/imagesTr/IXI425-IOP-0988-MRA_IXI-IOP.nii.gz,/lustre/fsn1/projects/rech/vnc/upz25mj/datasets/IXI/labelsTr/IXI425-IOP-0988-MRA_IXI-IOP.nii.gz,277,351,92,0.46000002,0.46000001,0.80000002
148,ixi,mra,train,IXI426-IOP-1011-MRA_IXI-IOP,/lustre/fsn1/projects/rech/vnc/upz25mj/datasets/IXI/imagesTr/IXI426-IOP-1011-MRA_IXI-IOP.nii.gz,/lustre/fsn1/projects/rech/vnc/upz25mj/datasets/IXI/labelsTr/IXI426-IOP-1011-MRA_IXI-IOP.nii.gz,295,395,92,0.46000001,0.46000002,0.80000001
149,ixi,mra,train,IXI430-IOP-0990-MRA_IXI-IOP,/lustre/fsn1/projects/rech/vnc/upz25mj/datasets/IXI/imagesTr/IXI430-IOP-0990-MRA_IXI-IOP.nii.gz,/lustre/fsn1/projects/rech/vnc/upz25mj/datasets/IXI/labelsTr/IXI430-IOP-0990-MRA_IXI-IOP.nii.gz,315,358,92,0.46,0.46000002,0.79999999
150,ixi,mra,train,IXI462-IOP-1042-MRA_IXI-IOP,/lustre/fsn1/projects/rech/vnc/upz25mj/datasets/IXI/imagesTr/IXI462-IOP-1042-MRA_IXI-IOP.nii.gz,/lustre/fsn1/projects/rech/vnc/upz25mj/datasets/IXI/labelsTr/IXI462-IOP-1042-MRA_IXI-IOP.nii.gz,286,371,92,0.45999999,0.46000001,0.80000002
151,ixi,mra,train,IXI463-IOP-1043-MRA_IXI-IOP,/lustre/fsn1/projects/rech/vnc/upz25mj/datasets/IXI/imagesTr/IXI463-IOP-1043-MRA_IXI-IOP.nii.gz,/lustre/fsn1/projects/rech/vnc/upz25mj/datasets/IXI/labelsTr/IXI463-IOP-1043-MRA_IXI-IOP.nii.gz,297,377,92,0.46,0.46000001,0.80000002
152,ixi,mra,train,IXI469-IOP-1136-MRA_IXI-IOP,/lustre/fsn1/projects/rech/vnc/upz25mj/datasets/IXI/imagesTr/IXI469-IOP-1136-MRA_IXI-IOP.nii.gz,/lustre/fsn1/projects/rech/vnc/upz25mj/datasets/IXI/labelsTr/IXI469-IOP-1136-MRA_IXI-IOP.nii.gz,311,377,92,0.46000003,0.46000004,0.80000003
153,ixi,mra,train,IXI474-IOP-1138-MRA_IXI-IOP,/lustre/fsn1/projects/rech/vnc/upz25mj/datasets/IXI/imagesTr/IXI474-IOP-1138-MRA_IXI-IOP.nii.gz,/lustre/fsn1/projects/rech/vnc/upz25mj/datasets/IXI/labelsTr/IXI474-IOP-1138-MRA_IXI-IOP.nii.gz,284,357,92,0.46000001,0.46000002,0.8
154,ixi,mra,train,IXI475-IOP-1139-MRA_IXI-IOP,/lustre/fsn1/projects/rech/vnc/upz25mj/datasets/IXI/imagesTr/IXI475-IOP-1139-MRA_IXI-IOP.nii.gz,/lustre/fsn1/projects/rech/vnc/upz25mj/datasets/IXI/labelsTr/IXI475-IOP-1139-MRA_IXI-IOP.nii.gz,302,376,92,0.46000004,0.46000001,0.79999998
155,ixi,mra,train,IXI477-IOP-1141-MRA_IXI-IOP,/lustre/fsn1/projects/rech/vnc/upz25mj/datasets/IXI/imagesTr/IXI477-IOP-1141-MRA_IXI-IOP.nii.gz,/lustre/fsn1/projects/rech/vnc/upz25mj/datasets/IXI/labelsTr/IXI477-IOP-1141-MRA_IXI-IOP.nii.gz,276,367,92,0.46000002,0.45999999,0.80000003
156,ixi,mra,train,IXI478-IOP-1142-MRA_IXI-IOP,/lustre/fsn1/projects/rech/vnc/upz25mj/datasets/IXI/imagesTr/IXI478-IOP-1142-MRA_IXI-IOP.nii.gz,/lustre/fsn1/projects/rech/vnc/upz25mj/datasets/IXI/labelsTr/IXI478-IOP-1142-MRA_IXI-IOP.nii.gz,298,383,92,0.46000001,0.46,0.80000002
157,ixi,mra,train,IXI510-IOP-1143-MRA_IXI-IOP,/lustre/fsn1/projects/rech/vnc/upz25mj/datasets/IXI/imagesTr/IXI510-IOP-1143-MRA_IXI-IOP.nii.gz,/lustre/fsn1/projects/rech/vnc/upz25mj/datasets/IXI/labelsTr/IXI510-IOP-1143-MRA_IXI-IOP.nii.gz,286,382,92,0.45999999,0.46000001,0.79999999
158,ixi,mra,train,IXI517-IOP-1144-MRA_IXI-IOP,/lustre/fsn1/projects/rech/vnc/upz25mj/datasets/IXI/imagesTr/IXI517-IOP-1144-MRA_IXI-IOP.nii.gz,/lustre/fsn1/projects/rech/vnc/upz25mj/datasets/IXI/labelsTr/IXI517-IOP-1144-MRA_IXI-IOP.nii.gz,303,379,92,0.46,0.46000002,0.80000001
159,ixi,mra,train,IXI541-IOP-1146-MRA_IXI-IOP,/lustre/fsn1/projects/rech/vnc/upz25mj/datasets/IXI/imagesTr/IXI541-IOP-1146-MRA_IXI-IOP.nii.gz,/lustre/fsn1/projects/rech/vnc/upz25mj/datasets/IXI/labelsTr/IXI541-IOP-1146-MRA_IXI-IOP.nii.gz,288,363,92,0.46000003,0.46000003,0.80000002
160,ixi,mra,train,IXI542-IOP-1147-MRA_IXI-IOP,/lustre/fsn1/projects/rech/vnc/upz25mj/datasets/IXI/imagesTr/IXI542-IOP-1147-MRA_IXI-IOP.nii.gz,/lustre/fsn1/projects/rech/vnc/upz25mj/datasets/IXI/labelsTr/IXI542-IOP-1147-MRA_IXI-IOP.nii.gz,278,328,92,0.45999998,0.46,0.80000002
161,ixi,mra,train,IXI547-IOP-1149-MRA_IXI-IOP,/lustre/fsn1/projects/rech/vnc/upz25mj/datasets/IXI/imagesTr/IXI547-IOP-1149-MRA_IXI-IOP.nii.gz,/lustre/fsn1/projects/rech/vnc/upz25mj/datasets/IXI/labelsTr/IXI547-IOP-1149-MRA_IXI-IOP.nii.gz,287,362,92,0.45999999,0.46,0.80000001
162,ixi,mra,train,IXI553-IOP-1151-MRA_IXI-IOP,/lustre/fsn1/projects/rech/vnc/upz25mj/datasets/IXI/imagesTr/IXI553-IOP-1151-MRA_IXI-IOP.nii.gz,/lustre/fsn1/projects/rech/vnc/upz25mj/datasets/IXI/labelsTr/IXI553-IOP-1151-MRA_IXI-IOP.nii.gz,303,395,92,0.46000001,0.46000001,0.80000001
163,ixi,mra,train,IXI561-IOP-1152-MRA_IXI-IOP,/lustre/fsn1/projects/rech/vnc/upz25mj/datasets/IXI/imagesTr/IXI561-IOP-1152-MRA_IXI-IOP.nii.gz,/lustre/fsn1/projects/rech/vnc/upz25mj/datasets/IXI/labelsTr/IXI561-IOP-1152-MRA_IXI-IOP.nii.gz,296,373,92,0.46000002,0.46000001,0.80000001
164,ixi,mra,train,IXI563-IOP-1153-MRA_IXI-IOP,/lustre/fsn1/projects/rech/vnc/upz25mj/datasets/IXI/imagesTr/IXI563-IOP-1153-MRA_IXI-IOP.nii.gz,/lustre/fsn1/projects/rech/vnc/upz25mj/datasets/IXI/labelsTr/IXI563-IOP-1153-MRA_IXI-IOP.nii.gz,294,362,92,0.46000001,0.46,0.80000001
165,ixi,mra,train,IXI571-IOP-1154-MRA_IXI-IOP,/lustre/fsn1/projects/rech/vnc/upz25mj/datasets/IXI/imagesTr/IXI571-IOP-1154-MRA_IXI-IOP.nii.gz,/lustre/fsn1/projects/rech/vnc/upz25mj/datasets/IXI/labelsTr/IXI571-IOP-1154-MRA_IXI-IOP.nii.gz,280,377,92,0.46000002,0.46000001,0.79999999
166,ixi,mra,train,IXI580-IOP-1157-MRA_IXI-IOP,/lustre/fsn1/projects/rech/vnc/upz25mj/datasets/IXI/imagesTr/IXI580-IOP-1157-MRA_IXI-IOP.nii.gz,/lustre/fsn1/projects/rech/vnc/upz25mj/datasets/IXI/labelsTr/IXI580-IOP-1157-MRA_IXI-IOP.nii.gz,293,383,92,0.46000001,0.45999999,0.80000007
167,ixi,mra,train,IXI588-IOP-1158-MRA_IXI-IOP,/lustre/fsn1/projects/rech/vnc/upz25mj/datasets/IXI/imagesTr/IXI588-IOP-1158-MRA_IXI-IOP.nii.gz,/lustre/fsn1/projects/rech/vnc/upz25mj/datasets/IXI/labelsTr/IXI588-IOP-1158-MRA_IXI-IOP.nii.gz,295,366,92,0.46,0.46000002,0.79999998
168,ixi,mra,train,IXI596-IOP-1160-MRA_IXI-IOP,/lustre/fsn1/projects/rech/vnc/upz25mj/datasets/IXI/imagesTr/IXI596-IOP-1160-MRA_IXI-IOP.nii.gz,/lustre/fsn1/projects/rech/vnc/upz25mj/datasets/IXI/labelsTr/IXI596-IOP-1160-MRA_IXI-IOP.nii.gz,293,378,92,0.46000002,0.46,0.80000003
169,ixi,mra,train,IXI597-IOP-1161-MRA_IXI-IOP,/lustre/fsn1/projects/rech/vnc/upz25mj/datasets/IXI/imagesTr/IXI597-IOP-1161-MRA_IXI-IOP.nii.gz,/lustre/fsn1/projects/rech/vnc/upz25mj/datasets/IXI/labelsTr/IXI597-IOP-1161-MRA_IXI-IOP.nii.gz,282,367,92,0.46000001,0.46,0.80000003
170,topbrain,mr,train,topcow_mr_001,/lustre/fsn1/projects/rech/vnc/upz25mj/datasets/TopBrain_Data_Release_Batches1n2_081425/imagesTr_topbrain_mr/topcow_mr_001_0000.nii.gz,/lustre/fsn1/projects/rech/vnc/upz25mj/datasets/TopBrain_Data_Release_Batches1n2_081425/labelsTr_topbrain_mr/topcow_mr_001.nii.gz,508,585,189,0.29687499,0.29687499,0.59999418
171,topbrain,mr,train,topcow_mr_002,/lustre/fsn1/projects/rech/vnc/upz25mj/datasets/TopBrain_Data_Release_Batches1n2_081425/imagesTr_topbrain_mr/topcow_mr_002_0000.nii.gz,/lustre/fsn1/projects/rech/vnc/upz25mj/datasets/TopBrain_Data_Release_Batches1n2_081425/labelsTr_topbrain_mr/topcow_mr_002.nii.gz,480,536,248,0.29687497,0.296875,0.60000159
172,topbrain,mr,train,topcow_mr_003,/lustre/fsn1/projects/rech/vnc/upz25mj/datasets/TopBrain_Data_Release_Batches1n2_081425/imagesTr_topbrain_mr/topcow_mr_003_0000.nii.gz,/lustre/fsn1/projects/rech/vnc/upz25mj/datasets/TopBrain_Data_Release_Batches1n2_081425/labelsTr_topbrain_mr/topcow_mr_003.nii.gz,510,577,179,0.29687501,0.296875,0.59999997
173,topbrain,mr,train,topcow_mr_004,/lustre/fsn1/projects/rech/vnc/upz25mj/datasets/TopBrain_Data_Release_Batches1n2_081425/imagesTr_topbrain_mr/topcow_mr_004_0000.nii.gz,/lustre/fsn1/projects/rech/vnc/upz25mj/datasets/TopBrain_Data_Release_Batches1n2_081425/labelsTr_topbrain_mr/topcow_mr_004.nii.gz,500,607,200,0.29687498,0.29687501,0.60000202
174,topbrain,mr,train,topcow_mr_005,/lustre/fsn1/projects/rech/vnc/upz25mj/datasets/TopBrain_Data_Release_Batches1n2_081425/imagesTr_topbrain_mr/topcow_mr_005_0000.nii.gz,/lustre/fsn1/projects/rech/vnc/upz25mj/datasets/TopBrain_Data_Release_Batches1n2_081425/labelsTr_topbrain_mr/topcow_mr_005.nii.gz,470,566,196,0.296875,0.29687501,0.60000113
175,topbrain,mr,train,topcow_mr_006,/lustre/fsn1/projects/rech/vnc/upz25mj/datasets/TopBrain_Data_Release_Batches1n2_081425/imagesTr_topbrain_mr/topcow_mr_006_0000.nii.gz,/lustre/fsn1/projects/rech/vnc/upz25mj/datasets/TopBrain_Data_Release_Batches1n2_081425/labelsTr_topbrain_mr/topcow_mr_006.nii.gz,429,507,139,0.3515625,0.3515625,0.50000078
176,topbrain,mr,train,topcow_mr_007,/lustre/fsn1/projects/rech/vnc/upz25mj/datasets/TopBrain_Data_Release_Batches1n2_081425/imagesTr_topbrain_mr/topcow_mr_007_0000.nii.gz,/lustre/fsn1/projects/rech/vnc/upz25mj/datasets/TopBrain_Data_Release_Batches1n2_081425/labelsTr_topbrain_mr/topcow_mr_007.nii.gz,490,561,200,0.29687501,0.296875,0.59999622
177,topbrain,mr,train,topcow_mr_008,/lustre/fsn1/projects/rech/vnc/upz25mj/datasets/TopBrain_Data_Release_Batches1n2_081425/imagesTr_topbrain_mr/topcow_mr_008_0000.nii.gz,/lustre/fsn1/projects/rech/vnc/upz25mj/datasets/TopBrain_Data_Release_Batches1n2_081425/labelsTr_topbrain_mr/topcow_mr_008.nii.gz,485,592,181,0.29687499,0.29687499,0.59999726
178,topbrain,mr,train,topcow_mr_010,/lustre/fsn1/projects/rech/vnc/upz25mj/datasets/TopBrain_Data_Release_Batches1n2_081425/imagesTr_topbrain_mr/topcow_mr_010_0000.nii.gz,/lustre/fsn1/projects/rech/vnc/upz25mj/datasets/TopBrain_Data_Release_Batches1n2_081425/labelsTr_topbrain_mr/topcow_mr_010.nii.gz,459,556,194,0.296875,0.29687501,0.59999942
179,topbrain,mr,train,topcow_mr_011,/lustre/fsn1/projects/rech/vnc/upz25mj/datasets/TopBrain_Data_Release_Batches1n2_081425/imagesTr_topbrain_mr/topcow_mr_011_0000.nii.gz,/lustre/fsn1/projects/rech/vnc/upz25mj/datasets/TopBrain_Data_Release_Batches1n2_081425/labelsTr_topbrain_mr/topcow_mr_011.nii.gz,470,581,153,0.29687499,0.296875,0.6000003
180,topbrain,mr,train,topcow_mr_012,/lustre/fsn1/projects/rech/vnc/upz25mj/datasets/TopBrain_Data_Release_Batches1n2_081425/imagesTr_topbrain_mr/topcow_mr_012_0000.nii.gz,/lustre/fsn1/projects/rech/vnc/upz25mj/datasets/TopBrain_Data_Release_Batches1n2_081425/labelsTr_topbrain_mr/topcow_mr_012.nii.gz,469,611,174,0.296875,0.296875,0.59999795
181,topbrain,mr,train,topcow_mr_013,/lustre/fsn1/projects/rech/vnc/upz25mj/datasets/TopBrain_Data_Release_Batches1n2_081425/imagesTr_topbrain_mr/topcow_mr_013_0000.nii.gz,/lustre/fsn1/projects/rech/vnc/upz25mj/datasets/TopBrain_Data_Release_Batches1n2_081425/labelsTr_topbrain_mr/topcow_mr_013.nii.gz,470,597,186,0.296875,0.296875,0.59999847
182,topbrain,mr,train,topcow_mr_014,/lustre/fsn1/projects/rech/vnc/upz25mj/datasets/TopBrain_Data_Release_Batches1n2_081425/imagesTr_topbrain_mr/topcow_mr_014_0000.nii.gz,/lustre/fsn1/projects/rech/vnc/upz25mj/datasets/TopBrain_Data_Release_Batches1n2_081425/labelsTr_topbrain_mr/topcow_mr_014.nii.gz,485,636,174,0.296875,0.29687501,0.60000166
183,topbrain,mr,train,topcow_mr_015,/lustre/fsn1/projects/rech/vnc/upz25mj/datasets/TopBrain_Data_Release_Batches1n2_081425/imagesTr_topbrain_mr/topcow_mr_015_0000.nii.gz,/lustre/fsn1/projects/rech/vnc/upz25mj/datasets/TopBrain_Data_Release_Batches1n2_081425/labelsTr_topbrain_mr/topcow_mr_015.nii.gz,485,587,189,0.29687498,0.29687499,0.59999442
184,topbrain,mr,train,topcow_mr_016,/lustre/fsn1/projects/rech/vnc/upz25mj/datasets/TopBrain_Data_Release_Batches1n2_081425/imagesTr_topbrain_mr/topcow_mr_016_0000.nii.gz,/lustre/fsn1/projects/rech/vnc/upz25mj/datasets/TopBrain_Data_Release_Batches1n2_081425/labelsTr_topbrain_mr/topcow_mr_016.nii.gz,464,541,200,0.29687501,0.29687499,0.59999911
185,topbrain,mr,train,topcow_mr_017,/lustre/fsn1/projects/rech/vnc/upz25mj/datasets/TopBrain_Data_Release_Batches1n2_081425/imagesTr_topbrain_mr/topcow_mr_017_0000.nii.gz,/lustre/fsn1/projects/rech/vnc/upz25mj/datasets/TopBrain_Data_Release_Batches1n2_081425/labelsTr_topbrain_mr/topcow_mr_017.nii.gz,515,627,189,0.296875,0.29687502,0.59999788
186,topbrain,mr,train,topcow_mr_018,/lustre/fsn1/projects/rech/vnc/upz25mj/datasets/TopBrain_Data_Release_Batches1n2_081425/imagesTr_topbrain_mr/topcow_mr_018_0000.nii.gz,/lustre/fsn1/projects/rech/vnc/upz25mj/datasets/TopBrain_Data_Release_Batches1n2_081425/labelsTr_topbrain_mr/topcow_mr_018.nii.gz,490,616,176,0.29687499,0.296875,0.59999598
187,topbrain,mr,train,topcow_mr_020,/lustre/fsn1/projects/rech/vnc/upz25mj/datasets/TopBrain_Data_Release_Batches1n2_081425/imagesTr_topbrain_mr/topcow_mr_020_0000.nii.gz,/lustre/fsn1/projects/rech/vnc/upz25mj/datasets/TopBrain_Data_Release_Batches1n2_081425/labelsTr_topbrain_mr/topcow_mr_020.nii.gz,480,611,176,0.29687498,0.296875,0.60000428
188,topbrain,mr,train,topcow_mr_021,/lustre/fsn1/projects/rech/vnc/upz25mj/datasets/TopBrain_Data_Release_Batches1n2_081425/imagesTr_topbrain_mr/topcow_mr_021_0000.nii.gz,/lustre/fsn1/projects/rech/vnc/upz25mj/datasets/TopBrain_Data_Release_Batches1n2_081425/labelsTr_topbrain_mr/topcow_mr_021.nii.gz,479,585,174,0.296875,0.29687499,0.59999839
189,topbrain,mr,train,topcow_mr_022,/lustre/fsn1/projects/rech/vnc/upz25mj/datasets/TopBrain_Data_Release_Batches1n2_081425/imagesTr_topbrain_mr/topcow_mr_022_0000.nii.gz,/lustre/fsn1/projects/rech/vnc/upz25mj/datasets/TopBrain_Data_Release_Batches1n2_081425/labelsTr_topbrain_mr/topcow_mr_022.nii.gz,495,592,199,0.29687498,0.29687499,0.59999651
190,topbrain,mr,train,topcow_mr_023,/lustre/fsn1/projects/rech/vnc/upz25mj/datasets/TopBrain_Data_Release_Batches1n2_081425/imagesTr_topbrain_mr/topcow_mr_023_0000.nii.gz,/lustre/fsn1/projects/rech/vnc/upz25mj/datasets/TopBrain_Data_Release_Batches1n2_081425/labelsTr_topbrain_mr/topcow_mr_023.nii.gz,495,577,194,0.296875,0.29687501,0.60000036
191,topbrain,mr,train,topcow_mr_024,/lustre/fsn1/projects/rech/vnc/upz25mj/datasets/TopBrain_Data_Release_Batches1n2_081425/imagesTr_topbrain_mr/topcow_mr_024_0000.nii.gz,/lustre/fsn1/projects/rech/vnc/upz25mj/datasets/TopBrain_Data_Release_Batches1n2_081425/labelsTr_topbrain_mr/topcow_mr_024.nii.gz,475,570,149,0.296875,0.29687498,0.6000002
192,topbrain,mr,train,topcow_mr_025,/lustre/fsn1/projects/rech/vnc/upz25mj/datasets/TopBrain_Data_Release_Batches1n2_081425/imagesTr_topbrain_mr/topcow_mr_025_0000.nii.gz,/lustre/fsn1/projects/rech/vnc/upz25mj/datasets/TopBrain_Data_Release_Batches1n2_081425/labelsTr_topbrain_mr/topcow_mr_025.nii.gz,450,551,190,0.29687499,0.29687499,0.5999941
193,topbrain,mr,train,topcow_mr_026,/lustre/fsn1/projects/rech/vnc/upz25mj/datasets/TopBrain_Data_Release_Batches1n2_081425/imagesTr_topbrain_mr/topcow_mr_026_0000.nii.gz,/lustre/fsn1/projects/rech/vnc/upz25mj/datasets/TopBrain_Data_Release_Batches1n2_081425/labelsTr_topbrain_mr/topcow_mr_026.nii.gz,464,561,174,0.29687499,0.296875,0.60000068
194,topbrain,mr,train,topcow_mr_027,/lustre/fsn1/projects/rech/vnc/upz25mj/datasets/TopBrain_Data_Release_Batches1n2_081425/imagesTr_topbrain_mr/topcow_mr_027_0000.nii.gz,/lustre/fsn1/projects/rech/vnc/upz25mj/datasets/TopBrain_Data_Release_Batches1n2_081425/labelsTr_topbrain_mr/topcow_mr_027.nii.gz,470,597,181,0.296875,0.296875,0.59999841
195,topbrain,ct,train,topcow_ct_001,/lustre/fsn1/projects/rech/vnc/upz25mj/datasets/TopBrain_Data_Release_Batches1n2_081425/imagesTr_topbrain_ct/topcow_ct_001_0000.nii.gz,/lustre/fsn1/projects/rech/vnc/upz25mj/datasets/TopBrain_Data_Release_Batches1n2_081425/labelsTr_topbrain_ct/topcow_ct_001.nii.gz,284,327,243,0.50781298,0.50781298,0.625
196,topbrain,ct,train,topcow_ct_002,/lustre/fsn1/projects/rech/vnc/upz25mj/datasets/TopBrain_Data_Release_Batches1n2_081425/imagesTr_topbrain_ct/topcow_ct_002_0000.nii.gz,/lustre/fsn1/projects/rech/vnc/upz25mj/datasets/TopBrain_Data_Release_Batches1n2_081425/labelsTr_topbrain_ct/topcow_ct_002.nii.gz,289,347,203,0.45703125,0.45703125,0.69995117
197,topbrain,ct,train,topcow_ct_003,/lustre/fsn1/projects/rech/vnc/upz25mj/datasets/TopBrain_Data_Release_Batches1n2_081425/imagesTr_topbrain_ct/topcow_ct_003_0000.nii.gz,/lustre/fsn1/projects/rech/vnc/upz25mj/datasets/TopBrain_Data_Release_Batches1n2_081425/labelsTr_topbrain_ct/topcow_ct_003.nii.gz,281,313,182,0.50390625,0.50390625,0.75
198,topbrain,ct,train,topcow_ct_004,/lustre/fsn1/projects/rech/vnc/upz25mj/datasets/TopBrain_Data_Release_Batches1n2_081425/imagesTr_topbrain_ct/topcow_ct_004_0000.nii.gz,/lustre/fsn1/projects/rech/vnc/upz25mj/datasets/TopBrain_Data_Release_Batches1n2_081425/labelsTr_topbrain_ct/topcow_ct_004.nii.gz,351,431,224,0.40625,0.40625,0.70001221
199,topbrain,ct,train,topcow_ct_005,/lustre/fsn1/projects/rech/vnc/upz25mj/datasets/TopBrain_Data_Release_Batches1n2_081425/imagesTr_topbrain_ct/topcow_ct_005_0000.nii.gz,/lustre/fsn1/projects/rech/vnc/upz25mj/datasets/TopBrain_Data_Release_Batches1n2_081425/labelsTr_topbrain_ct/topcow_ct_005.nii.gz,332,417,184,0.3984375,0.3984375,0.75
200,topbrain,ct,train,topcow_ct_006,/lustre/fsn1/projects/rech/vnc/upz25mj/datasets/TopBrain_Data_Release_Batches1n2_081425/imagesTr_topbrain_ct/topcow_ct_006_0000.nii.gz,/lustre/fsn1/projects/rech/vnc/upz25mj/datasets/TopBrain_Data_Release_Batches1n2_081425/labelsTr_topbrain_ct/topcow_ct_006.nii.gz,286,369,216,0.484375,0.484375,0.75
201,topbrain,ct,train,topcow_ct_007,/lustre/fsn1/projects/rech/vnc/upz25mj/datasets/TopBrain_Data_Release_Batches1n2_081425/imagesTr_topbrain_ct/topcow_ct_007_0000.nii.gz,/lustre/fsn1/projects/rech/vnc/upz25mj/datasets/TopBrain_Data_Release_Batches1n2_081425/labelsTr_topbrain_ct/topcow_ct_007.nii.gz,258,321,208,0.54492188,0.54492188,0.75
202,topbrain,ct,train,topcow_ct_008,/lustre/fsn1/projects/rech/vnc/upz25mj/datasets/TopBrain_Data_Release_Batches1n2_081425/imagesTr_topbrain_ct/topcow_ct_008_0000.nii.gz,/lustre/fsn1/projects/rech/vnc/upz25mj/datasets/TopBrain_Data_Release_Batches1n2_081425/labelsTr_topbrain_ct/topcow_ct_008.nii.gz,270,338,204,0.50390625,0.50390625,0.75
203,topbrain,ct,train,topcow_ct_010,/lustre/fsn1/projects/rech/vnc/upz25mj/datasets/TopBrain_Data_Release_Batches1n2_081425/imagesTr_topbrain_ct/topcow_ct_010_0000.nii.gz,/lustre/fsn1/projects/rech/vnc/upz25mj/datasets/TopBrain_Data_Release_Batches1n2_081425/labelsTr_topbrain_ct/topcow_ct_010.nii.gz,295,386,196,0.43164062,0.43164062,0.75
204,topbrain,ct,train,topcow_ct_011,/lustre/fsn1/projects/rech/vnc/upz25mj/datasets/TopBrain_Data_Release_Batches1n2_081425/imagesTr_topbrain_ct/topcow_ct_011_0000.nii.gz,/lustre/fsn1/projects/rech/vnc/upz25mj/datasets/TopBrain_Data_Release_Batches1n2_081425/labelsTr_topbrain_ct/topcow_ct_011.nii.gz,269,334,295,0.49804688,0.49804688,0.5
205,topbrain,ct,train,topcow_ct_012,/lustre/fsn1/projects/rech/vnc/upz25mj/datasets/TopBrain_Data_Release_Batches1n2_081425/imagesTr_topbrain_ct/topcow_ct_012_0000.nii.gz,/lustre/fsn1/projects/rech/vnc/upz25mj/datasets/TopBrain_Data_Release_Batches1n2_081425/labelsTr_topbrain_ct/topcow_ct_012.nii.gz,266,371,311,0.49804688,0.49804688,0.5
206,topbrain,ct,train,topcow_ct_013,/lustre/fsn1/projects/rech/vnc/upz25mj/datasets/TopBrain_Data_Release_Batches1n2_081425/imagesTr_topbrain_ct/topcow_ct_013_0000.nii.gz,/lustre/fsn1/projects/rech/vnc/upz25mj/datasets/TopBrain_Data_Release_Batches1n2_081425/labelsTr_topbrain_ct/topcow_ct_013.nii.gz,326,433,168,0.40234375,0.40234375,0.70000076
207,topbrain,ct,train,topcow_ct_014,/lustre/fsn1/projects/rech/vnc/upz25mj/datasets/TopBrain_Data_Release_Batches1n2_081425/imagesTr_topbrain_ct/topcow_ct_014_0000.nii.gz,/lustre/fsn1/projects/rech/vnc/upz25mj/datasets/TopBrain_Data_Release_Batches1n2_081425/labelsTr_topbrain_ct/topcow_ct_014.nii.gz,247,328,211,0.55273438,0.55273438,0.75
208,topbrain,ct,train,topcow_ct_015,/lustre/fsn1/projects/rech/vnc/upz25mj/datasets/TopBrain_Data_Release_Batches1n2_081425/imagesTr_topbrain_ct/topcow_ct_015_0000.nii.gz,/lustre/fsn1/projects/rech/vnc/upz25mj/datasets/TopBrain_Data_Release_Batches1n2_081425/labelsTr_topbrain_ct/topcow_ct_015.nii.gz,316,390,203,0.43164062,0.43164062,0.75
209,topbrain,ct,train,topcow_ct_016,/lustre/fsn1/projects/rech/vnc/upz25mj/datasets/TopBrain_Data_Release_Batches1n2_081425/imagesTr_topbrain_ct/topcow_ct_016_0000.nii.gz,/lustre/fsn1/projects/rech/vnc/upz25mj/datasets/TopBrain_Data_Release_Batches1n2_081425/labelsTr_topbrain_ct/topcow_ct_016.nii.gz,306,365,182,0.43164062,0.43164062,0.75
210,topbrain,ct,train,topcow_ct_017,/lustre/fsn1/projects/rech/vnc/upz25mj/datasets/TopBrain_Data_Release_Batches1n2_081425/imagesTr_topbrain_ct/topcow_ct_017_0000.nii.gz,/lustre/fsn1/projects/rech/vnc/upz25mj/datasets/TopBrain_Data_Release_Batches1n2_081425/labelsTr_topbrain_ct/topcow_ct_017.nii.gz,319,430,527,0.4375,0.4375,0.29998779
211,topbrain,ct,train,topcow_ct_018,/lustre/fsn1/projects/rech/vnc/upz25mj/datasets/TopBrain_Data_Release_Batches1n2_081425/imagesTr_topbrain_ct/topcow_ct_018_0000.nii.gz,/lustre/fsn1/projects/rech/vnc/upz25mj/datasets/TopBrain_Data_Release_Batches1n2_081425/labelsTr_topbrain_ct/topcow_ct_018.nii.gz,286,379,202,0.48242188,0.48242188,0.75
212,topbrain,ct,train,topcow_ct_020,/lustre/fsn1/projects/rech/vnc/upz25mj/datasets/TopBrain_Data_Release_Batches1n2_081425/imagesTr_topbrain_ct/topcow_ct_020_0000.nii.gz,/lustre/fsn1/projects/rech/vnc/upz25mj/datasets/TopBrain_Data_Release_Batches1n2_081425/labelsTr_topbrain_ct/topcow_ct_020.nii.gz,290,387,200,0.4609375,0.4609375,0.75
213,topbrain,ct,test,topcow_ct_021,/lustre/fsn1/projects/rech/vnc/upz25mj/datasets/TopBrain_Data_Release_Batches1n2_081425/imagesTe_topbrain_ct/topcow_ct_021_0000.nii.gz,/lustre/fsn1/projects/rech/vnc/upz25mj/datasets/TopBrain_Data_Release_Batches1n2_081425/labelsTe_topbrain_ct/topcow_ct_021.nii.gz,275,345,205,0.4921875,0.4921875,0.70001221
214,topbrain,ct,test,topcow_ct_022,/lustre/fsn1/projects/rech/vnc/upz25mj/datasets/TopBrain_Data_Release_Batches1n2_081425/imagesTe_topbrain_ct/topcow_ct_022_0000.nii.gz,/lustre/fsn1/projects/rech/vnc/upz25mj/datasets/TopBrain_Data_Release_Batches1n2_081425/labelsTe_topbrain_ct/topcow_ct_022.nii.gz,287,351,224,0.48632812,0.48632812,0.70001221
215,topbrain,ct,test,topcow_ct_023,/lustre/fsn1/projects/rech/vnc/upz25mj/datasets/TopBrain_Data_Release_Batches1n2_081425/imagesTe_topbrain_ct/topcow_ct_023_0000.nii.gz,/lustre/fsn1/projects/rech/vnc/upz25mj/datasets/TopBrain_Data_Release_Batches1n2_081425/labelsTe_topbrain_ct/topcow_ct_023.nii.gz,338,396,204,0.41992188,0.41992188,0.70001221
216,topbrain,ct,test,topcow_ct_024,/lustre/fsn1/projects/rech/vnc/upz25mj/datasets/TopBrain_Data_Release_Batches1n2_081425/imagesTe_topbrain_ct/topcow_ct_024_0000.nii.gz,/lustre/fsn1/projects/rech/vnc/upz25mj/datasets/TopBrain_Data_Release_Batches1n2_081425/labelsTe_topbrain_ct/topcow_ct_024.nii.gz,300,366,223,0.45117188,0.45117188,0.69995117
217,topbrain,ct,test,topcow_ct_025,/lustre/fsn1/projects/rech/vnc/upz25mj/datasets/TopBrain_Data_Release_Batches1n2_081425/imagesTe_topbrain_ct/topcow_ct_025_0000.nii.gz,/lustre/fsn1/projects/rech/vnc/upz25mj/datasets/TopBrain_Data_Release_Batches1n2_081425/labelsTe_topbrain_ct/topcow_ct_025.nii.gz,271,340,206,0.48828125,0.48828125,0.70001221
218,topbrain,ct,test,topcow_ct_026,/lustre/fsn1/projects/rech/vnc/upz25mj/datasets/TopBrain_Data_Release_Batches1n2_081425/imagesTe_topbrain_ct/topcow_ct_026_0000.nii.gz,/lustre/fsn1/projects/rech/vnc/upz25mj/datasets/TopBrain_Data_Release_Batches1n2_081425/labelsTe_topbrain_ct/topcow_ct_026.nii.gz,274,316,214,0.48242188,0.48242188,0.70001221
219,topbrain,ct,test,topcow_ct_027,/lustre/fsn1/projects/rech/vnc/upz25mj/datasets/TopBrain_Data_Release_Batches1n2_081425/imagesTe_topbrain_ct/topcow_ct_027_0000.nii.gz,/lustre/fsn1/projects/rech/vnc/upz25mj/datasets/TopBrain_Data_Release_Batches1n2_081425/labelsTe_topbrain_ct/topcow_ct_027.nii.gz,275,360,212,0.48632812,0.48632812,0.70001221
