representation,anchor_a,anchor_b,parallel_branch_index,dense_length_mm,length_mm,absolute_length_error_mm,absolute_arc_chord_tortuosity_error,reference_samples,representation_samples,subject,stratum
junction_only,0,1,0,6.730271196042709,4.8560893735501045,1.8741818224926048,0.38594467241496855,28,21,topcow_ct_005,TopBrain-CT
junction_only,0,2,0,14.85100779628403,10.769754401251742,4.081253395032288,0.37895510361479867,61,45,topcow_ct_005,TopBrain-CT
junction_only,0,78,0,4.7619111577918565,3.7200709969913546,1.041840160800502,0.2800592143652906,21,16,topcow_ct_005,TopBrain-CT
junction_only,1,11,0,15.55276711827685,10.428107324115976,5.124659794160875,0.49142760377135924,64,43,topcow_ct_005,TopBrain-CT
junction_only,1,77,0,10.255704847761166,8.507263670314327,1.7484411774468391,0.2055233322023317,43,36,topcow_ct_005,TopBrain-CT
junction_only,2,6,0,27.468581735638065,13.353473202954774,14.11510853268329,1.0570364966591603,111,55,topcow_ct_005,TopBrain-CT
junction_only,2,76,0,14.46536610815879,10.625462421003439,3.839903687155351,0.3613869716921667,59,44,topcow_ct_005,TopBrain-CT
junction_only,3,14,0,16.325814656527704,10.966395981374761,5.359418675152943,0.4887128537265421,67,45,topcow_ct_005,TopBrain-CT
junction_only,3,80,0,11.169963140520904,7.221983346493625,3.9479797940272796,0.5466614369782616,46,30,topcow_ct_005,TopBrain-CT
junction_only,3,81,0,10.393794284506551,7.156156181153574,3.2376381033529773,0.45242697635353585,43,30,topcow_ct_005,TopBrain-CT
junction_only,4,5,0,9.049405288551213,7.928840779917405,1.1205645086338079,0.14132765933098745,38,33,topcow_ct_005,TopBrain-CT
junction_only,4,5,1,19.273425455360837,7.928840779917405,11.344584675443432,1.4307999101429312,79,33,topcow_ct_005,TopBrain-CT
junction_only,4,17,0,25.614914977256372,17.608567389421903,8.006347587834469,0.4546847799011843,104,72,topcow_ct_005,TopBrain-CT
junction_only,4,82,0,12.031830608343448,10.146921797897935,1.8849088104455127,0.18576163766591713,50,42,topcow_ct_005,TopBrain-CT
junction_only,5,8,0,11.471714969502761,7.894263548467093,3.5774514210356685,0.4531710145058861,47,33,topcow_ct_005,TopBrain-CT
junction_only,6,7,0,7.9112264134010335,6.901179735254057,1.0100466781469768,0.1463585527250137,33,29,topcow_ct_005,TopBrain-CT
junction_only,6,12,0,7.885785991746815,6.2439277142501615,1.6418582774966533,0.2629528003262327,33,26,topcow_ct_005,TopBrain-CT
junction_only,7,8,0,1.698531649874385,1.6023435595441136,0.09618809033027143,0.060029629574345544,8,8,topcow_ct_005,TopBrain-CT
junction_only,7,83,0,5.723824374049886,4.291303205685308,1.4325211683645778,0.3338196113634456,24,19,topcow_ct_005,TopBrain-CT
junction_only,8,9,0,7.514544553157358,6.014813256920368,1.4997312962369902,0.24933962737936516,32,26,topcow_ct_005,TopBrain-CT
junction_only,9,10,0,3.4049290411952224,2.91549688223337,0.48943215896185244,0.16787264014733938,15,13,topcow_ct_005,TopBrain-CT
junction_only,9,11,0,31.019161927064186,10.029963045365932,20.989198881698254,2.0926496724627253,126,42,topcow_ct_005,TopBrain-CT
junction_only,10,13,0,12.212830544904172,8.064713994705965,4.148116550198207,0.5143538323765994,50,34,topcow_ct_005,TopBrain-CT
junction_only,10,79,0,62.53178095233296,28.79552272326811,33.736258229064845,1.1715799901699437,252,117,topcow_ct_005,TopBrain-CT
junction_only,11,13,0,9.87899217489895,7.464760964022894,2.414231210876057,0.32341708227653476,41,31,topcow_ct_005,TopBrain-CT
junction_only,12,13,0,30.32936538053935,21.82142015180053,8.50794522873882,0.38988962081997264,123,89,topcow_ct_005,TopBrain-CT
junction_only,12,15,0,5.917425953495961,5.190281868926412,0.7271440845695487,0.14009722456941542,25,22,topcow_ct_005,TopBrain-CT
junction_only,13,85,0,12.54867008425532,8.650088765124393,3.898581319130928,0.4506984176681873,52,36,topcow_ct_005,TopBrain-CT
junction_only,14,20,0,33.10699937044208,21.925039029059477,11.181960341382606,0.5100086858026579,134,89,topcow_ct_005,TopBrain-CT
junction_only,14,84,0,3.3127405119621356,2.5253838275720586,0.787356684390077,0.31177703594746364,15,12,topcow_ct_005,TopBrain-CT
junction_only,15,16,0,4.133442973711283,2.996060646003557,1.137382327707726,0.3796259362189078,18,13,topcow_ct_005,TopBrain-CT
junction_only,15,19,0,2.531835754508883,2.165655438097783,0.36618031641109994,0.16908521548226374,12,10,topcow_ct_005,TopBrain-CT
junction_only,16,18,0,2.8857396487740905,2.6728000043552176,0.21293964441887292,0.07966912753363384,13,12,topcow_ct_005,TopBrain-CT
junction_only,16,19,0,4.460398088463841,2.6728000043552176,1.7875980841086236,0.6688110151136659,19,12,topcow_ct_005,TopBrain-CT
junction_only,17,18,0,1.899998970766913,1.620580679349612,0.2794182914173009,0.17241862437199973,9,8,topcow_ct_005,TopBrain-CT
junction_only,17,20,0,3.2889130502129884,3.0052139749369347,0.28369907527605376,0.09440228803741246,15,14,topcow_ct_005,TopBrain-CT
junction_only,18,22,0,6.218939022823976,4.863549503143897,1.3553895196800791,0.2786831960492903,26,21,topcow_ct_005,TopBrain-CT
junction_only,19,21,0,3.1191389325160603,2.9006687840102066,0.21847014850585378,0.07531716468635084,14,13,topcow_ct_005,TopBrain-CT
junction_only,20,22,0,16.643050686504566,6.798854776323087,9.84419591018148,1.447919720901195,68,29,topcow_ct_005,TopBrain-CT
junction_only,21,22,0,1.69042714877409,1.6904271487740903,2.220446049250313e-16,1.313541403343289e-16,8,8,topcow_ct_005,TopBrain-CT
junction_only,21,23,0,2.7254373339549582,2.669509643788771,0.05592769016618737,0.020950548088978074,12,12,topcow_ct_005,TopBrain-CT
junction_only,23,24,0,23.926049299249197,7.233117803828616,16.69293149542058,2.307847314001262,97,30,topcow_ct_005,TopBrain-CT
junction_only,23,24,1,8.115816675827388,7.233117803828616,0.8826988719987714,0.12203573838262988,34,30,topcow_ct_005,TopBrain-CT
junction_only,24,25,0,10.609856023924271,8.008494635580709,2.6013613883435625,0.32482526451176597,44,34,topcow_ct_005,TopBrain-CT
junction_only,25,26,0,1.501561470766913,1.3537058510806548,0.14785561968625816,0.10922285633043985,8,7,topcow_ct_005,TopBrain-CT
junction_only,25,32,0,18.619515225855718,14.101216235360916,4.518298990494802,0.3204190982593749,76,58,topcow_ct_005,TopBrain-CT
junction_only,26,27,0,5.755756336899329,4.729325122391275,1.0264312145080536,0.2170354517705609,25,20,topcow_ct_005,TopBrain-CT
junction_only,26,90,0,9.362152698987078,7.385007114290751,1.977145584696327,0.2677242626984538,39,31,topcow_ct_005,TopBrain-CT
junction_only,27,31,0,19.195345303101206,14.458886098418207,4.736459204682999,0.3275811962583456,78,59,topcow_ct_005,TopBrain-CT
junction_only,27,91,0,19.213701530577588,10.505674736072702,8.708026794504885,0.8288879118448869,78,44,topcow_ct_005,TopBrain-CT
junction_only,28,31,0,59.207613939657804,34.45061374776444,24.75700019189336,0.7186229067834788,238,139,topcow_ct_005,TopBrain-CT
junction_only,28,88,0,32.7171629447224,22.456403074902713,10.26075986981969,0.4569191172600175,132,91,topcow_ct_005,TopBrain-CT
junction_only,28,92,0,39.421442409252066,21.12583497332857,18.295607435923497,0.8660300271691868,159,86,topcow_ct_005,TopBrain-CT
junction_only,29,48,0,156.5482669835708,114.85647729221266,41.69178969135815,0.3629903221329676,628,461,topcow_ct_005,TopBrain-CT
junction_only,29,97,0,104.76094086009746,75.85676046279696,28.904180397300507,0.3810363139812201,421,305,topcow_ct_005,TopBrain-CT
junction_only,29,102,0,4.133442973711283,3.4858898752909924,0.6475530984202904,0.1857640721843614,18,15,topcow_ct_005,TopBrain-CT
junction_only,30,39,0,34.888596365297126,16.532477580248106,18.35611878504902,1.110306588709951,141,68,topcow_ct_005,TopBrain-CT
junction_only,30,41,0,20.593391089043763,16.65985904263036,3.9335320464134043,0.23610836300283333,84,68,topcow_ct_005,TopBrain-CT
junction_only,30,86,0,52.97608179619253,25.80442140530378,27.17166039088875,1.0529846790249655,213,105,topcow_ct_005,TopBrain-CT
junction_only,31,44,0,8.416201203031742,6.907822926083514,1.5083782769482275,0.2183579824046566,35,29,topcow_ct_005,TopBrain-CT
junction_only,32,57,0,22.29305128104181,15.190574052321475,7.102477228720334,0.46755818471750965,91,62,topcow_ct_005,TopBrain-CT
junction_only,32,96,0,57.05454325941928,30.60353301352895,26.451010245890334,0.8643123078043667,230,124,topcow_ct_005,TopBrain-CT
junction_only,33,43,0,23.883910200688092,6.609416555720426,17.274493644967666,2.6136185394483356,97,28,topcow_ct_005,TopBrain-CT
junction_only,33,93,0,9.346182456440332,6.769827649671002,2.57635480676933,0.3805643127258247,39,29,topcow_ct_005,TopBrain-CT
junction_only,33,94,0,9.958927679872053,8.045756141875744,1.913171537996309,0.2377864186112758,41,34,topcow_ct_005,TopBrain-CT
junction_only,34,37,0,4.7619111577918565,3.5452656728948044,1.216645484897052,0.3431747003331427,21,16,topcow_ct_005,TopBrain-CT
junction_only,34,40,0,7.000091062175124,1.4662961549640987,5.533794907211025,3.773995374997431,30,7,topcow_ct_005,TopBrain-CT
junction_only,34,40,1,3.189647225275796,1.4662961549640987,1.7233510703116974,1.1753090018529664,14,7,topcow_ct_005,TopBrain-CT
junction_only,34,98,0,3.026950403282973,2.6592010261836636,0.36774937709930944,0.13829318410992145,14,12,topcow_ct_005,TopBrain-CT
junction_only,35,41,0,7.67982152906923,6.8984728906226955,0.7813486384465342,0.11326400071944115,32,29,topcow_ct_005,TopBrain-CT
junction_only,35,44,0,18.168970251236797,16.826966142201073,1.3420041090357238,0.07975318293831078,74,69,topcow_ct_005,TopBrain-CT
junction_only,35,95,0,10.082800890056685,7.408066925076086,2.6747339649805992,0.3610569386092753,42,31,topcow_ct_005,TopBrain-CT
junction_only,36,37,0,16.67997435493486,12.77825310601595,3.9017212489189106,0.30534073918773735,68,53,topcow_ct_005,TopBrain-CT
junction_only,36,101,0,12.525816714993876,9.949929579289117,2.5758871357047592,0.25888496146409873,52,41,topcow_ct_005,TopBrain-CT
junction_only,36,104,0,3.026950403282973,2.6592010261836636,0.36774937709930944,0.13829318410992145,14,12,topcow_ct_005,TopBrain-CT
junction_only,37,40,0,3.8238254032829735,2.996060646003557,0.8277647572794167,0.2762843797516487,17,13,topcow_ct_005,TopBrain-CT
junction_only,38,42,0,9.65741298677371,7.171913296466379,2.485499690307331,0.3465601977553108,40,30,topcow_ct_005,TopBrain-CT
junction_only,38,100,0,17.314729765206867,13.065034611302462,4.249695153904405,0.3252723992195188,71,54,topcow_ct_005,TopBrain-CT
junction_only,38,107,0,27.85880487556625,15.460295985301348,12.398508890264901,0.8019580544934329,113,63,topcow_ct_005,TopBrain-CT
junction_only,39,43,0,1.336523254508883,1.1645867108254542,0.1719365436834288,0.1476373910892053,7,6,topcow_ct_005,TopBrain-CT
junction_only,39,45,0,2.838084725275796,2.224587940250115,0.613496785025681,0.27577996532549043,13,10,topcow_ct_005,TopBrain-CT
junction_only,41,55,0,20.447784529477293,16.98392579327767,3.4638587361996223,0.2039492387308143,83,69,topcow_ct_005,TopBrain-CT
junction_only,42,103,0,2.15722571625803,2.031640587447125,0.1255851288109051,0.06181463866535082,10,10,topcow_ct_005,TopBrain-CT
junction_only,42,106,0,55.6477504718045,45.89601722342208,9.751733248382422,0.21247449862394222,224,185,topcow_ct_005,TopBrain-CT
junction_only,43,45,0,2.8142572635266485,2.8142572635266485,0.0,0.0,13,13,topcow_ct_005,TopBrain-CT
junction_only,44,47,0,2.673046509017766,2.3291734216509083,0.3438730873668576,0.1476373910892053,12,11,topcow_ct_005,TopBrain-CT
junction_only,44,99,0,5.469966228220166,3.779910015670016,1.6900562125501497,0.4471154618876754,23,17,topcow_ct_005,TopBrain-CT
junction_only,45,51,0,7.561225384167947,6.59073168476953,0.9704936993984168,0.14725128344112734,32,28,topcow_ct_005,TopBrain-CT
junction_only,45,55,0,34.09136422442771,17.492918489080804,16.598445735346903,0.9488665796795294,138,71,topcow_ct_005,TopBrain-CT
junction_only,46,50,0,11.09793796765869,10.070382200107899,1.0275557675507905,0.1020374149791237,46,42,topcow_ct_005,TopBrain-CT
junction_only,46,53,0,18.59417088400409,9.004454464059025,9.589716419945065,1.0649969365964471,76,38,topcow_ct_005,TopBrain-CT
junction_only,46,105,0,5.6366174043832675,5.399076255625817,0.23754114875745014,0.04399662785090934,24,23,topcow_ct_005,TopBrain-CT
junction_only,47,58,0,72.85453468809328,44.6224641480121,28.23207054008118,0.6326873936507807,293,180,topcow_ct_005,TopBrain-CT
junction_only,47,115,0,30.579854926707668,16.920901114634823,13.658953812072845,0.807223783150607,124,69,topcow_ct_005,TopBrain-CT
junction_only,48,49,0,3.962694763526649,3.3262263510292334,0.6364684124974156,0.1913484968635623,17,15,topcow_ct_005,TopBrain-CT
junction_only,48,109,0,2.8938441498743845,2.493754405541221,0.40008974433316347,0.16043670677599534,13,11,topcow_ct_005,TopBrain-CT
junction_only,49,50,0,4.996329124685962,4.656046818134054,0.3402823065519085,0.07308395294192493,21,20,topcow_ct_005,TopBrain-CT
junction_only,49,111,0,3.88432072932046,3.6231979626515716,0.26112276666888823,0.07206969350297114,17,16,topcow_ct_005,TopBrain-CT
junction_only,50,53,0,2.1857890794460753,1.9589600338093935,0.22682904563668171,0.11579054279917593,10,9,topcow_ct_005,TopBrain-CT
junction_only,51,52,0,13.04476734776117,2.272954201206274,10.771813146554896,4.739124589856766,54,11,topcow_ct_005,TopBrain-CT
junction_only,51,52,1,2.696873970766913,2.272954201206274,0.42391976956063937,0.18650607624898996,12,11,topcow_ct_005,TopBrain-CT
junction_only,52,54,0,15.209114950387734,10.391723391192748,4.817391559194986,0.46357965640981635,62,43,topcow_ct_005,TopBrain-CT
junction_only,53,112,0,3.1477022957041054,2.6179802903729525,0.5297220053311529,0.20233995163335997,14,12,topcow_ct_005,TopBrain-CT
junction_only,54,113,0,5.216108082390445,4.331310876195566,0.8847972061948788,0.204279312080237,22,19,topcow_ct_005,TopBrain-CT
junction_only,54,116,0,8.049456906227343,7.100053985820284,0.9494029204070591,0.13371770444325326,34,30,topcow_ct_005,TopBrain-CT
junction_only,55,121,0,58.69624368863445,27.21924332216548,31.477000366468975,1.1564245190032991,236,110,topcow_ct_005,TopBrain-CT
junction_only,56,58,0,14.44315323008504,11.641833515286853,2.8013197147981863,0.2406253028030149,59,48,topcow_ct_005,TopBrain-CT
junction_only,56,108,0,50.10767116949864,11.977135810641979,38.13053535885666,3.1836105026860215,202,49,topcow_ct_005,TopBrain-CT
junction_only,56,110,0,5.381146298648475,4.275979020298305,1.1051672783501703,0.25845947164471134,23,19,topcow_ct_005,TopBrain-CT
junction_only,57,59,0,18.51946947742023,13.940604509904242,4.5788649675159885,0.3284552663597112,76,57,topcow_ct_005,TopBrain-CT
junction_only,57,114,0,29.27976077683329,12.2821668908689,16.99759388596439,1.3839246801475351,119,51,topcow_ct_005,TopBrain-CT
junction_only,58,117,0,3.6826146487740905,3.4042514922749536,0.2783631564991369,0.08176926914207376,16,15,topcow_ct_005,TopBrain-CT
junction_only,59,60,0,10.703164573036965,8.994291402441398,1.7088731705955666,0.18999530859448388,44,37,topcow_ct_005,TopBrain-CT
junction_only,59,61,0,11.905020103370347,7.73309648523798,4.171923618132367,0.5394894045478833,49,32,topcow_ct_005,TopBrain-CT
junction_only,60,62,0,7.603364482729049,5.642404714040925,1.9609597686881237,0.3475397225243954,32,24,topcow_ct_005,TopBrain-CT
junction_only,60,120,0,8.94774495644033,5.623095380673909,3.324649575766421,0.5912490097879103,37,24,topcow_ct_005,TopBrain-CT
junction_only,61,63,0,10.640566612388113,9.233125708640737,1.4074409037473767,0.15243385048145028,44,38,topcow_ct_005,TopBrain-CT
junction_only,61,123,0,16.697294854771005,10.326898683815061,6.370396170955944,0.6168740844664249,68,43,topcow_ct_005,TopBrain-CT
junction_only,62,64,0,6.319232053157358,4.990646769285646,1.3285852838717123,0.2662150509325436,27,21,topcow_ct_005,TopBrain-CT
junction_only,62,65,0,4.765279757453253,4.131918913319815,0.6333608441334375,0.15328491614191914,21,18,topcow_ct_005,TopBrain-CT
junction_only,63,65,0,1.9238264325160603,1.7818666695701448,0.1419597629459155,0.07966912753363398,9,9,topcow_ct_005,TopBrain-CT
junction_only,63,66,0,4.596872941533826,3.86654824261899,0.7303246989148362,0.18888286220377115,20,17,topcow_ct_005,TopBrain-CT
junction_only,64,70,0,12.784172002608656,7.74221903374002,5.041952968868636,0.6512284071137973,53,32,topcow_ct_005,TopBrain-CT
junction_only,64,122,0,55.73477179472576,19.809998363358083,35.924773431367676,1.813466754132427,224,81,topcow_ct_005,TopBrain-CT
junction_only,65,72,0,30.246841199403143,18.1812922314953,12.065548967907844,0.6636243900753542,122,74,topcow_ct_005,TopBrain-CT
junction_only,66,67,0,37.016963212650225,23.56707929639352,13.449883916256706,0.5707064395677978,150,96,topcow_ct_005,TopBrain-CT
junction_only,66,71,0,11.015176650638967,9.448307140038368,1.5668695106005988,0.16583600505119014,46,39,topcow_ct_005,TopBrain-CT
junction_only,67,68,0,1.734960754508883,1.4662961549640987,0.2686645995447843,0.18322669580441092,8,7,topcow_ct_005,TopBrain-CT
junction_only,67,74,0,14.995155845581378,13.120186059144226,1.874969786437152,0.14290725588684589,61,54,topcow_ct_005,TopBrain-CT
junction_only,68,69,0,20.409067143486073,1.620580679349612,18.78848646413646,11.593675466794314,83,8,topcow_ct_005,TopBrain-CT
junction_only,68,69,1,1.899998970766913,1.620580679349612,0.2794182914173009,0.17241862437199973,9,8,topcow_ct_005,TopBrain-CT
junction_only,68,128,0,27.446755571772812,19.896725853944695,7.550029717828117,0.37946091096848783,111,81,topcow_ct_005,TopBrain-CT
junction_only,69,72,0,11.814393044904172,9.733365467314607,2.0810275775895644,0.21380349731835463,49,40,topcow_ct_005,TopBrain-CT
junction_only,70,70,0,27.23542973379399,0.0,27.23542973379399,nan,110,1,topcow_ct_005,TopBrain-CT
junction_only,70,124,0,8.517622775488784,6.4724853345720295,2.045137440916754,0.3159740555908083,36,27,topcow_ct_005,TopBrain-CT
junction_only,71,72,0,5.5985753398436975,4.5234375,1.0751378398436975,0.2376815949913528,24,20,topcow_ct_005,TopBrain-CT
junction_only,71,73,0,28.62296798921851,7.1120745218189505,21.51089346739956,3.0245596276314095,116,30,topcow_ct_005,TopBrain-CT
junction_only,72,73,0,6.858880307666241,5.414823404322619,1.444056903343622,0.2666858723759745,29,23,topcow_ct_005,TopBrain-CT
junction_only,73,125,0,15.898319229543866,13.851324553793809,2.0469946757500566,0.1477833161586987,65,57,topcow_ct_005,TopBrain-CT
junction_only,73,126,0,12.84330002686864,10.471344128217853,2.3719558986507874,0.22651876106897437,53,43,topcow_ct_005,TopBrain-CT
junction_only,74,75,0,18.59705506588407,10.628331279238994,7.968723786645077,0.7497624582149505,76,44,topcow_ct_005,TopBrain-CT
junction_only,74,75,1,17.476840832690804,10.628331279238994,6.848509553451811,0.6443635763244835,71,44,topcow_ct_005,TopBrain-CT
junction_only,75,127,0,15.11454043622501,11.937305708497416,3.177234727727594,0.266160120659884,62,49,topcow_ct_005,TopBrain-CT
junction_only,75,129,0,12.373132859723302,9.89609408921804,2.4770387705052617,0.2503046907369279,51,41,topcow_ct_005,TopBrain-CT
junction_only,87,89,0,23.079913314319562,15.490680477003746,7.589232837315816,0.4899224955664277,94,63,topcow_ct_005,TopBrain-CT
junction_only,118,119,0,20.92580891582503,12.972185162516954,7.953623753308076,0.6131290645071904,85,53,topcow_ct_005,TopBrain-CT
adaptive,0,1,0,6.730271196042709,4.89982339117163,1.8304478048710795,0.3769386566155614,28,21,topcow_ct_005,TopBrain-CT
adaptive,0,2,0,14.85100779628403,12.856765736327652,1.9942420599563775,0.18517061630714546,61,53,topcow_ct_005,TopBrain-CT
adaptive,0,78,0,4.7619111577918565,3.7200709969913546,1.041840160800502,0.2800592143652906,21,16,topcow_ct_005,TopBrain-CT
adaptive,1,11,0,15.55276711827685,11.161232855590441,4.39153426268641,0.42112476657490616,64,46,topcow_ct_005,TopBrain-CT
adaptive,1,77,0,10.255704847761166,8.777068341989068,1.4786365057720978,0.1738087078377183,43,37,topcow_ct_005,TopBrain-CT
adaptive,2,6,0,27.468581735638065,22.1670084536954,5.301573281942666,0.39701830387988996,111,90,topcow_ct_005,TopBrain-CT
adaptive,2,76,0,14.46536610815879,12.662094453492738,1.8032716546660517,0.1697122989303044,59,52,topcow_ct_005,TopBrain-CT
adaptive,3,14,0,16.325814656527704,13.615761313665079,2.7100533428626257,0.24712342573306292,67,56,topcow_ct_005,TopBrain-CT
adaptive,3,80,0,11.169963140520904,8.496809465888742,2.6731536746321627,0.37014121279163803,46,35,topcow_ct_005,TopBrain-CT
adaptive,3,81,0,10.393794284506551,7.804615301148172,2.589178983358379,0.36181141353192253,43,33,topcow_ct_005,TopBrain-CT
adaptive,4,5,0,9.049405288551213,8.089914445755507,0.9594908427957058,0.12101275198083884,38,34,topcow_ct_005,TopBrain-CT
adaptive,4,5,1,19.273425455360837,14.45332115850536,4.820104296855476,0.6079204300664096,79,59,topcow_ct_005,TopBrain-CT
adaptive,4,17,0,25.614914977256372,21.812508929208246,3.8024060480481268,0.21594068182584622,104,89,topcow_ct_005,TopBrain-CT
adaptive,4,82,0,12.031830608343448,10.797456859951714,1.234373748391734,0.12165007013727556,50,45,topcow_ct_005,TopBrain-CT
adaptive,5,8,0,11.471714969502761,9.403945850117942,2.0677691193848187,0.26193312481774667,47,39,topcow_ct_005,TopBrain-CT
adaptive,6,7,0,7.9112264134010335,7.05058522565954,0.8606411877414937,0.12470928460897569,33,30,topcow_ct_005,TopBrain-CT
adaptive,6,12,0,7.885785991746815,6.320999115959219,1.564786875787596,0.2506093836122369,33,27,topcow_ct_005,TopBrain-CT
adaptive,7,8,0,1.698531649874385,1.6023435595441136,0.09618809033027143,0.060029629574345544,8,8,topcow_ct_005,TopBrain-CT
adaptive,7,83,0,5.723824374049886,4.638011390711153,1.0858129833387329,0.25302639578116964,24,20,topcow_ct_005,TopBrain-CT
adaptive,8,9,0,7.514544553157358,6.014813256920368,1.4997312962369902,0.24933962737936516,32,26,topcow_ct_005,TopBrain-CT
adaptive,9,10,0,3.4049290411952224,2.91549688223337,0.48943215896185244,0.16787264014733938,15,13,topcow_ct_005,TopBrain-CT
adaptive,9,11,0,31.019161927064186,25.559510789124815,5.459651137939371,0.5443341229917943,126,104,topcow_ct_005,TopBrain-CT
adaptive,10,13,0,12.212830544904172,9.562232337531805,2.650598207372367,0.3286661137781621,50,40,topcow_ct_005,TopBrain-CT
adaptive,10,79,0,62.53178095233296,52.68199962727831,9.84978132505465,0.342059472915752,252,212,topcow_ct_005,TopBrain-CT
adaptive,11,13,0,9.87899217489895,8.846547973483712,1.0324442014152382,0.13830907732895917,41,37,topcow_ct_005,TopBrain-CT
adaptive,12,13,0,30.32936538053935,24.22897048969733,6.100394890842022,0.27955993919757166,123,98,topcow_ct_005,TopBrain-CT
adaptive,12,15,0,5.917425953495961,5.190281868926412,0.7271440845695487,0.14009722456941542,25,22,topcow_ct_005,TopBrain-CT
adaptive,13,85,0,12.54867008425532,9.772303916207736,2.776366168047584,0.3209638933696721,52,41,topcow_ct_005,TopBrain-CT
adaptive,14,20,0,33.10699937044208,28.022018933714534,5.084980436727548,0.23192571880888824,134,114,topcow_ct_005,TopBrain-CT
adaptive,14,84,0,3.3127405119621356,2.5253838275720586,0.787356684390077,0.31177703594746364,15,12,topcow_ct_005,TopBrain-CT
adaptive,15,16,0,4.133442973711283,3.414177614993333,0.7192653587179496,0.24007036028372028,18,15,topcow_ct_005,TopBrain-CT
adaptive,15,19,0,2.531835754508883,2.165655438097783,0.36618031641109994,0.16908521548226374,12,10,topcow_ct_005,TopBrain-CT
adaptive,16,18,0,2.8857396487740905,2.6878316633319446,0.19790798544214594,0.07404519048176557,13,12,topcow_ct_005,TopBrain-CT
adaptive,16,19,0,4.460398088463841,3.1649446483135346,1.2954534401503066,0.4846802746331258,19,14,topcow_ct_005,TopBrain-CT
adaptive,17,18,0,1.899998970766913,1.620580679349612,0.2794182914173009,0.17241862437199973,9,8,topcow_ct_005,TopBrain-CT
adaptive,17,20,0,3.2889130502129884,3.0052139749369347,0.28369907527605376,0.09440228803741246,15,14,topcow_ct_005,TopBrain-CT
adaptive,18,22,0,6.218939022823976,5.09434675678222,1.1245922660417564,0.23122870761668965,26,22,topcow_ct_005,TopBrain-CT
adaptive,19,21,0,3.1191389325160603,2.9006687840102066,0.21847014850585378,0.07531716468635084,14,13,topcow_ct_005,TopBrain-CT
adaptive,20,22,0,16.643050686504566,13.477751464211623,3.1652992222929424,0.4655635877554042,68,55,topcow_ct_005,TopBrain-CT
adaptive,21,22,0,1.69042714877409,1.6904271487740903,2.220446049250313e-16,1.313541403343289e-16,8,8,topcow_ct_005,TopBrain-CT
adaptive,21,23,0,2.7254373339549582,2.669509643788771,0.05592769016618737,0.020950548088978074,12,12,topcow_ct_005,TopBrain-CT
adaptive,23,24,0,23.926049299249197,19.09650185169512,4.829547447554077,0.6676992658681313,97,78,topcow_ct_005,TopBrain-CT
adaptive,23,24,1,8.115816675827388,7.233117803828616,0.8826988719987714,0.12203573838262988,34,30,topcow_ct_005,TopBrain-CT
adaptive,24,25,0,10.609856023924271,8.34751344890581,2.2623425750184616,0.2824928626370261,44,35,topcow_ct_005,TopBrain-CT
adaptive,25,26,0,1.501561470766913,1.3537058510806548,0.14785561968625816,0.10922285633043985,8,7,topcow_ct_005,TopBrain-CT
adaptive,25,32,0,18.619515225855718,15.450403828700395,3.169111397155323,0.2247402879482339,76,63,topcow_ct_005,TopBrain-CT
adaptive,26,27,0,5.755756336899329,4.729325122391275,1.0264312145080536,0.2170354517705609,25,20,topcow_ct_005,TopBrain-CT
adaptive,26,90,0,9.362152698987078,8.132672202782155,1.229480496204923,0.16648331913259115,39,34,topcow_ct_005,TopBrain-CT
adaptive,27,31,0,19.195345303101206,15.321676896859117,3.873668406242089,0.267909186079408,78,63,topcow_ct_005,TopBrain-CT
adaptive,27,91,0,19.213701530577588,14.719863267538459,4.4938382630391285,0.4277534166947799,78,60,topcow_ct_005,TopBrain-CT
adaptive,28,31,0,59.207613939657804,48.636533045889365,10.571080893768439,0.3068473894591911,238,196,topcow_ct_005,TopBrain-CT
adaptive,28,88,0,32.7171629447224,26.862737639222125,5.854425305500278,0.26070182682297804,132,109,topcow_ct_005,TopBrain-CT
adaptive,28,92,0,39.421442409252066,32.65149269229472,6.769949716957349,0.32045832628648435,159,132,topcow_ct_005,TopBrain-CT
adaptive,29,48,0,156.5482669835708,130.07399860921078,26.474268374360037,0.2304986971436134,628,522,topcow_ct_005,TopBrain-CT
adaptive,29,97,0,104.76094086009746,88.6924451431149,16.068495716982568,0.2118268117297623,421,356,topcow_ct_005,TopBrain-CT
adaptive,29,102,0,4.133442973711283,3.4858898752909924,0.6475530984202904,0.1857640721843614,18,15,topcow_ct_005,TopBrain-CT
adaptive,30,39,0,34.888596365297126,29.73528496742133,5.153311397875797,0.3117083554392735,141,120,topcow_ct_005,TopBrain-CT
adaptive,30,41,0,20.593391089043763,17.303088767084592,3.290302321959171,0.19749880917597956,84,71,topcow_ct_005,TopBrain-CT
adaptive,30,86,0,52.97608179619253,45.362245060934924,7.613836735257607,0.2950593859737803,213,183,topcow_ct_005,TopBrain-CT
adaptive,31,44,0,8.416201203031742,7.207764832274899,1.2084363707568428,0.17493736936913387,35,30,topcow_ct_005,TopBrain-CT
adaptive,32,57,0,22.29305128104181,17.440688293484655,4.852362987557154,0.3194324961547848,91,71,topcow_ct_005,TopBrain-CT
adaptive,32,96,0,57.05454325941928,44.530083251344536,12.524460008074747,0.4092488276611083,230,180,topcow_ct_005,TopBrain-CT
adaptive,33,43,0,23.883910200688092,20.155629619011805,3.7282805816762874,0.5640861867677979,97,82,topcow_ct_005,TopBrain-CT
adaptive,33,93,0,9.346182456440332,7.284536919886394,2.0616455365539377,0.3045344199647577,39,31,topcow_ct_005,TopBrain-CT
adaptive,33,94,0,9.958927679872053,8.600708355984384,1.3582193238876688,0.1688118928708944,41,36,topcow_ct_005,TopBrain-CT
adaptive,34,37,0,4.7619111577918565,4.006752976914825,0.7551581808770313,0.21300468019944593,21,18,topcow_ct_005,TopBrain-CT
adaptive,34,40,0,7.000091062175124,5.649316347551396,1.3507747146237277,0.9212154789131262,30,24,topcow_ct_005,TopBrain-CT
adaptive,34,40,1,3.189647225275796,1.4662961549640987,1.7233510703116974,1.1753090018529664,14,7,topcow_ct_005,TopBrain-CT
adaptive,34,98,0,3.026950403282973,2.696579456154587,0.3303709471283862,0.12423692074251193,14,12,topcow_ct_005,TopBrain-CT
adaptive,35,41,0,7.67982152906923,6.8984728906226955,0.7813486384465342,0.11326400071944115,32,29,topcow_ct_005,TopBrain-CT
adaptive,35,44,0,18.168970251236797,16.826966142201073,1.3420041090357238,0.07975318293831078,74,69,topcow_ct_005,TopBrain-CT
adaptive,35,95,0,10.082800890056685,8.484220058962503,1.598580831094182,0.2157891994311004,42,35,topcow_ct_005,TopBrain-CT
adaptive,36,37,0,16.67997435493486,13.296078459643113,3.3838958952917473,0.2648167842049257,68,55,topcow_ct_005,TopBrain-CT
adaptive,36,101,0,12.525816714993876,10.011613964157123,2.5142027508367537,0.25268548192241413,52,42,topcow_ct_005,TopBrain-CT
adaptive,36,104,0,3.026950403282973,2.6791036291191617,0.3478467741638114,0.13080875448631335,14,12,topcow_ct_005,TopBrain-CT
adaptive,37,40,0,3.8238254032829735,3.1349252593386634,0.6889001439443101,0.22993531351350766,17,14,topcow_ct_005,TopBrain-CT
adaptive,38,42,0,9.65741298677371,8.031342311151313,1.6260706756223975,0.22672759811856158,40,34,topcow_ct_005,TopBrain-CT
adaptive,38,100,0,17.314729765206867,14.595817356930167,2.718912408276699,0.2081060241451323,71,60,topcow_ct_005,TopBrain-CT
adaptive,38,107,0,27.85880487556625,22.158999191671473,5.699805683894777,0.36867377502434523,113,90,topcow_ct_005,TopBrain-CT
adaptive,39,43,0,1.336523254508883,1.1645867108254542,0.1719365436834288,0.1476373910892053,7,6,topcow_ct_005,TopBrain-CT
adaptive,39,45,0,2.838084725275796,2.767104843802838,0.07097988147295808,0.03190697935051184,13,13,topcow_ct_005,TopBrain-CT
adaptive,41,55,0,20.447784529477293,16.98392579327767,3.4638587361996223,0.2039492387308143,83,69,topcow_ct_005,TopBrain-CT
adaptive,42,103,0,2.15722571625803,2.031640587447125,0.1255851288109051,0.06181463866535082,10,10,topcow_ct_005,TopBrain-CT
adaptive,42,106,0,55.6477504718045,46.23040568648188,9.41734478532262,0.2051887147304946,224,186,topcow_ct_005,TopBrain-CT
adaptive,43,45,0,2.8142572635266485,2.8142572635266485,0.0,0.0,13,13,topcow_ct_005,TopBrain-CT
adaptive,44,47,0,2.673046509017766,2.3291734216509083,0.3438730873668576,0.1476373910892053,12,11,topcow_ct_005,TopBrain-CT
adaptive,44,99,0,5.469966228220166,3.917475429151713,1.5524907990684529,0.410721628989166,23,17,topcow_ct_005,TopBrain-CT
adaptive,45,51,0,7.561225384167947,6.749236469797985,0.8119889143699615,0.12320163423529747,32,28,topcow_ct_005,TopBrain-CT
adaptive,45,55,0,34.09136422442771,28.326676074095108,5.764688150332599,0.3295441040287792,138,115,topcow_ct_005,TopBrain-CT
adaptive,46,50,0,11.09793796765869,10.375842231842013,0.7220957358166764,0.0717048987285646,46,43,topcow_ct_005,TopBrain-CT
adaptive,46,53,0,18.59417088400409,14.62790842845879,3.9662624555452997,0.4404778181039731,76,60,topcow_ct_005,TopBrain-CT
adaptive,46,105,0,5.6366174043832675,5.399076255625817,0.23754114875745014,0.04399662785090934,24,23,topcow_ct_005,TopBrain-CT
adaptive,47,58,0,72.85453468809328,61.86885184958182,10.985682838511458,0.24619175673651952,293,249,topcow_ct_005,TopBrain-CT
adaptive,47,115,0,30.579854926707668,25.303001761345993,5.2768531653616755,0.3118541459235729,124,103,topcow_ct_005,TopBrain-CT
adaptive,48,49,0,3.962694763526649,3.3262263510292334,0.6364684124974156,0.1913484968635623,17,15,topcow_ct_005,TopBrain-CT
adaptive,48,109,0,2.8938441498743845,2.493754405541221,0.40008974433316347,0.16043670677599534,13,11,topcow_ct_005,TopBrain-CT
adaptive,49,50,0,4.996329124685962,4.656046818134054,0.3402823065519085,0.07308395294192493,21,20,topcow_ct_005,TopBrain-CT
adaptive,49,111,0,3.88432072932046,3.6231979626515716,0.26112276666888823,0.07206969350297114,17,16,topcow_ct_005,TopBrain-CT
adaptive,50,53,0,2.1857890794460753,1.9589600338093935,0.22682904563668171,0.11579054279917593,10,9,topcow_ct_005,TopBrain-CT
adaptive,51,52,0,13.04476734776117,10.67516703933768,2.3696003084234896,1.042520041611892,54,44,topcow_ct_005,TopBrain-CT
adaptive,51,52,1,2.696873970766913,2.272954201206274,0.42391976956063937,0.18650607624898996,12,11,topcow_ct_005,TopBrain-CT
adaptive,52,54,0,15.209114950387734,12.186510653568082,3.0226042968196527,0.2908665081849068,62,50,topcow_ct_005,TopBrain-CT
adaptive,53,112,0,3.1477022957041054,2.6179802903729525,0.5297220053311529,0.20233995163335997,14,12,topcow_ct_005,TopBrain-CT
adaptive,54,113,0,5.216108082390445,4.441899761554931,0.7742083208355135,0.17874688355677304,22,19,topcow_ct_005,TopBrain-CT
adaptive,54,116,0,8.049456906227343,7.100053985820284,0.9494029204070591,0.13371770444325326,34,30,topcow_ct_005,TopBrain-CT
adaptive,55,121,0,58.69624368863445,50.08728809697526,8.608955591659196,0.3162819586776924,236,202,topcow_ct_005,TopBrain-CT
adaptive,56,58,0,14.44315323008504,12.357533394263296,2.0856198358217437,0.17914874259996272,59,51,topcow_ct_005,TopBrain-CT
adaptive,56,108,0,50.10767116949864,40.51284716269627,9.59482400680237,0.8010950329441144,202,164,topcow_ct_005,TopBrain-CT
adaptive,56,110,0,5.381146298648475,4.337733734295059,1.0434125643534164,0.24401723193689218,23,19,topcow_ct_005,TopBrain-CT
adaptive,57,59,0,18.51946947742023,15.180821637039148,3.338647840381082,0.23949089424415607,76,62,topcow_ct_005,TopBrain-CT
adaptive,57,114,0,29.27976077683329,22.535047979271717,6.744712797561572,0.5491468124061957,119,92,topcow_ct_005,TopBrain-CT
adaptive,58,117,0,3.6826146487740905,3.4042514922749536,0.2783631564991369,0.08176926914207376,16,15,topcow_ct_005,TopBrain-CT
adaptive,59,60,0,10.703164573036965,9.121716436769551,1.5814481362674133,0.17582798527498755,44,38,topcow_ct_005,TopBrain-CT
adaptive,59,61,0,11.905020103370347,9.713786335530814,2.191233767839533,0.28335787249292277,49,40,topcow_ct_005,TopBrain-CT
adaptive,60,62,0,7.603364482729049,5.663958956234287,1.9394055264947614,0.343719677120753,32,24,topcow_ct_005,TopBrain-CT
adaptive,60,120,0,8.94774495644033,6.801093651858238,2.1466513045820914,0.3817561608433579,37,29,topcow_ct_005,TopBrain-CT
adaptive,61,63,0,10.640566612388113,9.273572192699799,1.3669944196883144,0.14805326633959126,44,39,topcow_ct_005,TopBrain-CT
adaptive,61,123,0,16.697294854771005,13.872579319761705,2.8247155350093003,0.2735298971642246,68,57,topcow_ct_005,TopBrain-CT
adaptive,62,64,0,6.319232053157358,5.193104577305933,1.1261274758514253,0.2256476019865893,27,22,topcow_ct_005,TopBrain-CT
adaptive,62,65,0,4.765279757453253,4.131918913319815,0.6333608441334375,0.15328491614191914,21,18,topcow_ct_005,TopBrain-CT
adaptive,63,65,0,1.9238264325160603,1.7818666695701448,0.1419597629459155,0.07966912753363398,9,9,topcow_ct_005,TopBrain-CT
adaptive,63,66,0,4.596872941533826,3.86654824261899,0.7303246989148362,0.18888286220377115,20,17,topcow_ct_005,TopBrain-CT
adaptive,64,70,0,12.784172002608656,10.033796142928216,2.7503758596804406,0.35524387100061433,53,42,topcow_ct_005,TopBrain-CT
adaptive,64,122,0,55.73477179472576,45.35968362344015,10.375088171285611,0.5237298853328569,224,183,topcow_ct_005,TopBrain-CT
adaptive,65,72,0,30.246841199403143,25.445766304863014,4.801074894540129,0.26406675792951984,122,103,topcow_ct_005,TopBrain-CT
adaptive,66,67,0,37.016963212650225,29.91074875264463,7.106214460005596,0.3015314019456396,150,121,topcow_ct_005,TopBrain-CT
adaptive,66,71,0,11.015176650638967,9.611915893399624,1.4032607572393427,0.14851980745766108,46,40,topcow_ct_005,TopBrain-CT
adaptive,67,68,0,1.734960754508883,1.4662961549640987,0.2686645995447843,0.18322669580441092,8,7,topcow_ct_005,TopBrain-CT
adaptive,67,74,0,14.995155845581378,13.1468252212164,1.8483306243649782,0.14087686074213623,61,54,topcow_ct_005,TopBrain-CT
adaptive,68,69,0,20.409067143486073,17.90976295464357,2.4993041888425047,1.5422275612008105,83,73,topcow_ct_005,TopBrain-CT
adaptive,68,69,1,1.899998970766913,1.620580679349612,0.2794182914173009,0.17241862437199973,9,8,topcow_ct_005,TopBrain-CT
adaptive,68,128,0,27.446755571772812,22.96733900570891,4.4794165660639,0.22513335103201504,111,93,topcow_ct_005,TopBrain-CT
adaptive,69,72,0,11.814393044904172,9.944588491020822,1.86980455388335,0.19210257337632067,49,41,topcow_ct_005,TopBrain-CT
adaptive,70,70,0,27.23542973379399,22.948205410153644,4.287224323640345,nan,110,93,topcow_ct_005,TopBrain-CT
adaptive,70,124,0,8.517622775488784,6.543297191168756,1.9743255843200274,0.30503361263321777,36,28,topcow_ct_005,TopBrain-CT
adaptive,71,72,0,5.5985753398436975,4.5234375,1.0751378398436975,0.2376815949913528,24,20,topcow_ct_005,TopBrain-CT
adaptive,71,73,0,28.62296798921851,23.85741906424943,4.765548924969078,0.6700645374776337,116,97,topcow_ct_005,TopBrain-CT
adaptive,72,73,0,6.858880307666241,5.714047208288737,1.1448330993775038,0.2114257500001922,29,24,topcow_ct_005,TopBrain-CT
adaptive,73,125,0,15.898319229543866,14.083324446262157,1.8149947832817084,0.13103402322520774,65,58,topcow_ct_005,TopBrain-CT
adaptive,73,126,0,12.84330002686864,10.551443664209879,2.291856362658761,0.21886935761023626,53,44,topcow_ct_005,TopBrain-CT
adaptive,74,75,0,18.59705506588407,14.699093190956154,3.8979618749279172,0.36675201144153813,76,60,topcow_ct_005,TopBrain-CT
adaptive,74,75,1,17.476840832690804,14.582917190669972,2.893923642020832,0.27228391419015324,71,60,topcow_ct_005,TopBrain-CT
adaptive,75,127,0,15.11454043622501,12.776997079053842,2.3375433571711675,0.19581833742493648,62,53,topcow_ct_005,TopBrain-CT
adaptive,75,129,0,12.373132859723302,9.949781855673244,2.4233510040500583,0.24487954360603134,51,41,topcow_ct_005,TopBrain-CT
adaptive,87,89,0,23.079913314319562,18.365222132238678,4.714691182080884,0.3043566219753836,94,75,topcow_ct_005,TopBrain-CT
adaptive,118,119,0,20.92580891582503,16.414787731088733,4.511021184736297,0.3477456672273584,85,67,topcow_ct_005,TopBrain-CT
dense,0,1,0,6.730271196042709,6.730271196042709,0.0,0.0,28,28,topcow_ct_005,TopBrain-CT
dense,0,2,0,14.85100779628403,14.85100779628403,0.0,0.0,61,61,topcow_ct_005,TopBrain-CT
dense,0,78,0,4.7619111577918565,4.7619111577918565,0.0,0.0,21,21,topcow_ct_005,TopBrain-CT
dense,1,11,0,15.55276711827685,15.55276711827685,0.0,0.0,64,64,topcow_ct_005,TopBrain-CT
dense,1,77,0,10.255704847761166,10.255704847761166,0.0,0.0,43,43,topcow_ct_005,TopBrain-CT
dense,2,6,0,27.468581735638065,27.468581735638065,0.0,0.0,111,111,topcow_ct_005,TopBrain-CT
dense,2,76,0,14.46536610815879,14.46536610815879,0.0,0.0,59,59,topcow_ct_005,TopBrain-CT
dense,3,14,0,16.325814656527704,16.325814656527704,0.0,0.0,67,67,topcow_ct_005,TopBrain-CT
dense,3,80,0,11.169963140520904,11.169963140520904,0.0,0.0,46,46,topcow_ct_005,TopBrain-CT
dense,3,81,0,10.393794284506551,10.393794284506551,0.0,0.0,43,43,topcow_ct_005,TopBrain-CT
dense,4,5,0,9.049405288551213,9.049405288551213,0.0,0.0,38,38,topcow_ct_005,TopBrain-CT
dense,4,5,1,19.273425455360837,19.273425455360837,0.0,0.0,79,79,topcow_ct_005,TopBrain-CT
dense,4,17,0,25.614914977256372,25.614914977256372,0.0,0.0,104,104,topcow_ct_005,TopBrain-CT
dense,4,82,0,12.031830608343448,12.031830608343448,0.0,0.0,50,50,topcow_ct_005,TopBrain-CT
dense,5,8,0,11.471714969502761,11.471714969502761,0.0,0.0,47,47,topcow_ct_005,TopBrain-CT
dense,6,7,0,7.9112264134010335,7.9112264134010335,0.0,0.0,33,33,topcow_ct_005,TopBrain-CT
dense,6,12,0,7.885785991746815,7.885785991746815,0.0,0.0,33,33,topcow_ct_005,TopBrain-CT
dense,7,8,0,1.698531649874385,1.698531649874385,0.0,0.0,8,8,topcow_ct_005,TopBrain-CT
dense,7,83,0,5.723824374049886,5.723824374049886,0.0,0.0,24,24,topcow_ct_005,TopBrain-CT
dense,8,9,0,7.514544553157358,7.514544553157358,0.0,0.0,32,32,topcow_ct_005,TopBrain-CT
dense,9,10,0,3.4049290411952224,3.4049290411952224,0.0,0.0,15,15,topcow_ct_005,TopBrain-CT
dense,9,11,0,31.019161927064186,31.019161927064186,0.0,0.0,126,126,topcow_ct_005,TopBrain-CT
dense,10,13,0,12.212830544904172,12.212830544904172,0.0,0.0,50,50,topcow_ct_005,TopBrain-CT
dense,10,79,0,62.53178095233296,62.53178095233296,0.0,0.0,252,252,topcow_ct_005,TopBrain-CT
dense,11,13,0,9.87899217489895,9.87899217489895,0.0,0.0,41,41,topcow_ct_005,TopBrain-CT
dense,12,13,0,30.32936538053935,30.32936538053935,0.0,0.0,123,123,topcow_ct_005,TopBrain-CT
dense,12,15,0,5.917425953495961,5.917425953495961,0.0,0.0,25,25,topcow_ct_005,TopBrain-CT
dense,13,85,0,12.54867008425532,12.54867008425532,0.0,0.0,52,52,topcow_ct_005,TopBrain-CT
dense,14,20,0,33.10699937044208,33.10699937044208,0.0,0.0,134,134,topcow_ct_005,TopBrain-CT
dense,14,84,0,3.3127405119621356,3.3127405119621356,0.0,0.0,15,15,topcow_ct_005,TopBrain-CT
dense,15,16,0,4.133442973711283,4.133442973711283,0.0,0.0,18,18,topcow_ct_005,TopBrain-CT
dense,15,19,0,2.531835754508883,2.531835754508883,0.0,0.0,12,12,topcow_ct_005,TopBrain-CT
dense,16,18,0,2.8857396487740905,2.8857396487740905,0.0,0.0,13,13,topcow_ct_005,TopBrain-CT
dense,16,19,0,4.460398088463841,4.460398088463841,0.0,0.0,19,19,topcow_ct_005,TopBrain-CT
dense,17,18,0,1.899998970766913,1.899998970766913,0.0,0.0,9,9,topcow_ct_005,TopBrain-CT
dense,17,20,0,3.2889130502129884,3.2889130502129884,0.0,0.0,15,15,topcow_ct_005,TopBrain-CT
dense,18,22,0,6.218939022823976,6.218939022823976,0.0,0.0,26,26,topcow_ct_005,TopBrain-CT
dense,19,21,0,3.1191389325160603,3.1191389325160603,0.0,0.0,14,14,topcow_ct_005,TopBrain-CT
dense,20,22,0,16.643050686504566,16.643050686504566,0.0,0.0,68,68,topcow_ct_005,TopBrain-CT
dense,21,22,0,1.69042714877409,1.69042714877409,0.0,0.0,8,8,topcow_ct_005,TopBrain-CT
dense,21,23,0,2.7254373339549582,2.7254373339549582,0.0,0.0,12,12,topcow_ct_005,TopBrain-CT
dense,23,24,0,23.926049299249197,23.926049299249197,0.0,0.0,97,97,topcow_ct_005,TopBrain-CT
dense,23,24,1,8.115816675827388,8.115816675827388,0.0,0.0,34,34,topcow_ct_005,TopBrain-CT
dense,24,25,0,10.609856023924271,10.609856023924271,0.0,0.0,44,44,topcow_ct_005,TopBrain-CT
dense,25,26,0,1.501561470766913,1.501561470766913,0.0,0.0,8,8,topcow_ct_005,TopBrain-CT
dense,25,32,0,18.619515225855718,18.619515225855718,0.0,0.0,76,76,topcow_ct_005,TopBrain-CT
dense,26,27,0,5.755756336899329,5.755756336899329,0.0,0.0,25,25,topcow_ct_005,TopBrain-CT
dense,26,90,0,9.362152698987078,9.362152698987078,0.0,0.0,39,39,topcow_ct_005,TopBrain-CT
dense,27,31,0,19.195345303101206,19.195345303101206,0.0,0.0,78,78,topcow_ct_005,TopBrain-CT
dense,27,91,0,19.213701530577588,19.213701530577588,0.0,0.0,78,78,topcow_ct_005,TopBrain-CT
dense,28,31,0,59.207613939657804,59.207613939657804,0.0,0.0,238,238,topcow_ct_005,TopBrain-CT
dense,28,88,0,32.7171629447224,32.7171629447224,0.0,0.0,132,132,topcow_ct_005,TopBrain-CT
dense,28,92,0,39.421442409252066,39.421442409252066,0.0,0.0,159,159,topcow_ct_005,TopBrain-CT
dense,29,48,0,156.5482669835708,156.5482669835708,0.0,0.0,628,628,topcow_ct_005,TopBrain-CT
dense,29,97,0,104.76094086009746,104.76094086009746,0.0,0.0,421,421,topcow_ct_005,TopBrain-CT
dense,29,102,0,4.133442973711283,4.133442973711283,0.0,0.0,18,18,topcow_ct_005,TopBrain-CT
dense,30,39,0,34.888596365297126,34.888596365297126,0.0,0.0,141,141,topcow_ct_005,TopBrain-CT
dense,30,41,0,20.593391089043763,20.593391089043763,0.0,0.0,84,84,topcow_ct_005,TopBrain-CT
dense,30,86,0,52.97608179619253,52.97608179619253,0.0,0.0,213,213,topcow_ct_005,TopBrain-CT
dense,31,44,0,8.416201203031742,8.416201203031742,0.0,0.0,35,35,topcow_ct_005,TopBrain-CT
dense,32,57,0,22.29305128104181,22.29305128104181,0.0,0.0,91,91,topcow_ct_005,TopBrain-CT
dense,32,96,0,57.05454325941928,57.05454325941928,0.0,0.0,230,230,topcow_ct_005,TopBrain-CT
dense,33,43,0,23.883910200688092,23.883910200688092,0.0,0.0,97,97,topcow_ct_005,TopBrain-CT
dense,33,93,0,9.346182456440332,9.346182456440332,0.0,0.0,39,39,topcow_ct_005,TopBrain-CT
dense,33,94,0,9.958927679872053,9.958927679872053,0.0,0.0,41,41,topcow_ct_005,TopBrain-CT
dense,34,37,0,4.7619111577918565,4.7619111577918565,0.0,0.0,21,21,topcow_ct_005,TopBrain-CT
dense,34,40,0,7.000091062175124,7.000091062175124,0.0,0.0,30,30,topcow_ct_005,TopBrain-CT
dense,34,40,1,3.189647225275796,3.189647225275796,0.0,0.0,14,14,topcow_ct_005,TopBrain-CT
dense,34,98,0,3.026950403282973,3.026950403282973,0.0,0.0,14,14,topcow_ct_005,TopBrain-CT
dense,35,41,0,7.67982152906923,7.67982152906923,0.0,0.0,32,32,topcow_ct_005,TopBrain-CT
dense,35,44,0,18.168970251236797,18.168970251236797,0.0,0.0,74,74,topcow_ct_005,TopBrain-CT
dense,35,95,0,10.082800890056685,10.082800890056685,0.0,0.0,42,42,topcow_ct_005,TopBrain-CT
dense,36,37,0,16.67997435493486,16.67997435493486,0.0,0.0,68,68,topcow_ct_005,TopBrain-CT
dense,36,101,0,12.525816714993876,12.525816714993876,0.0,0.0,52,52,topcow_ct_005,TopBrain-CT
dense,36,104,0,3.026950403282973,3.026950403282973,0.0,0.0,14,14,topcow_ct_005,TopBrain-CT
dense,37,40,0,3.8238254032829735,3.8238254032829735,0.0,0.0,17,17,topcow_ct_005,TopBrain-CT
dense,38,42,0,9.65741298677371,9.65741298677371,0.0,0.0,40,40,topcow_ct_005,TopBrain-CT
dense,38,100,0,17.314729765206867,17.314729765206867,0.0,0.0,71,71,topcow_ct_005,TopBrain-CT
dense,38,107,0,27.85880487556625,27.85880487556625,0.0,0.0,113,113,topcow_ct_005,TopBrain-CT
dense,39,43,0,1.336523254508883,1.336523254508883,0.0,0.0,7,7,topcow_ct_005,TopBrain-CT
dense,39,45,0,2.838084725275796,2.838084725275796,0.0,0.0,13,13,topcow_ct_005,TopBrain-CT
dense,41,55,0,20.447784529477293,20.447784529477293,0.0,0.0,83,83,topcow_ct_005,TopBrain-CT
dense,42,103,0,2.15722571625803,2.15722571625803,0.0,0.0,10,10,topcow_ct_005,TopBrain-CT
dense,42,106,0,55.6477504718045,55.6477504718045,0.0,0.0,224,224,topcow_ct_005,TopBrain-CT
dense,43,45,0,2.8142572635266485,2.8142572635266485,0.0,0.0,13,13,topcow_ct_005,TopBrain-CT
dense,44,47,0,2.673046509017766,2.673046509017766,0.0,0.0,12,12,topcow_ct_005,TopBrain-CT
dense,44,99,0,5.469966228220166,5.469966228220166,0.0,0.0,23,23,topcow_ct_005,TopBrain-CT
dense,45,51,0,7.561225384167947,7.561225384167947,0.0,0.0,32,32,topcow_ct_005,TopBrain-CT
dense,45,55,0,34.09136422442771,34.09136422442771,0.0,0.0,138,138,topcow_ct_005,TopBrain-CT
dense,46,50,0,11.09793796765869,11.09793796765869,0.0,0.0,46,46,topcow_ct_005,TopBrain-CT
dense,46,53,0,18.59417088400409,18.59417088400409,0.0,0.0,76,76,topcow_ct_005,TopBrain-CT
dense,46,105,0,5.6366174043832675,5.6366174043832675,0.0,0.0,24,24,topcow_ct_005,TopBrain-CT
dense,47,58,0,72.85453468809328,72.85453468809328,0.0,0.0,293,293,topcow_ct_005,TopBrain-CT
dense,47,115,0,30.579854926707668,30.579854926707668,0.0,0.0,124,124,topcow_ct_005,TopBrain-CT
dense,48,49,0,3.962694763526649,3.962694763526649,0.0,0.0,17,17,topcow_ct_005,TopBrain-CT
dense,48,109,0,2.8938441498743845,2.8938441498743845,0.0,0.0,13,13,topcow_ct_005,TopBrain-CT
dense,49,50,0,4.996329124685962,4.996329124685962,0.0,0.0,21,21,topcow_ct_005,TopBrain-CT
dense,49,111,0,3.88432072932046,3.88432072932046,0.0,0.0,17,17,topcow_ct_005,TopBrain-CT
dense,50,53,0,2.1857890794460753,2.1857890794460753,0.0,0.0,10,10,topcow_ct_005,TopBrain-CT
dense,51,52,0,13.04476734776117,13.04476734776117,0.0,0.0,54,54,topcow_ct_005,TopBrain-CT
dense,51,52,1,2.696873970766913,2.696873970766913,0.0,0.0,12,12,topcow_ct_005,TopBrain-CT
dense,52,54,0,15.209114950387734,15.209114950387734,0.0,0.0,62,62,topcow_ct_005,TopBrain-CT
dense,53,112,0,3.1477022957041054,3.1477022957041054,0.0,0.0,14,14,topcow_ct_005,TopBrain-CT
dense,54,113,0,5.216108082390445,5.216108082390445,0.0,0.0,22,22,topcow_ct_005,TopBrain-CT
dense,54,116,0,8.049456906227343,8.049456906227343,0.0,0.0,34,34,topcow_ct_005,TopBrain-CT
dense,55,121,0,58.69624368863445,58.69624368863445,0.0,0.0,236,236,topcow_ct_005,TopBrain-CT
dense,56,58,0,14.44315323008504,14.44315323008504,0.0,0.0,59,59,topcow_ct_005,TopBrain-CT
dense,56,108,0,50.10767116949864,50.10767116949864,0.0,0.0,202,202,topcow_ct_005,TopBrain-CT
dense,56,110,0,5.381146298648475,5.381146298648475,0.0,0.0,23,23,topcow_ct_005,TopBrain-CT
dense,57,59,0,18.51946947742023,18.51946947742023,0.0,0.0,76,76,topcow_ct_005,TopBrain-CT
dense,57,114,0,29.27976077683329,29.27976077683329,0.0,0.0,119,119,topcow_ct_005,TopBrain-CT
dense,58,117,0,3.6826146487740905,3.6826146487740905,0.0,0.0,16,16,topcow_ct_005,TopBrain-CT
dense,59,60,0,10.703164573036965,10.703164573036965,0.0,0.0,44,44,topcow_ct_005,TopBrain-CT
dense,59,61,0,11.905020103370347,11.905020103370347,0.0,0.0,49,49,topcow_ct_005,TopBrain-CT
dense,60,62,0,7.603364482729049,7.603364482729049,0.0,0.0,32,32,topcow_ct_005,TopBrain-CT
dense,60,120,0,8.94774495644033,8.94774495644033,0.0,0.0,37,37,topcow_ct_005,TopBrain-CT
dense,61,63,0,10.640566612388113,10.640566612388113,0.0,0.0,44,44,topcow_ct_005,TopBrain-CT
dense,61,123,0,16.697294854771005,16.697294854771005,0.0,0.0,68,68,topcow_ct_005,TopBrain-CT
dense,62,64,0,6.319232053157358,6.319232053157358,0.0,0.0,27,27,topcow_ct_005,TopBrain-CT
dense,62,65,0,4.765279757453253,4.765279757453253,0.0,0.0,21,21,topcow_ct_005,TopBrain-CT
dense,63,65,0,1.9238264325160603,1.9238264325160603,0.0,0.0,9,9,topcow_ct_005,TopBrain-CT
dense,63,66,0,4.596872941533826,4.596872941533826,0.0,0.0,20,20,topcow_ct_005,TopBrain-CT
dense,64,70,0,12.784172002608656,12.784172002608656,0.0,0.0,53,53,topcow_ct_005,TopBrain-CT
dense,64,122,0,55.73477179472576,55.73477179472576,0.0,0.0,224,224,topcow_ct_005,TopBrain-CT
dense,65,72,0,30.246841199403143,30.246841199403143,0.0,0.0,122,122,topcow_ct_005,TopBrain-CT
dense,66,67,0,37.016963212650225,37.016963212650225,0.0,0.0,150,150,topcow_ct_005,TopBrain-CT
dense,66,71,0,11.015176650638967,11.015176650638967,0.0,0.0,46,46,topcow_ct_005,TopBrain-CT
dense,67,68,0,1.734960754508883,1.734960754508883,0.0,0.0,8,8,topcow_ct_005,TopBrain-CT
dense,67,74,0,14.995155845581378,14.995155845581378,0.0,0.0,61,61,topcow_ct_005,TopBrain-CT
dense,68,69,0,20.409067143486073,20.409067143486073,0.0,0.0,83,83,topcow_ct_005,TopBrain-CT
dense,68,69,1,1.899998970766913,1.899998970766913,0.0,0.0,9,9,topcow_ct_005,TopBrain-CT
dense,68,128,0,27.446755571772812,27.446755571772812,0.0,0.0,111,111,topcow_ct_005,TopBrain-CT
dense,69,72,0,11.814393044904172,11.814393044904172,0.0,0.0,49,49,topcow_ct_005,TopBrain-CT
dense,70,70,0,27.23542973379399,27.23542973379399,0.0,nan,110,110,topcow_ct_005,TopBrain-CT
dense,70,124,0,8.517622775488784,8.517622775488784,0.0,0.0,36,36,topcow_ct_005,TopBrain-CT
dense,71,72,0,5.5985753398436975,5.5985753398436975,0.0,0.0,24,24,topcow_ct_005,TopBrain-CT
dense,71,73,0,28.62296798921851,28.62296798921851,0.0,0.0,116,116,topcow_ct_005,TopBrain-CT
dense,72,73,0,6.858880307666241,6.858880307666241,0.0,0.0,29,29,topcow_ct_005,TopBrain-CT
dense,73,125,0,15.898319229543866,15.898319229543866,0.0,0.0,65,65,topcow_ct_005,TopBrain-CT
dense,73,126,0,12.84330002686864,12.84330002686864,0.0,0.0,53,53,topcow_ct_005,TopBrain-CT
dense,74,75,0,18.59705506588407,18.59705506588407,0.0,0.0,76,76,topcow_ct_005,TopBrain-CT
dense,74,75,1,17.476840832690804,17.476840832690804,0.0,0.0,71,71,topcow_ct_005,TopBrain-CT
dense,75,127,0,15.11454043622501,15.11454043622501,0.0,0.0,62,62,topcow_ct_005,TopBrain-CT
dense,75,129,0,12.373132859723302,12.373132859723302,0.0,0.0,51,51,topcow_ct_005,TopBrain-CT
dense,87,89,0,23.079913314319562,23.079913314319562,0.0,0.0,94,94,topcow_ct_005,TopBrain-CT
dense,118,119,0,20.92580891582503,20.92580891582503,0.0,0.0,85,85,topcow_ct_005,TopBrain-CT
