representation,nodes,edges,degree_2,endpoints,junctions,high_degree,components,cycle_rank,branches,physical_length_mm,dense_length_mm,relative_length_error,nodes_per_dense_mm,junctions_per_dense_mm,length_weighted_absolute_branch_length_error_fraction,length_weighted_tortuosity_error,closed_or_degenerate_branches,junction_angle_mae_deg,curve_acd_mm,curve_hd95_mm,curve_precision_0.5mm,curve_recall_0.5mm,curve_f1_0.5mm,curve_precision_1mm,curve_recall_1mm,curve_f1_1mm,curve_precision_2mm,curve_recall_2mm,curve_f1_2mm,dataset,modality,site,stratum,subject,split,spacing_x_mm,spacing_y_mm,spacing_z_mm
junction_only,311,382,0,109,202,44,20,91,382,2842.076861367538,4199.302021166138,-0.32320255912950524,0.07405992672887955,0.04810323215187676,0.32320255912950707,0.5565568308225325,1,26.2469045677691,2.3135281372050542,9.89029981194174,0.3473885960709152,0.25337047353760445,0.2930226692887306,0.4999201405526274,0.3916434540389972,0.43920692091375174,0.6722568279827503,0.5558774373259053,0.6085530113761243,ixi,mra,Guys,IXI-Guys,IXI123-Guys-0774-MRA_IXI-Guys,train,0.46874976,0.46874988,0.80000001
adaptive,1215,1286,904,109,202,44,20,91,382,3597.8686711688665,4199.302021166138,-0.14322221811286973,0.2893337973491597,0.04810323215187676,0.14322221811287014,0.2271322960873506,1,17.55867273948408,0.25889272802640784,0.6017155476018318,0.9313094931824029,0.888133704735376,0.9092093134667796,0.9966555183946488,0.9947632311977715,0.9957084757510354,1.0,1.0,1.0,ixi,mra,Guys,IXI-Guys,IXI123-Guys-0774-MRA_IXI-Guys,train,0.46874976,0.46874988,0.80000001
dense,5723,5794,5412,109,202,44,20,91,382,4199.302021166138,4199.302021166138,0.0,1.3628455326989637,0.04810323215187676,0.0,0.0,1,0.0,3.6968893249037765e-15,1.1124228549308511e-14,1.0,1.0,1.0,1.0,1.0,1.0,1.0,1.0,1.0,ixi,mra,Guys,IXI-Guys,IXI123-Guys-0774-MRA_IXI-Guys,train,0.46874976,0.46874988,0.80000001
junction_only,366,457,0,119,247,46,15,106,457,3393.080703256577,4971.2246099886115,-0.31745576403067605,0.07362371019498926,0.049685946497711325,0.31745576403067527,0.6019615962692607,0,26.07624293164963,2.262585686368312,10.611180767309706,0.3742306663098742,0.27334273624823696,0.31592784358669657,0.5301043617875301,0.4167371885284438,0.46663393951031873,0.7029702970297029,0.574330042313117,0.6321723215789001,ixi,mra,Guys,IXI-Guys,IXI111-Guys-0734-MRA_IXI-Guys,train,0.46874991,0.46875006,0.80000001
adaptive,1327,1418,961,119,247,46,15,106,457,4239.322213546179,4971.2246099886115,-0.14722778668496111,0.26693623887636814,0.049685946497711325,0.1472277866849608,0.24467062495945816,0,18.17967687212668,0.2669130245826842,0.6154138157053913,0.9204892966360856,0.8757874941231781,0.8975821751027283,0.9996723460026212,0.998589562764457,0.9991306610237107,1.0,1.0,1.0,ixi,mra,Guys,IXI-Guys,IXI111-Guys-0734-MRA_IXI-Guys,train,0.46874991,0.46875006,0.80000001
dense,6757,6848,6391,119,247,46,15,106,457,4971.2246099886115,4971.2246099886115,0.0,1.3592224311135037,0.049685946497711325,0.0,0.0,0,0.0,3.621638666511033e-15,1.0989325826840616e-14,1.0,1.0,1.0,1.0,1.0,1.0,1.0,1.0,1.0,ixi,mra,Guys,IXI-Guys,IXI111-Guys-0734-MRA_IXI-Guys,train,0.46874991,0.46875006,0.80000001
junction_only,332,394,0,119,213,29,21,83,394,3219.638959627166,4713.225744424558,-0.31689269001473325,0.07044008031924517,0.045191979240961515,0.3168926900147347,0.604200786968481,0,25.70010808548954,2.0638582786255535,8.03731960167555,0.34844393917862726,0.25237286442202017,0.2927274819678748,0.5294869972999858,0.4072334898591268,0.4603824528263508,0.7223248543413386,0.5869717254470976,0.6476519875345109,ixi,mra,Guys,IXI-Guys,IXI156-Guys-0837-MRA_IXI-Guys,train,0.46875,0.46875,0.80000001
adaptive,1277,1339,945,119,213,29,21,83,394,4032.955298951555,4713.225744424558,-0.144332243427491,0.27093970652914484,0.045191979240961515,0.14433224342749176,0.2370538910613597,0,18.062902864034886,0.26894961049031674,0.6060746666792666,0.9204991911254911,0.878109701268858,0.8988049299160353,0.9997688929974579,0.9990008991907283,0.9993847485497163,1.0,1.0,1.0,ixi,mra,Guys,IXI-Guys,IXI156-Guys-0837-MRA_IXI-Guys,train,0.46875,0.46875,0.80000001
dense,6460,6522,6128,119,213,29,21,83,394,4713.225744424558,4713.225744424558,0.0,1.3706112013925418,0.045191979240961515,0.0,0.0,0,0.0,3.693338209983105e-15,1.1246518723090252e-14,1.0,1.0,1.0,1.0,1.0,1.0,1.0,1.0,1.0,ixi,mra,Guys,IXI-Guys,IXI156-Guys-0837-MRA_IXI-Guys,train,0.46875,0.46875,0.80000001
junction_only,350,438,0,111,239,44,21,109,438,3291.0168581800426,5055.428318097384,-0.34901324851172644,0.06923251166415961,0.04727591510781185,0.34901324851172655,0.8687707078668021,1,26.398624748319186,2.3614328525003927,10.086012718779388,0.35259156876295783,0.2493270212568458,0.29210131408984813,0.5076710435383552,0.3805810823354683,0.4350341295949781,0.6826537664132688,0.538754293140258,0.6022273138069101,ixi,mra,Guys,IXI-Guys,IXI241-Guys-0833-MRA_IXI-Guys,train,0.46875,0.46875,0.80000001
adaptive,1351,1439,1001,111,239,44,21,109,438,4319.2427102622205,5055.428318097384,-0.14562279623266977,0.2672374950236561,0.04727591510781185,0.14562279623266977,0.2800128966767388,1,18.523706984481684,0.27674732099962107,0.6333049921185524,0.9071743573195654,0.864476004826882,0.8853106469008658,0.9988168226309562,0.9974937343358395,0.9981548400339215,1.0,1.0,1.0,ixi,mra,Guys,IXI-Guys,IXI241-Guys-0833-MRA_IXI-Guys,train,0.46875,0.46875,0.80000001
dense,6875,6963,6525,111,239,44,21,109,438,5055.428318097384,5055.428318097384,0.0,1.3599243362602782,0.04727591510781185,0.0,0.0,1,0.0,3.810320495646534e-15,1.1407507812066435e-14,1.0,1.0,1.0,1.0,1.0,1.0,1.0,1.0,1.0,ixi,mra,Guys,IXI-Guys,IXI241-Guys-0833-MRA_IXI-Guys,train,0.46875,0.46875,0.80000001
junction_only,293,371,0,86,207,32,10,88,371,2874.7184235570585,4316.949177032267,-0.33408564574917815,0.06787200589686489,0.0479505297633141,0.3340856457491783,0.6915818911088845,0,26.077477924432607,2.2879317967775603,9.758286086071005,0.3640976847446876,0.26168732333115896,0.30451272345073926,0.5248969235648588,0.4029136768862796,0.4558864694086914,0.6950523311132255,0.5565340291367689,0.6181279799471172,ixi,mra,Guys,IXI-Guys,IXI062-Guys-0740-MRA_IXI-Guys,train,0.46875009,0.46875,0.80000001
adaptive,1061,1139,768,86,207,32,10,88,371,3660.2034739347487,4316.949177032267,-0.15213190523336317,0.2457754206708998,0.0479505297633141,0.15213190523336387,0.26296127457853413,0,19.454647475296863,0.27831704644051247,0.6292606500884627,0.9111562381012819,0.8613829093281148,0.8855707501483036,0.9998730803401447,0.9991302457055882,0.9995015250032626,1.0,1.0,1.0,ixi,mra,Guys,IXI-Guys,IXI062-Guys-0740-MRA_IXI-Guys,train,0.46875009,0.46875,0.80000001
dense,5976,6054,5683,86,207,32,10,88,371,4316.949177032267,4316.949177032267,0.0,1.3843109462104592,0.0479505297633141,0.0,0.0,0,0.0,3.512470505086956e-15,1.1002371112517581e-14,1.0,1.0,1.0,1.0,1.0,1.0,1.0,1.0,1.0,ixi,mra,Guys,IXI-Guys,IXI062-Guys-0740-MRA_IXI-Guys,train,0.46875009,0.46875,0.80000001
junction_only,255,293,0,103,152,24,20,58,293,2450.706605151745,3686.190157365322,-0.33516544168102014,0.06917711488391022,0.04123498612687982,0.3351654416810204,0.6019823494005183,2,24.689297671641846,2.294023224742555,10.021329573480676,0.32440029985007496,0.23060179257362357,0.2695748058540257,0.4844452773613193,0.3736235595390525,0.4218779686335006,0.6922788605697151,0.5591549295774648,0.6186362244291026,ixi,mra,Guys,IXI-Guys,IXI077-Guys-0752-MRA_IXI-Guys,train,0.48828101,0.48828089,0.80000001
adaptive,1028,1066,773,103,152,24,20,58,293,3125.851059099699,3686.190157365322,-0.15201036146928504,0.27887872196337143,0.04123498612687982,0.15201036146928457,0.24680515602226127,2,17.614937118580865,0.27756820339064514,0.6403543848655712,0.9071610106144417,0.8568501920614596,0.8812881516812728,0.9983555090447003,0.9967989756722151,0.9975766351883969,1.0,1.0,1.0,ixi,mra,Guys,IXI-Guys,IXI077-Guys-0752-MRA_IXI-Guys,train,0.48828101,0.48828089,0.80000001
dense,4921,4959,4666,103,152,24,20,58,293,3686.190157365322,3686.190157365322,0.0,1.3349826758577341,0.04123498612687982,0.0,0.0,2,0.0,3.4796313966943796e-15,1.0812468897886721e-14,1.0,1.0,1.0,1.0,1.0,1.0,1.0,1.0,1.0,ixi,mra,Guys,IXI-Guys,IXI077-Guys-0752-MRA_IXI-Guys,train,0.48828101,0.48828089,0.80000001
junction_only,279,363,0,70,209,28,1,85,363,2974.2521600880928,4978.105148950628,-0.4025332790097739,0.056045421229965885,0.04198384601097803,0.40253327900977304,1.2327323801657577,1,25.822679370663256,2.915950051855594,12.254994638280097,0.3269675034652703,0.20952380952380953,0.2553908153138252,0.4649622670568304,0.3177142857142857,0.3774871089188134,0.6419220699214538,0.4604761904761905,0.536266864632751,ixi,mra,HH,IXI-HH,IXI013-HH-1212-MRA_IXI-HH,train,0.46874998,0.46874999,0.79999996
adaptive,1220,1304,941,70,209,28,1,85,363,4214.086264241609,4978.105148950628,-0.15347584308661552,0.24507316810235977,0.04198384601097803,0.15347584308661502,0.35411344819809887,1,19.442145709473394,0.2902124594911042,0.6483614827088681,0.9016941596076683,0.8518095238095238,0.876042268950852,0.9977708426214891,0.9960952380952381,0.9969323362863711,1.0,1.0,1.0,ixi,mra,HH,IXI-HH,IXI013-HH-1212-MRA_IXI-HH,train,0.46874998,0.46874999,0.79999996
dense,6797,6881,6518,70,209,28,1,85,363,4978.105148950628,4978.105148950628,0.0,1.3653789537637209,0.04198384601097803,0.0,0.0,1,0.0,1.968517136492593e-15,4.4480550639232325e-15,1.0,1.0,1.0,1.0,1.0,1.0,1.0,1.0,1.0,ixi,mra,HH,IXI-HH,IXI013-HH-1212-MRA_IXI-HH,train,0.46874998,0.46874999,0.79999996
junction_only,348,443,0,107,241,53,17,112,443,3032.2029015151074,4532.524508887255,-0.33101235402706736,0.07677840446701407,0.053171251369397675,0.33101235402706847,0.632037397858436,1,24.968944211427754,2.22744867650687,9.941662447810875,0.3888476939047901,0.2821644932744635,0.3270253941968376,0.551238321222008,0.4323852551596673,0.4846311696841205,0.7137772504819813,0.5821952972584454,0.6413064215676673,ixi,mra,HH,IXI-HH,IXI105-HH-1471-MRA_IXI-HH,train,0.46875,0.46875,0.80000001
adaptive,1266,1361,918,107,241,53,17,112,443,3855.4752985475006,4532.524508887255,-0.14937574171131657,0.27931454038862014,0.053171251369397675,0.1493757417113175,0.2507661057816592,1,18.20774794841789,0.27498303220407383,0.6516339840052863,0.9129293893129771,0.8639490707464832,0.8877641496399338,0.9897423664122137,0.9867542868877708,0.9882460679516967,1.0,0.9998973200533936,0.9999486573907687,ixi,mra,HH,IXI-HH,IXI105-HH-1471-MRA_IXI-HH,train,0.46875,0.46875,0.80000001
dense,6185,6280,5837,107,241,53,17,112,443,4532.524508887255,4532.524508887255,0.0,1.364581700081845,0.053171251369397675,0.0,0.0,1,0.0,3.597733520385986e-15,1.1120533807067048e-14,1.0,1.0,1.0,1.0,1.0,1.0,1.0,1.0,1.0,ixi,mra,HH,IXI-HH,IXI105-HH-1471-MRA_IXI-HH,train,0.46875,0.46875,0.80000001
junction_only,399,528,0,105,294,64,17,146,528,3344.6799680424865,5136.712472179752,-0.3488675906706572,0.07767614055896052,0.05723505093818144,0.3488675906706575,0.6967806129601739,2,25.543171170666938,2.005588168843775,8.250087312439408,0.39073999732369863,0.27570641870542567,0.323295384943226,0.5564030509835407,0.42484427191477836,0.4818044209039006,0.7276863374816004,0.5802112485329963,0.6456343415957503,ixi,mra,HH,IXI-HH,IXI160-HH-1637-MRA_IXI-HH,train,0.46875,0.46875,0.80000001
adaptive,1587,1716,1188,105,294,64,17,146,528,4374.673193067539,5136.712472179752,-0.14835155427511082,0.30895246883977534,0.05723505093818144,0.14835155427511032,0.261933188827396,2,18.468178430191266,0.2619229818857691,0.6294704499390024,0.9191707674589048,0.8746953146158707,0.8963816994614031,0.993299130981049,0.9919653335740723,0.9926317842225145,1.0,1.0,1.0,ixi,mra,HH,IXI-HH,IXI160-HH-1637-MRA_IXI-HH,train,0.46875,0.46875,0.80000001
dense,6949,7078,6550,105,294,64,17,146,528,5136.712472179752,5136.712472179752,0.0,1.3528107788075605,0.05723505093818144,0.0,0.0,2,0.0,3.475956398586421e-15,1.1090927950493758e-14,1.0,1.0,1.0,1.0,1.0,1.0,1.0,1.0,1.0,ixi,mra,HH,IXI-HH,IXI160-HH-1637-MRA_IXI-HH,train,0.46875,0.46875,0.80000001
junction_only,239,295,0,78,161,25,8,64,295,2626.304595432152,4100.798277628488,-0.3595625979069234,0.05828133544237998,0.03926064856160325,0.3595625979069223,0.7694382794793764,1,27.524807766159004,2.322085308467254,8.824798697390627,0.31706460674157305,0.21684380776340112,0.2575479043408389,0.47963483146067415,0.35351201478743066,0.4070271078752903,0.6848665730337079,0.5247227356746765,0.5941935154141246,ixi,mra,HH,IXI-HH,IXI202-HH-1526-MRA_IXI-HH,train,0.46875,0.46875,0.80000001
adaptive,1076,1132,837,78,161,25,8,64,295,3500.695211817505,4100.798277628488,-0.14633810911519052,0.26238793697071494,0.03926064856160325,0.14633810911519063,0.26368403321249045,1,18.223688150250357,0.28779059961622244,0.6503852696606349,0.9003625621055459,0.8542051756007394,0.876676738024515,0.9927487578890829,0.9906423290203327,0.9916944249051165,1.0,1.0,1.0,ixi,mra,HH,IXI-HH,IXI202-HH-1526-MRA_IXI-HH,train,0.46875,0.46875,0.80000001
dense,5720,5776,5481,78,161,25,8,64,295,4100.798277628488,4100.798277628488,0.0,1.3948503712569604,0.03926064856160325,0.0,0.0,1,0.0,3.504008168134097e-15,1.095816346099655e-14,1.0,1.0,1.0,1.0,1.0,1.0,1.0,1.0,1.0,ixi,mra,HH,IXI-HH,IXI202-HH-1526-MRA_IXI-HH,train,0.46875,0.46875,0.80000001
junction_only,422,571,0,103,319,75,10,159,571,3946.7554705968932,5872.363309650211,-0.3279102019946407,0.07186203879901575,0.05432225207792897,0.32791020199464055,0.8171780434803343,2,25.286312261571677,1.912650570019011,8.121312120771456,0.40217391304347827,0.2907502977371973,0.337503533980389,0.5843249427917621,0.4539896784438269,0.5109770920283503,0.751487414187643,0.6171496625645098,0.6777256176457743,ixi,mra,HH,IXI-HH,IXI256-HH-1723-MRA_IXI-HH,train,0.46875,0.46875,0.80000001
adaptive,1621,1770,1199,103,319,75,10,159,571,5002.11219981732,5872.363309650211,-0.14819435786658222,0.27603877936778326,0.05432225207792897,0.14819435786658153,0.2740916651294023,2,18.51093270539283,0.2694043588131264,0.6380848350972423,0.9131396957123098,0.868598650258039,0.8903124400802991,0.9968649147072384,0.9950774116712982,0.9959703611662726,1.0,1.0,1.0,ixi,mra,HH,IXI-HH,IXI256-HH-1723-MRA_IXI-HH,train,0.46875,0.46875,0.80000001
dense,7873,8022,7451,103,319,75,10,159,571,5872.363309650211,5872.363309650211,0.0,1.3406868044186042,0.05432225207792897,0.0,0.0,2,0.0,3.43050568923308e-15,1.1019001402555524e-14,1.0,1.0,1.0,1.0,1.0,1.0,1.0,1.0,1.0,ixi,mra,HH,IXI-HH,IXI256-HH-1723-MRA_IXI-HH,train,0.46875,0.46875,0.80000001
junction_only,383,516,0,91,292,58,4,137,516,3264.4204646471603,5196.884716456577,-0.37185051376837935,0.07369799810782472,0.05618750769578282,0.37185051376837847,0.8319380252957376,1,26.038420337924304,2.1828710549208146,9.989462307597044,0.41552573932092,0.2834765485141425,0.33702837444582445,0.5696878422782037,0.4163981382026495,0.4811283429172223,0.7261774370208105,0.5569280343716434,0.6303902237532245,ixi,mra,HH,IXI-HH,IXI039-HH-1261-MRA_IXI-HH,train,0.46875002,0.46874999,0.8
adaptive,1339,1472,956,91,292,58,4,137,516,4375.659091128037,5196.884716456577,-0.15802267514767593,0.2576543589200452,0.05618750769578282,0.15802267514767576,0.2982964085662037,1,19.909784561343287,0.3048102193983864,0.7209548441589948,0.866519638731359,0.8131936985320444,0.8390101980360779,0.9888678848981306,0.9846043680630147,0.9867315210001115,1.0,0.9999104905119943,0.9999552432529204,ixi,mra,HH,IXI-HH,IXI039-HH-1261-MRA_IXI-HH,train,0.46875002,0.46874999,0.8
dense,7037,7170,6654,91,292,58,4,137,516,5196.884716456577,5196.884716456577,0.0,1.3540804508740536,0.05618750769578282,0.0,0.0,1,0.0,1.832503648578255e-15,4.051306309413751e-15,1.0,1.0,1.0,1.0,1.0,1.0,1.0,1.0,1.0,ixi,mra,HH,IXI-HH,IXI039-HH-1261-MRA_IXI-HH,train,0.46875002,0.46874999,0.8
junction_only,232,295,0,65,167,21,4,67,295,2203.7702125776896,3335.198593864497,-0.3392386838277659,0.06956107514160992,0.05007198081314162,0.339238683827765,0.709363369148163,1,25.371963691901136,2.2718045517227345,10.13117218434177,0.3597938144329897,0.2531663383056572,0.29720588569437717,0.5082474226804123,0.38333802420489727,0.43704294074823063,0.6911340206185567,0.5527723050942865,0.6142580639863968,ixi,mra,IOP,IXI-IOP,IXI332-IOP-1134-MRA_IXI-IOP,train,0.45999998,0.46000002,0.80000001
adaptive,833,896,601,65,167,21,4,67,295,2820.7863109612367,3335.198593864497,-0.15423737700345166,0.24976023962483215,0.05007198081314162,0.15423737700345083,0.2707355754379264,1,18.45040218101317,0.2868497595476471,0.667026453311971,0.8954635108481263,0.8398536448072051,0.8667675426670293,0.9955621301775148,0.9933858710948494,0.9944728100310001,1.0,1.0,1.0,ixi,mra,IOP,IXI-IOP,IXI332-IOP-1134-MRA_IXI-IOP,train,0.45999998,0.46000002,0.80000001
dense,4680,4743,4448,65,167,21,4,67,295,3335.198593864497,3335.198593864497,0.0,1.4032147916497173,0.05007198081314162,0.0,0.0,1,0.0,1.5588480621006802e-15,3.584568170825494e-15,1.0,1.0,1.0,1.0,1.0,1.0,1.0,1.0,1.0,ixi,mra,IOP,IXI-IOP,IXI332-IOP-1134-MRA_IXI-IOP,train,0.45999998,0.46000002,0.80000001
junction_only,261,346,0,60,201,28,2,87,346,2421.3048646265747,3754.385693380425,-0.35507295670348477,0.0695186966166487,0.053537387049603015,0.35507295670348393,0.6717894873195446,4,26.67048190699641,2.3849620814673758,10.933578690499079,0.3863932898415657,0.27020958083832336,0.3180222735813516,0.5297297297297298,0.3994510978043912,0.4554573572976433,0.707735321528425,0.5595059880239521,0.6249514553326583,ixi,mra,IOP,IXI-IOP,IXI307-IOP-0872-MRA_IXI-IOP,train,0.46,0.46000001,0.79999997
adaptive,965,1050,704,60,201,28,2,87,346,3174.8716867210055,3754.385693380425,-0.1543565456477192,0.25703272886998463,0.053537387049603015,0.15435654564771822,0.2630500309193569,4,18.46001382101457,0.2689828417823269,0.634661070866448,0.9212861923468646,0.8685129740518962,0.89412155943518,0.9960715844609341,0.9938872255489022,0.9949782061298881,1.0,1.0,1.0,ixi,mra,IOP,IXI-IOP,IXI307-IOP-0872-MRA_IXI-IOP,train,0.46,0.46000001,0.79999997
dense,5012,5097,4751,60,201,28,2,87,346,3754.385693380425,3754.385693380425,0.0,1.3349720591672154,0.053537387049603015,0.0,0.0,4,0.0,1.9056790887924062e-15,4.305668810418408e-15,1.0,1.0,1.0,1.0,1.0,1.0,1.0,1.0,1.0,ixi,mra,IOP,IXI-IOP,IXI307-IOP-0872-MRA_IXI-IOP,train,0.46,0.46000001,0.79999997
junction_only,372,486,0,95,277,43,4,118,486,3401.6919942721747,5070.661684627469,-0.32914238696204995,0.07336320644853475,0.0546279789952799,0.32914238696205006,0.6364293047662396,2,25.4306483805622,2.0135766441173493,8.965983129684677,0.4106171201061712,0.2987216039731445,0.345843813605849,0.5786330457863305,0.44964591189184216,0.5060494170002824,0.7474452554744525,0.6150096569484043,0.6747908440354838,ixi,mra,IOP,IXI-IOP,IXI293-IOP-0876-MRA_IXI-IOP,train,0.46000001,0.46,0.79999999
adaptive,1250,1364,878,95,277,43,4,118,486,4232.133453759767,5070.661684627469,-0.1653686013819136,0.24651615070072158,0.0546279789952799,0.16536860138191378,0.280476912731639,2,20.66848458035958,0.2870297149006252,0.6649461899313849,0.8995215311004785,0.8376712958705049,0.8674953694509405,0.9983688560243584,0.9959532787639106,0.9971596044876665,1.0,0.9999080290628162,0.9999540124166475,ixi,mra,IOP,IXI-IOP,IXI293-IOP-0876-MRA_IXI-IOP,train,0.46000001,0.46,0.79999999
dense,6912,7026,6540,95,277,43,4,118,486,5070.661684627469,5070.661684627469,0.0,1.36313570691471,0.0546279789952799,0.0,0.0,2,0.0,1.991803741585426e-15,4.517916865610133e-15,1.0,1.0,1.0,1.0,1.0,1.0,1.0,1.0,1.0,ixi,mra,IOP,IXI-IOP,IXI293-IOP-0876-MRA_IXI-IOP,train,0.46000001,0.46,0.79999999
junction_only,233,296,0,67,166,26,2,65,296,2287.930012649284,3428.686318510229,-0.3327094402606669,0.0679560561554196,0.048415044299569325,0.33270944026066696,0.617626601520904,0,23.36171196572345,2.066578313966281,8.722009464976914,0.37420508744038156,0.2666483591926404,0.31140090793536734,0.549483306836248,0.417822325964575,0.4746925595300474,0.7243640699523053,0.5839626527529864,0.6466298616505162,ixi,mra,IOP,IXI-IOP,IXI563-IOP-1153-MRA_IXI-IOP,train,0.46000001,0.46,0.80000001
adaptive,861,924,628,67,166,26,2,65,296,2873.5989157693357,3428.686318510229,-0.16189506743273024,0.25111658519234453,0.048415044299569325,0.16189506743273036,0.27269241931771965,0,17.56905011828171,0.2847018905407798,0.6815574189317823,0.8957828405235094,0.835370039818756,0.8645223141807491,0.998061076102763,0.9954689001784979,0.9967633028446724,1.0,1.0,1.0,ixi,mra,IOP,IXI-IOP,IXI563-IOP-1153-MRA_IXI-IOP,train,0.46000001,0.46,0.80000001
dense,4686,4749,4453,67,166,26,2,65,296,3428.686318510229,3428.686318510229,0.0,1.3667042023360354,0.048415044299569325,0.0,0.0,0,0.0,1.6354758550228512e-15,3.8737033208500316e-15,1.0,1.0,1.0,1.0,1.0,1.0,1.0,1.0,1.0,ixi,mra,IOP,IXI-IOP,IXI563-IOP-1153-MRA_IXI-IOP,train,0.46000001,0.46,0.80000001
junction_only,250,325,0,67,183,31,2,77,325,2793.816173737706,4198.21135544967,-0.33452226741489044,0.05954916959468386,0.04358999214330859,0.3345222674148903,0.6677680210387028,1,26.594711467380975,2.371130326446636,9.928598906176925,0.3423823626192827,0.2447875577594951,0.2854742365257212,0.5102007239223428,0.38938352304744733,0.44167904453958595,0.6885488647581441,0.5566324805589992,0.6156029626010682,ixi,mra,IOP,IXI-IOP,IXI423-IOP-0974-MRA_IXI-IOP,train,0.46000002,0.46000003,0.80000002
adaptive,959,1034,709,67,183,31,2,77,325,3513.8562562524794,4198.21135544967,-0.1630111114603208,0.22843061456520727,0.04358999214330859,0.16301111146032135,0.2788533311408226,1,19.66265946347865,0.29171921130894296,0.6815650049781211,0.8974461292897047,0.8425560689732897,0.8691353189834757,0.9918861399308326,0.988053645892032,0.9899661837050557,1.0,1.0,1.0,ixi,mra,IOP,IXI-IOP,IXI423-IOP-0974-MRA_IXI-IOP,train,0.46000002,0.46000003,0.80000002
dense,5930,6005,5680,67,183,31,2,77,325,4198.21135544967,4198.21135544967,0.0,1.412506302785901,0.04358999214330859,0.0,0.0,1,0.0,1.923625787068299e-15,4.891569262728264e-15,1.0,1.0,1.0,1.0,1.0,1.0,1.0,1.0,1.0,ixi,mra,IOP,IXI-IOP,IXI423-IOP-0974-MRA_IXI-IOP,train,0.46000002,0.46000003,0.80000002
junction_only,313,397,0,94,219,37,4,88,397,3294.5752620528137,5161.925600135291,-0.3617546014288805,0.06063628658107674,0.04242602799123261,0.3617546014288803,0.7720888674689844,1,26.445375723571605,2.5269975243247753,10.87693849545506,0.34025358785007664,0.23245372915521348,0.2762081538185089,0.4953323115507872,0.36457760674363204,0.4200139220307192,0.6746551483906925,0.522081729888217,0.5886425551727928,ixi,mra,IOP,IXI-IOP,IXI475-IOP-1139-MRA_IXI-IOP,train,0.46000004,0.46000001,0.79999998
adaptive,1285,1369,972,94,219,37,4,88,397,4298.117633182743,5161.925600135291,-0.16734219627844074,0.2489381094462735,0.04242602799123261,0.1673421962784403,0.30778464723618343,1,19.625645974367796,0.2898628852980781,0.6731818100340529,0.9005873395692843,0.8461608942642478,0.8725261876356123,0.9967370023928649,0.9942275975810885,0.9954807185644569,1.0,1.0,1.0,ixi,mra,IOP,IXI-IOP,IXI475-IOP-1139-MRA_IXI-IOP,train,0.46000004,0.46000001,0.79999998
dense,7178,7262,6865,94,219,37,4,88,397,5161.925600135291,5161.925600135291,0.0,1.3905663421053316,0.04242602799123261,0.0,0.0,1,0.0,1.7444613002823115e-15,4.140095437516325e-15,1.0,1.0,1.0,1.0,1.0,1.0,1.0,1.0,1.0,ixi,mra,IOP,IXI-IOP,IXI475-IOP-1139-MRA_IXI-IOP,train,0.46000004,0.46000001,0.79999998
junction_only,130,146,0,54,76,10,6,22,146,1525.360362691834,2432.8482355580636,-0.3730145841415643,0.05343531014386506,0.03123910439179803,0.3730145841415641,0.8408783851464512,1,25.500874374261848,3.93056538782775,17.244155916833346,0.28860294117647056,0.19261006289308177,0.23103212166350331,0.44669117647058826,0.31977201257861637,0.37272327893085555,0.6151960784313726,0.46540880503144655,0.5299211138214862,topbrain,ct,CT,TopBrain-CT,topcow_ct_005,train,0.3984375,0.3984375,0.75
adaptive,461,477,331,54,76,10,6,22,146,2016.390256100882,2432.8482355580636,-0.17118124072447602,0.1894898305870907,0.03123910439179803,0.17118124072447596,0.31732645699390705,1,18.87787503538447,0.3563830812576553,0.8831407847358638,0.7898448519040903,0.7382075471698113,0.7631537126896945,0.9814292430653503,0.9685534591194969,0.9749488415327147,1.0,1.0,1.0,topbrain,ct,CT,TopBrain-CT,topcow_ct_005,train,0.3984375,0.3984375,0.75
dense,3860,3876,3730,54,76,10,6,22,146,2432.8482355580636,2432.8482355580636,0.0,1.5866176704255317,0.03123910439179803,0.0,0.0,1,0.0,3.9338105552197765e-15,1.1717810825941526e-14,1.0,1.0,1.0,1.0,1.0,1.0,1.0,1.0,1.0,topbrain,ct,CT,TopBrain-CT,topcow_ct_005,train,0.3984375,0.3984375,0.75
junction_only,127,145,0,49,78,6,6,24,145,1466.9011556581506,2474.5116706923777,-0.4071957012642797,0.051323257636713804,0.03152137083199745,0.40719570126427984,1.6726554560215317,0,29.22979867323506,2.7484709776584513,11.806635729560261,0.2760152284263959,0.17169957413859852,0.21170484828765676,0.4403553299492386,0.29287650019357336,0.351784313160545,0.6491116751269036,0.4612853271389857,0.5393128598143495,topbrain,ct,CT,TopBrain-CT,topcow_ct_015,train,0.43164062,0.43164062,0.75
adaptive,542,560,415,49,78,6,6,24,145,2070.8392243469834,2474.5116706923777,-0.16313216507580472,0.21903311526849512,0.03152137083199745,0.16313216507580441,0.4587880695970991,0,19.013279994672157,0.3479125486261363,0.8956384342168507,0.8138041733547352,0.7655826558265583,0.7889572698065581,0.9713368493464801,0.9643825009678668,0.9678471829120131,1.0,1.0,1.0,topbrain,ct,CT,TopBrain-CT,topcow_ct_015,train,0.43164062,0.43164062,0.75
dense,3738,3756,3611,49,78,6,6,24,145,2474.5116706923777,2474.5116706923777,0.0,1.5106010791026472,0.03152137083199745,0.0,0.0,0,0.0,3.695996338541717e-15,1.1179193372657326e-14,1.0,1.0,1.0,1.0,1.0,1.0,1.0,1.0,1.0,topbrain,ct,CT,TopBrain-CT,topcow_ct_015,train,0.43164062,0.43164062,0.75
junction_only,124,146,0,45,79,9,8,30,146,1487.937903032938,2256.9974841940507,-0.34074454515208974,0.05494024732786933,0.03500225434598127,0.3407445451520891,0.655056453521514,1,27.854636644366643,4.8762204609609485,30.173264732907256,0.2841512972804001,0.19721283783783783,0.2328311547274126,0.43201000312597687,0.32432432432432434,0.3705011058734166,0.6001875586120663,0.4721283783783784,0.528511363107565,topbrain,ct,CT,TopBrain-CT,topcow_ct_020,train,0.4609375,0.4609375,0.75
adaptive,453,475,329,45,79,9,8,30,146,1904.3798546994128,2256.9974841940507,-0.15623306271453546,0.20070912935100652,0.03500225434598127,0.15623306271453485,0.25745785029721047,1,19.3599810344722,0.3737534830474986,0.979579608156206,0.7739692001987084,0.7202280405405406,0.7461321775993327,0.9632389468455043,0.9533361486486487,0.9582619642433677,1.0,1.0,1.0,topbrain,ct,CT,TopBrain-CT,topcow_ct_020,train,0.4609375,0.4609375,0.75
dense,3216,3238,3092,45,79,9,8,30,146,2256.9974841940507,2256.9974841940507,0.0,1.4249018984389337,0.03500225434598127,0.0,0.0,1,0.0,3.780406389434228e-15,1.1111546800068555e-14,1.0,1.0,1.0,1.0,1.0,1.0,1.0,1.0,1.0,topbrain,ct,CT,TopBrain-CT,topcow_ct_020,train,0.4609375,0.4609375,0.75
junction_only,172,211,0,53,119,12,4,43,211,2328.146268548611,3467.3718970497894,-0.32855593871268546,0.04960529331922718,0.03431994130806997,0.328555938712685,0.6767728777255876,0,27.268373866602026,4.933384064564379,23.83495057455718,0.2621437173825773,0.18709499517441058,0.21835062815283837,0.40385387394620637,0.3012546532469323,0.34508973885879446,0.5794861501405059,0.45608713635736936,0.5104345239922954,topbrain,ct,CT,TopBrain-CT,topcow_ct_022,test,0.48632812,0.48632812,0.70001221
adaptive,653,692,481,53,119,12,4,43,211,2950.5099651078062,3467.3718970497894,-0.1490644636018867,0.18832707289218226,0.03431994130806997,0.14906446360188697,0.2534653866355717,0,18.613358332033787,0.3693607679658212,0.9089794920499514,0.7736030828516378,0.7286640011029919,0.7504613841799492,0.9722222222222222,0.963877016407004,0.9680316340639842,1.0,0.9998621260168207,0.9999310582557739,topbrain,ct,CT,TopBrain-CT,topcow_ct_022,test,0.48632812,0.48632812,0.70001221
dense,4772,4811,4600,53,119,12,4,43,211,3467.3718970497894,3467.3718970497894,0.0,1.3762584867404193,0.03431994130806997,0.0,0.0,0,0.0,5.1555855405041656e-15,1.562998053668199e-14,1.0,1.0,1.0,1.0,1.0,1.0,1.0,1.0,1.0,topbrain,ct,CT,TopBrain-CT,topcow_ct_022,test,0.48632812,0.48632812,0.70001221
junction_only,180,228,0,50,130,9,6,54,228,1956.535911648928,3042.9860300212954,-0.35703421167686533,0.05915242404144074,0.04272119514104054,0.35703421167686483,0.805632955623893,2,28.427282381533956,4.3493072352916435,18.827679324532923,0.32635294117647057,0.22812742812742812,0.2685399204515592,0.4623529411764706,0.3418803418803419,0.3930933596729223,0.6407058823529411,0.4905982905982906,0.5556935405597103,topbrain,ct,CT,TopBrain-CT,topcow_ct_012,train,0.49804688,0.49804688,0.5
adaptive,637,685,457,50,130,9,6,54,228,2607.0122614972097,3042.9860300212954,-0.14327169570378695,0.20933385619109862,0.04272119514104054,0.14327169570378653,0.2717845419839382,2,20.48423569239648,0.35701326391675103,0.9148475152673199,0.789947757160872,0.7398601398601399,0.7640839862748063,0.9735182849936949,0.963014763014763,0.9682380390852455,1.0,1.0,1.0,topbrain,ct,CT,TopBrain-CT,topcow_ct_012,train,0.49804688,0.49804688,0.5
dense,4503,4551,4323,50,130,9,6,54,228,3042.9860300212954,3042.9860300212954,0.0,1.4797964747700427,0.04272119514104054,0.0,0.0,2,0.0,4.7807812928534575e-15,1.3937577018350704e-14,1.0,1.0,1.0,1.0,1.0,1.0,1.0,1.0,1.0,topbrain,ct,CT,TopBrain-CT,topcow_ct_012,train,0.49804688,0.49804688,0.5
junction_only,134,148,0,58,76,10,8,22,148,1901.9682643750943,2881.500650578008,-0.33993828389607567,0.046503546675625625,0.02637514587572797,0.3399382838960763,0.6665592988504259,0,24.66565027965531,4.981432013491073,28.04877230464932,0.24216807558428644,0.1688116329600535,0.1989430983586699,0.4062655395325709,0.29934815310045126,0.34470657300774155,0.5994530084535057,0.46113989637305697,0.5212776682566461,topbrain,ct,CT,TopBrain-CT,topcow_ct_014,train,0.55273438,0.55273438,0.75
adaptive,555,569,421,58,76,10,8,22,148,2459.4044806533275,2881.500650578008,-0.14648484283354615,0.1926079731714345,0.02637514587572797,0.14648484283354657,0.24553350396856505,0,17.453423933365215,0.39318797497157437,1.0002591279911914,0.7543723280217645,0.7028246698980445,0.727686761884604,0.961912164788185,0.9498579308039445,0.9558470451729246,1.0,0.9998328597693464,0.9999164229001254,topbrain,ct,CT,TopBrain-CT,topcow_ct_014,train,0.55273438,0.55273438,0.75
dense,3566,3580,3432,58,76,10,8,22,148,2881.500650578008,2881.500650578008,0.0,1.2375496078006043,0.02637514587572797,0.0,0.0,0,0.0,3.730322024467906e-15,1.0757375506330907e-14,1.0,1.0,1.0,1.0,1.0,1.0,1.0,1.0,1.0,topbrain,ct,CT,TopBrain-CT,topcow_ct_014,train,0.55273438,0.55273438,0.75
junction_only,180,219,0,56,124,9,5,44,219,2143.6818396956633,3428.300689587411,-0.3747100870683397,0.05250414601808531,0.03616952281245877,0.3747100870683397,0.77924977194685,0,27.178384250709588,3.947733147068197,14.909993884026383,0.27503250975292587,0.18837758932295287,0.22360307328655926,0.3810143042912874,0.2741554288891978,0.3188704688747321,0.5177719982661465,0.38481857361323507,0.4415031311811212,topbrain,mr,MR,TopBrain-MR,topcow_mr_002,train,0.29687497,0.296875,0.60000159
adaptive,756,795,576,56,124,9,5,44,219,2886.2015608768256,3428.300689587411,-0.15812473227831886,0.2205174132759583,0.03616952281245877,0.1581247322783186,0.29116769699688333,0,21.936516847621927,0.30863763437749225,0.9056980536956405,0.8608196721311475,0.8271931044070624,0.8436714541760049,0.9698360655737704,0.961768385930766,0.9657853777234776,1.0,1.0,1.0,topbrain,mr,MR,TopBrain-MR,topcow_mr_002,train,0.29687497,0.296875,0.60000159
dense,6939,6978,6759,56,124,9,5,44,219,3428.300689587411,3428.300689587411,0.0,2.024034828997189,0.03616952281245877,0.0,0.0,0,0.0,1.5396193067791853e-15,3.948889003507199e-15,1.0,1.0,1.0,1.0,1.0,1.0,1.0,1.0,1.0,topbrain,mr,MR,TopBrain-MR,topcow_mr_002,train,0.29687497,0.296875,0.60000159
junction_only,182,224,0,52,130,6,4,46,224,2063.0914144691396,3315.4420079123383,-0.377732619196611,0.054894641367773896,0.0392104581198385,0.37773261919661094,0.9343484939923931,2,25.95059111016174,3.1224736138790625,14.27946417310875,0.3096093399191738,0.21058671639649978,0.25067323547605325,0.45038167938931295,0.32018361784535937,0.3742832334537951,0.6331387516838797,0.47496772342562044,0.5427645776911739,topbrain,mr,MR,TopBrain-MR,topcow_mr_001,train,0.29687499,0.29687499,0.59999418
adaptive,692,734,510,52,130,6,4,46,224,2789.7250246133194,3315.4420079123383,-0.15856618274256937,0.20872028476098647,0.0392104581198385,0.158566182742569,0.31527790448177073,2,18.119134090641108,0.3324186054623963,0.9251957093737484,0.8214708368554522,0.779658585568785,0.8000187639785051,0.9687235841081995,0.9595466934442691,0.9641133017642661,1.0,1.0,1.0,topbrain,mr,MR,TopBrain-MR,topcow_mr_001,train,0.29687499,0.29687499,0.59999418
dense,6830,6872,6648,52,130,6,4,46,224,3315.4420079123383,3315.4420079123383,0.0,2.060057145834592,0.0392104581198385,0.0,0.0,2,0.0,2.0109658864583758e-15,4.924345702383808e-15,1.0,1.0,1.0,1.0,1.0,1.0,1.0,1.0,1.0,topbrain,mr,MR,TopBrain-MR,topcow_mr_001,train,0.29687499,0.29687499,0.59999418
junction_only,141,157,0,55,86,1,5,21,157,1949.2655374147496,3106.1547753018804,-0.3724506090572049,0.0453937457080826,0.02768696546734116,0.3724506090572046,0.7637978881133963,1,23.373141744188743,4.480558584747676,19.973234385082883,0.24080348499515972,0.16385056580375135,0.1950099705468128,0.3700387221684414,0.2584095489071462,0.3043099764124348,0.5539690222652468,0.40923887769338085,0.47073048499387665,topbrain,mr,MR,TopBrain-MR,topcow_mr_026,train,0.29687499,0.296875,0.60000068
adaptive,610,626,469,55,86,1,5,21,157,2621.0483581546187,3106.1547753018804,-0.15617586766909106,0.19638428994276869,0.02768696546734116,0.15617586766909095,0.278694125615733,1,17.25818560379246,0.3178772882160582,0.8568843603273432,0.8469965309475991,0.8065416214540382,0.8262741980815097,0.9758992148986672,0.9702371725313905,0.9730599572101323,1.0,1.0,1.0,topbrain,mr,MR,TopBrain-MR,topcow_mr_026,train,0.29687499,0.296875,0.60000068
dense,6379,6395,6238,55,86,1,5,21,157,3106.1547753018804,3106.1547753018804,0.0,2.0536645664670843,0.02768696546734116,0.0,0.0,1,0.0,1.657518165132014e-15,3.890764595480043e-15,1.0,1.0,1.0,1.0,1.0,1.0,1.0,1.0,1.0,topbrain,mr,MR,TopBrain-MR,topcow_mr_026,train,0.29687499,0.296875,0.60000068
junction_only,105,114,0,44,61,1,6,15,114,1377.204854168121,2094.9309825667424,-0.34260132403944493,0.05012098292200173,0.02911790436421053,0.3426013240394453,0.6046304306081621,0,23.032961410954773,4.236879568652542,17.6368734328934,0.2546075085324232,0.18219366681964203,0.2123981261815355,0.3771331058020478,0.2771913721890776,0.319529672544563,0.5583617747440273,0.4359798072510326,0.48963950283727536,topbrain,mr,MR,TopBrain-MR,topcow_mr_013,train,0.296875,0.296875,0.59999847
adaptive,410,419,305,44,61,1,6,15,114,1764.2065424133496,2094.9309825667424,-0.1578688953982551,0.19571050474305438,0.02911790436421053,0.15786889539825547,0.2597292966175435,0,18.95233090529254,0.3437468153803428,1.0438120807135238,0.8069133135295706,0.7705369435520881,0.7883057047628692,0.9522009181744532,0.942634235888022,0.9473934268011309,1.0,1.0,1.0,topbrain,mr,MR,TopBrain-MR,topcow_mr_013,train,0.296875,0.296875,0.59999847
dense,4251,4260,4146,44,61,1,6,15,114,2094.9309825667424,2094.9309825667424,0.0,2.0291837942993274,0.02911790436421053,0.0,0.0,0,0.0,1.3358969014669802e-15,3.7511526825955596e-15,1.0,1.0,1.0,1.0,1.0,1.0,1.0,1.0,1.0,topbrain,mr,MR,TopBrain-MR,topcow_mr_013,train,0.296875,0.296875,0.59999847
junction_only,131,142,0,57,74,5,8,19,142,1497.595372351808,2351.3145558375527,-0.36308165632974815,0.05571351552040088,0.03147175685885241,0.36308165632974804,0.7315124715676689,0,23.051749642085117,3.249171833248788,12.485275619189215,0.28023690773067333,0.19393569393569393,0.22923272654787819,0.41677057356608477,0.3052503052503053,0.3523979666874539,0.5972568578553616,0.4536019536019536,0.5156104218218486,topbrain,mr,MR,TopBrain-MR,topcow_mr_024,train,0.296875,0.29687498,0.6000002
adaptive,506,517,375,57,74,5,8,19,142,1970.295476779248,2351.3145558375527,-0.16204513263117334,0.21519876987269349,0.03147175685885241,0.16204513263117287,0.2848571644263194,0,18.637664829490234,0.3018551458656355,0.767885553927078,0.8617200674536256,0.820919820919821,0.8408252869137317,0.9795230065044568,0.9743589743589743,0.9769341662662182,1.0,1.0,1.0,topbrain,mr,MR,TopBrain-MR,topcow_mr_024,train,0.296875,0.29687498,0.6000002
dense,4856,4867,4725,57,74,5,8,19,142,2351.3145558375527,2351.3145558375527,0.0,2.0652277203592875,0.03147175685885241,0.0,0.0,0,0.0,1.3712900437774273e-15,3.3186599685753876e-15,1.0,1.0,1.0,1.0,1.0,1.0,1.0,1.0,1.0,topbrain,mr,MR,TopBrain-MR,topcow_mr_024,train,0.296875,0.29687498,0.6000002
junction_only,161,187,0,63,98,15,12,38,187,1705.8785107439967,2675.698342560964,-0.3624548464191721,0.06017120743360916,0.036625952350892534,0.3624548464191722,0.7723037157642483,0,25.674497733198862,2.6423124555335793,11.42839585660277,0.3125845737483085,0.2165955934612651,0.2558842732707258,0.4462787550744249,0.322316986496091,0.37430138027799265,0.6286874154262517,0.47334754797441364,0.5400693379384085,topbrain,mr,MR,TopBrain-MR,topcow_mr_006,train,0.3515625,0.3515625,0.50000078
adaptive,700,726,539,63,98,15,12,38,187,2288.4442829917875,2675.698342560964,-0.14473008911704452,0.2616139453635181,0.036625952350892534,0.14473008911704457,0.25972389751533304,0,16.82505004948507,0.2747225696885241,0.6719185827123351,0.8998148529109237,0.8711798152096659,0.8852658355134859,0.9821024480559556,0.9786780383795309,0.9803872529335903,1.0,1.0,1.0,topbrain,mr,MR,TopBrain-MR,topcow_mr_006,train,0.3515625,0.3515625,0.50000078
dense,5062,5088,4901,63,98,15,12,38,187,2675.698342560964,2675.698342560964,0.0,1.891842559185898,0.036625952350892534,0.0,0.0,0,0.0,1.7825931965305754e-15,4.26585875885479e-15,1.0,1.0,1.0,1.0,1.0,1.0,1.0,1.0,1.0,topbrain,mr,MR,TopBrain-MR,topcow_mr_006,train,0.3515625,0.3515625,0.50000078
